File_ID,Max_Temp,Avg_Temp,Avg_Discharge_Load,Cutoff_Voltage,Capacity_Ah,Battery_ID,Cycle_in_Battery,RUL
1,12.376815880696888,8.272422519178683,1.00110134824347,2.470611866932728,1.7059340104658989,1,1,215
5,11.314903320182369,8.210715424489035,0.9981417400029184,2.477661652422805,1.5485357022434825,1,2,214
7,11.624528187721143,7.954455063989402,1.0003069695936524,2.4707098734854784,1.5323186894261,1,3,213
9,11.0929238810592,7.985864710265717,0.9982799264042614,2.465457800547402,1.5116230165004456,1,4,212
11,11.020979145558456,8.009426990342208,0.9986834889880236,2.465765118194009,1.4952409164579814,1,5,211
13,11.05909419348262,8.033626730077737,1.0016128378277855,2.4700482803033514,1.4770248547106506,1,6,210
17,11.877028657628198,8.150799939416203,0.9983585499996894,2.484128874181115,1.474082739283937,1,7,209
21,11.559250858608888,8.230899786348077,1.001368895703553,2.483034750266961,1.4631523705935607,1,8,208
23,11.34743713793976,8.146945225413083,1.0008569581108415,2.49830336362436,1.443800726312955,1,9,207
25,11.693269060729056,8.251894856354932,0.9983176454232487,2.49851157426792,1.4283416080016382,1,10,206
27,11.557441727679937,8.23497518866995,0.9987614170997864,2.4919375577484737,1.4131225186689385,1,11,205
29,11.667407771157473,8.269239827690175,0.9997148821455012,2.4683068422721184,1.401241510591274,1,12,204
33,11.311016339650983,8.236583239584068,0.997480494103194,2.479195639185483,1.4384289999323763,1,13,203
37,11.175603921563273,8.16126508624072,0.9986334774069276,2.4933737831605582,1.4343850906893785,1,14,202
39,11.15023736338702,8.25301239256121,0.9987804112417712,2.491571322470993,1.4154048242881148,1,15,201
41,11.81131136026599,8.291638340695691,0.999389466856038,2.471859124111365,1.3991543469547225,1,16,200
43,11.699803023226297,8.318107121376224,0.9976329826755008,2.488914813470205,1.3784536192991452,1,17,199
45,11.234017863419322,8.303021352537922,0.9979036135281564,2.472852533936716,1.3617122523873122,1,18,198
49,11.729632241368254,8.32601397527908,0.9983031482652808,2.4822189935935484,1.3478089993292992,1,19,197
51,8.565277404002732,7.192903163731922,0.9986297932484944,3.452630071948054,0.6545397527843895,1,20,196
53,12.186162994585318,8.388106987601862,0.9989433150461876,2.481264290061195,1.372173191207323,1,21,195
55,11.147409475641334,8.304841644444155,0.9988068791837494,2.487540187711501,1.321628995162735,1,22,194
57,11.681014963080823,8.319029412369582,0.9985415333431112,2.4907582384317,1.310802042918047,1,23,193
61,11.29683746494969,8.401755924951388,0.9978750591581058,2.493163832069928,1.2969083287522991,1,24,192
63,11.88239860330653,8.395347720509116,0.999192550425453,2.479240941037315,1.2951907543558687,1,25,191
65,11.79170575767619,8.419292173692186,0.9986749467627316,2.4915265338912347,1.2784596639545633,1,26,190
67,11.72661603963688,8.293327119939335,0.9974120790687706,2.495727313119633,1.26702976579965,1,27,189
69,12.464631760563272,8.49190236531868,1.0012611494596309,2.4979742120513757,1.2613595677836171,1,28,188
73,11.863547747838409,8.437149776270967,0.9975908962365796,2.495109477398993,1.2512925480917474,1,29,187
75,12.460832791038596,8.429621946088576,0.9986484518139436,2.4851956352139384,1.2507704292296618,1,30,186
77,12.213639136225725,8.46306110156025,0.9987472813404836,2.4873308484835266,1.2408674714167318,1,31,185
79,11.534784991217848,8.459204966688853,0.9988826270225112,2.488620645344286,1.2255165322797974,1,32,184
81,12.42977502748968,8.493224799915222,0.9976143324063644,2.476969143594387,1.2238235028517217,1,33,183
85,12.428323073625249,8.466232868159803,0.9986321522662404,2.4790054948940434,1.2951554189056111,1,34,182
89,12.48741336421358,8.553128334903379,0.9975353876339268,2.479600589435018,1.30248493900886,1,35,181
91,11.343734065329729,8.342818484380935,1.0005201322759871,2.46837363838224,1.2804196707963862,1,36,180
93,12.641653349352346,8.481468325698998,0.9990584594637684,2.497016493627855,1.2672449550468228,1,37,179
95,11.969937687736325,8.425193812256257,0.9979572313546616,2.4751740867556524,1.2507272535988154,1,38,178
97,11.438399477589398,8.471726206300676,0.9985176632293312,2.499811739255094,1.2338753472075337,1,39,177
101,12.144441411939049,8.510483818712029,0.9982543809866457,2.494550023378076,1.2283008633123607,1,40,176
103,12.67224284322037,8.530222967717657,1.0001312935854785,2.477337702429082,1.2273625166557471,1,41,175
105,11.984785271459067,8.420605358837513,0.9979392762794396,2.478325379623597,1.209281897778048,1,42,174
107,12.101959002780742,8.51215713252602,0.999100265494274,2.494831087986124,1.1997966451615996,1,43,173
109,12.396974763839234,8.54602737861718,1.0171989370447034,2.495678140540268,1.193874692924671,1,44,172
113,11.455115215105929,8.4485741292899,0.9986136164374132,2.4729308126474736,1.1871701461160546,1,45,171
115,11.39345446641458,8.334392904335672,0.9974310644719284,2.494578415325497,1.1780263102321438,1,46,170
117,12.6352725981059,8.548983420432004,0.9979515372361276,2.492546798627854,1.1803440003886885,1,47,169
119,12.45444631401429,8.545644001542279,0.9976588428393416,2.4752083843332136,1.174668879307302,1,48,168
121,12.18400994607025,8.530684068571667,0.9980113940759702,2.4974098896142385,1.1632553688835034,1,49,167
125,12.849012968534735,8.5880890540764,0.9999712649338626,2.470530852621601,1.170754824789683,1,50,166
127,11.44307926801482,8.520717953543993,0.9974683513415104,2.4800604125308974,1.1557056003379853,1,51,165
129,12.895633770945397,8.509426489984776,0.998613125908309,2.482310382215253,1.1589066184592067,1,52,164
131,11.573902587010837,8.454153696786289,1.000314056557349,2.499914991218416,1.1408248352146786,1,53,163
133,10.553052640742196,8.047459499367323,0.9976532128149662,2.994695135525109,0.9849039662868909,1,54,162
137,11.984288635557064,8.476574571858773,0.9989815716960124,2.47468810834507,1.233905749900473,1,55,161
141,12.836265571184011,8.567006275916873,0.997917941666946,2.4936019875098454,1.236197039951197,1,56,160
143,12.655987301395294,8.607327084258758,0.9980570526982784,2.4794043785439617,1.225739590695446,1,57,159
145,12.20963360823446,8.707959029152644,1.0010833967174453,2.495823360233662,1.2073574320161247,1,58,158
147,12.780134013784457,9.003534328496398,0.9969202436286994,2.4834980820953168,1.2021002149164135,1,59,157
149,12.658108002877777,9.02852617906244,0.997543073671386,2.4920392941768497,1.1909467689430313,1,60,156
153,13.24936801902594,9.027729535660669,0.9975286494682144,2.488243242390158,1.1978008520410302,1,61,155
157,13.102537521023756,9.071608131387514,1.006932903094604,2.498187334581169,1.204570098801115,1,62,154
159,13.019156020970016,9.050284055951,0.9983451614477944,2.4982213366801296,1.194231174285528,1,63,153
161,12.612257184300963,8.986064263951343,0.9976242692758268,2.4715997205282143,1.1835401814163733,1,64,152
163,12.968805846071126,9.036875447987502,0.99985435313252,2.4972991957929973,1.1739495608589763,1,65,151
165,9.05446951177611,7.698431744424151,0.9971825301175916,3.427057522273196,0.5453200095310401,1,66,150
169,13.123905320087225,9.095394308322597,0.9974759876799106,2.475863858583421,1.261190083270381,1,67,149
173,13.179418154583676,9.009063913586548,0.9988968847011238,2.482088014003299,1.238828983563344,1,68,148
175,12.742282067813369,8.958051495293551,0.998023029768851,2.484545959502679,1.2255106191743477,1,69,147
177,13.23162562344335,8.972563208541265,0.998068559065162,2.481724014979985,1.2132197217705258,1,70,146
179,12.857920538298638,9.037146843138395,1.000419995099013,2.475682459777723,1.1985503359136358,1,71,145
181,12.67528068575023,9.009035929017505,0.9976414843513568,2.4992087242533025,1.1884531616634397,1,72,144
185,15.71039018923076,9.485217152757082,1.009116495266992,1.990881848788414,1.2128022183668825,1,73,143
189,16.327881769438125,9.412485833762908,1.0087426406516653,1.987597263698,1.073882002366448,1,74,142
191,16.190453016227536,9.14441346005273,1.0090556479293218,1.9885380767186824,1.0312660192261873,1,75,141
193,16.44564599364816,9.074180330499932,1.007865061542852,1.969241613952096,1.0009278888010236,1,76,140
195,16.652821920677077,9.063698357219925,1.0092390728045402,1.9830542841988097,0.9765239851939249,1,77,139
197,16.626045153527933,9.076577071060372,1.0082097757590034,1.980464521626357,0.9568339226672333,1,78,138
201,16.231693733501764,9.265023738219778,1.0081874076413238,1.9822192378370669,0.9337346551339416,1,79,137
205,16.185673883928935,9.339350112299787,1.0098943079946223,1.9987122390470569,0.9515514914534959,1,80,136
207,16.52621032903044,9.308634523153344,1.0088447706775023,1.97927314966301,0.9348358541352807,1,81,135
209,15.196414604557985,9.254145206672922,1.008540571989902,1.9640518711887227,0.9180568154220529,1,82,134
211,16.354435553014117,9.291749311540086,1.0084157672653469,1.9965583229383292,0.9046016061544674,1,83,133
213,15.57016420519042,9.310447961834724,1.0088566807748427,1.9676140964966768,0.899460272468918,1,84,132
217,16.481904111846188,9.29775486780575,1.0080424431902402,1.98770164017674,0.9171042156644478,1,85,131
221,16.686364651804713,9.245632947295453,1.0087189699625896,1.99572402940065,0.937598187647872,1,86,130
223,16.527315358470222,9.21860683892004,1.010914036070883,1.9723902186884,0.9175910201211442,1,87,129
225,16.325076195754107,9.19413015419709,1.008249683063318,1.976007577264544,0.8965712660816028,1,88,128
227,16.18780234880546,9.188267060937262,1.0084247134366529,1.9786838559411903,0.8824972412677624,1,89,127
229,16.54868871782283,9.211910760834266,1.007946613751651,1.9866467601774969,0.8749430564871185,1,90,126
233,15.893386512216576,9.15685740939557,1.0076971244709267,1.9915335628511552,0.8622476679056046,1,91,125
235,11.62448622814209,8.865755104549711,1.0079890306492827,2.942421777794815,0.6613523832548286,1,92,124
237,16.273556126855052,9.104538013834128,1.0082380238297786,1.9935644864605024,0.8676977964263624,1,93,123
239,16.57769275391533,9.196243634400288,1.008015294958034,1.9937078109097683,0.8543321440659494,1,94,122
241,16.451931737613187,9.224293881462565,1.0101830059414636,1.984098818516829,0.8460947337304512,1,95,121
245,16.660404158556567,9.239291915944644,1.0094830851519123,1.9818309446595743,0.8392317095199604,1,96,120
247,16.192781213892964,9.220514425854448,1.009270147494984,1.9984963466197727,0.8366760241642744,1,97,119
249,14.742856005940368,9.140591023627803,1.0108313950708208,1.9886589228929203,0.8264122469631999,1,98,118
251,14.693521549329,9.05273466167465,1.0080797400452108,1.983664414073366,0.8210877207955982,1,99,117
253,15.86983818237976,9.311519157220646,1.008906381541965,1.9705703151314151,0.8225520449650955,1,100,116
257,14.829662137922766,9.167853966731156,1.0084556602023516,1.971779249329659,0.8113760512283276,1,101,115
259,15.906462051621896,9.287848514483294,1.00994980914745,1.9938420365930107,0.818153552025326,1,102,114
261,16.353770501511462,9.322184761530549,1.0082413706235676,1.9993629637641337,0.8155401711889894,1,103,113
263,15.076528277493722,9.289681276195049,1.0081786693703223,1.9932756058141663,0.8099687976403922,1,104,112
265,16.045850353764667,9.365909184464234,1.0080303326541913,1.9801057444800891,0.8078976204819196,1,105,111
269,16.24823467681854,9.328022708662925,1.0082541248682169,1.9944009127947364,0.8193512672752121,1,106,110
273,15.761879553141288,9.373114023056761,1.0086099504503174,1.9913126738513705,0.8500918362741617,1,107,109
275,16.349393593197068,9.306835708093752,1.0089146761829488,1.9818085465777888,0.8471337462371368,1,108,108
277,16.22246271510604,9.339526786032339,1.011018341220977,1.999993313622792,0.8251184221641766,1,109,107
279,14.780023826016944,9.1327535688995,1.0088132806643768,1.97465958029416,0.8119600860886751,1,110,106
281,16.357147782799643,9.343849839453913,1.0088474838548318,1.978180955008712,0.8173677125530271,1,111,105
285,15.304013119865168,9.257582649630315,1.00822558167956,1.9845097801200728,0.7946373553739461,1,112,104
287,16.298057069520368,9.38425161776499,1.0089040108456189,1.9921664972023336,0.8047276941940891,1,113,103
289,15.088230300481198,9.144982402264807,1.008891006761111,1.9991203083414104,0.773719368090881,1,114,102
291,15.201775291002932,9.26257479341655,1.0086883164534273,1.9790832878431532,0.7876492414399752,1,115,101
293,15.820509282900383,9.40011028670591,1.008109937595666,1.9986367632788744,0.7848625122010218,1,116,100
297,15.58071439830652,9.419332811255556,1.0087699262516547,1.9713723245890475,0.7857271921048167,1,117,99
299,14.525034072927795,9.207828068558017,1.0089150089693268,1.98430560045228,0.7793223757297072,1,118,98
301,16.256345838594637,9.478974220669317,1.0103825696902464,1.9946795397137125,0.7811886492230383,1,119,97
303,15.916519503570711,9.37536325812961,1.008360553211059,1.9789936656967484,0.7745041075561339,1,120,96
305,15.322696472607957,9.348977069227304,1.0094489912636213,1.9690947658783289,0.7680682014640419,1,121,95
309,16.435471374813734,9.539830147989116,1.0088647594062352,1.9951107736579323,0.7692118485234382,1,122,94
311,14.7528730574534,9.436879605277216,1.0085879672096902,1.965197509539028,0.7702463385827433,1,123,93
313,16.57328291132994,9.4879310296259,1.0081206341074491,1.9820270227741767,0.772254737124969,1,124,92
315,14.528444176948046,9.300314416191522,1.012324540932804,1.9731005832473116,0.757368014236517,1,125,91
317,15.828293567742277,10.076022301978172,1.0095045117473536,1.9974420919351863,0.7581106988767381,1,126,90
321,15.05093934814998,9.254842453288928,1.0083299001575527,1.9759474231215743,0.7720259268267412,1,127,89
325,16.878888140585346,9.58411609363967,1.0094473741371577,1.9944210992064384,0.8100889821766182,1,128,88
327,16.752865016509336,9.566905713744635,1.0100876092585305,1.972391693643957,0.7991821304699636,1,129,87
329,16.630725230629476,9.486246140892044,1.0110407655502038,1.9932621672542288,0.7839624596401601,1,130,86
331,15.270710849004711,9.492943245052498,1.0078016297171766,1.9848873247448808,0.7734492665896293,1,131,85
333,16.438070093673065,9.621291466671476,1.0081100082305772,1.9683654551310577,0.7742790059433127,1,132,84
337,15.659914658719188,9.480811280043975,1.009973121232977,1.9924043536128275,0.7467410407470679,1,133,83
341,15.265721279585906,9.448949676434,1.0110530492189724,1.9776141524479487,0.7485153234018784,1,134,82
343,15.459947276103474,9.522656892771677,1.0077262022738762,1.996982635601323,0.7666623097027809,1,135,81
345,16.472719613709117,9.570096566546104,1.0088787623235531,1.9822999400765693,0.7676713276255543,1,136,80
347,15.321947787344948,9.488568418373822,1.0075105897625538,1.9703495135592828,0.7525689042465781,1,137,79
349,11.709111497619928,8.948370017570232,1.00811996758102,2.9329708174243927,0.5513955825712319,1,138,78
353,15.469187485474004,9.378195494421618,1.0068312874472778,1.980504790064301,0.7759812097348777,1,139,77
357,15.90915813248566,9.495184531517388,1.0077613985685372,1.9754246490329652,0.786515083764847,1,140,76
359,16.128312311530546,9.474914433741436,1.007878767792016,1.9843068510361204,0.7753624877007115,1,141,75
361,15.803292200329722,9.411639640493867,1.0110523170001116,1.9881721268958945,0.7589768442629014,1,142,74
363,15.46350630780127,9.476832839675836,1.009350303830025,1.9809529177782503,0.7562396439146417,1,143,73
365,16.26952559815265,9.49822266009937,1.0077970558442526,1.9697892783360584,0.7491616159482564,1,144,72
369,10.85194413164328,7.9114909421254485,1.000740182998641,2.6876065414465464,1.660100520386815,1,145,71
373,10.829468947828506,7.958927971485882,1.0008913420360177,2.6835427959445024,1.5096729705996987,1,146,70
375,11.053444137693344,7.708927821830712,1.00468755228754,2.6769979855651798,1.5008903285707391,1,147,69
377,10.582379295049948,7.711890755969547,1.0003370114328405,2.6934384147921957,1.4803002351015344,1,148,68
379,10.227762694291696,7.733691649876036,1.0024109953994933,2.6967591738883163,1.4638488769174072,1,149,67
381,10.448166696977866,7.713793706750157,1.0007359400857092,2.6855475478766424,1.452945667210907,1,150,66
385,11.087645565750543,7.8513931260036465,1.002031773364646,2.691750203742161,1.453729623984171,1,151,65
389,10.331525897326843,7.905320525605018,1.0007316751284792,2.689384375743919,1.4463824321551688,1,152,64
391,10.695473118282326,7.847675607740912,1.0005511265640192,2.6855540838129546,1.4347231770549402,1,153,63
393,10.588614300598088,7.926506175979814,0.99971357088635,2.689152622424136,1.4192437176921546,1,154,62
395,10.7107611721746,7.937097401174621,1.0019089598735609,2.678956108681276,1.407720865777498,1,155,61
397,10.52686289722462,7.9661274485105595,1.0010368726226484,2.688287422782237,1.392286351869802,1,156,60
401,10.680714357791624,7.886742523689043,1.0014340929938248,2.680621623320638,1.4217028139200774,1,157,59
405,10.479304841863389,7.810373532807223,0.9997588632259335,2.693587841641054,1.4210755268640969,1,158,58
407,10.378581035006627,7.869709498966687,0.9998144854501804,2.6905447145318244,1.406277542895564,1,159,57
409,10.851484720266557,7.873285917762758,1.00055829140422,2.6889512479861937,1.3936169461388426,1,160,56
411,10.70498211965856,7.888295790156799,1.000296719098956,2.6767423992621824,1.3769943044038497,1,161,55
413,10.26828159930382,7.90514873318139,0.9998388108585378,2.692752260117709,1.3565407853521174,1,162,54
417,10.42028909453994,7.9278743808781424,0.9997539612146188,2.69610071870072,1.3460645880164355,1,163,53
419,8.382812028066311,7.084065434295192,0.9993706702918804,3.4429735829245125,0.6555552888931894,1,164,52
421,11.025933551300648,7.950376644939932,0.9998450687021054,2.6813752744142234,1.3744584940464464,1,165,51
423,10.196289899952207,7.891054732187375,1.0005731202327626,2.6946752970811247,1.3204708672123344,1,166,50
425,10.67776116366158,7.911933312913009,1.0035187304131965,2.6954700046169733,1.313381261166544,1,167,49
429,10.197605675555666,7.9731250548171255,1.0002204688393834,2.696945913635699,1.2991162399166147,1,168,48
431,10.817583822184044,7.988820643678426,1.00063095764688,2.678219557836974,1.3016151046440356,1,169,47
433,10.516072793190034,7.990220402102304,1.0004747296268892,2.6929901554909765,1.2847079185589771,1,170,46
435,10.549697060839051,7.882690956878554,1.006586673096361,2.684969781882089,1.2773727677235291,1,171,45
437,11.262651366620426,8.054682377673142,1.0026150245180556,2.6836073579697186,1.2756298002771973,1,172,44
441,10.67022537319244,7.989516678064296,1.0001495156365343,2.6880496504528555,1.2615056295753135,1,173,43
443,11.290252755528313,8.031961049301984,1.000662603416492,2.6866245843324728,1.265259079123324,1,174,42
445,10.973350060572036,8.043229181254354,1.001004029933717,2.698617918096401,1.2512713415680163,1,175,41
447,10.3391489283262,8.03181115051043,1.0009807316550958,2.699107325579607,1.236102233620763,1,176,40
449,11.22843469416495,8.097013437245893,1.0015794381065346,2.6835548325192,1.2421589936730353,1,177,39
453,11.142187018109254,8.022533123805395,1.000338666801855,2.681569834191177,1.3057672504252746,1,178,38
457,11.266783334689707,8.108172025448226,1.0008223865758237,2.683679055503892,1.3171857435424772,1,179,37
459,10.42585253276335,7.8977220071348055,1.0014803549820417,2.682654869893668,1.2909671667129274,1,180,36
461,11.216029100406416,8.04149350152151,1.0011333619216,2.682384467590376,1.2897848219423516,1,181,35
463,10.782099455149345,7.954120438181095,1.0008607894638553,2.686240486840372,1.2694454309750303,1,182,34
465,10.321202935071105,7.997450587692992,1.000768040220572,2.6969281633328235,1.2526910553890116,1,183,33
469,10.97070399517944,8.033089769228212,1.00042503459904,2.697244348677796,1.25086565125708,1,184,32
471,11.121182366824469,8.032822875095608,1.0015325180388504,2.682663772646134,1.2500860482002165,1,185,31
473,10.805368665446066,7.971994643634386,1.0062480227973458,2.6897565950033164,1.232187514831649,1,186,30
475,10.90427632418744,7.985840586212385,1.000237361904988,2.6851150517360427,1.2265269324534314,1,187,29
477,11.177549576040898,8.055923800450703,1.0009932577793423,2.691698678764574,1.2207619805901888,1,188,28
481,10.375532122783676,7.982156595851859,1.0006542561971037,2.688395997689043,1.2059094764755247,1,189,27
483,10.314092555911314,7.842796481143621,1.0009626594711905,2.696650926823416,1.1968950323511884,1,190,26
485,11.367431862943256,8.079939832789865,1.0010181767758786,2.6969697387700067,1.2073036016378,1,191,25
487,11.06954549641082,8.064765751727984,1.0003688126988763,2.6967087456075824,1.1976817721689499,1,192,24
489,10.977331626368253,8.047690080561159,1.000126079444024,2.6919470298999477,1.1910400632990095,1,193,23
493,11.25041370680882,8.077528255423264,1.0021900619093496,2.686563173222129,1.1936628244687884,1,194,22
495,10.261913330935936,7.993540199499143,1.0003664269909844,2.696173744376241,1.1747773478722996,1,195,21
497,11.209451387068038,7.973181959906695,1.0012571198673526,2.687805922420921,1.1862255603118086,1,196,20
499,10.39465598668322,7.915947250994455,1.0018658991684293,2.6954427225266566,1.1598313486855096,1,197,19
501,9.73523495959482,7.631644271961187,1.0001136128555836,3.078111316923791,0.9869211675096191,1,198,18
505,10.71880829888557,7.938268366482139,1.0023792621826997,2.6861121256233056,1.26150204683908,1,199,17
509,11.267543040114028,8.024531067354474,1.000168699926821,2.6816961536149058,1.2679914242027865,1,200,16
511,10.977215485451683,8.026701986317695,1.0029269600514006,2.6935260886313634,1.2493651075648007,1,201,15
513,10.698980931953203,8.083086131954136,1.0009156470599612,2.6819098951639786,1.2349380825158556,1,202,14
515,11.200778779435032,8.282945581406354,1.0001085078242802,2.6836569825858465,1.234089090333127,1,203,13
517,11.067122162658642,8.296254318972048,0.9997514170880324,2.686405541586876,1.2229041037949042,1,204,12
521,11.217197558663642,8.280354632475289,1.0014756423920743,2.685608364298082,1.2296675166128685,1,205,11
525,11.59325762914515,8.346898191755683,1.0292876659492052,2.685972991906515,1.2408253517056689,1,206,10
527,11.534047303435644,8.337878264565942,1.0011525386558742,2.689198249643033,1.2304968791762858,1,207,9
529,10.92572543982624,8.259622932500356,0.9994560675644152,2.6983204775942364,1.2116880522361329,1,208,8
531,11.346378697595553,8.290496900072908,1.0001444836054942,2.693240203211685,1.2103464601800829,1,209,7
533,8.56828741399406,7.381556529300557,0.9996934306535468,3.441548920019712,0.5465858880758346,1,210,6
537,11.439171740202124,8.321321846834685,0.9998506480954517,2.6866110987705887,1.3020650221278935,1,211,5
541,11.147240167890732,8.23807744072398,1.0004944197478995,2.699083135691788,1.271290833286672,1,212,4
543,10.831285577855546,8.189029507624946,1.0008604029243209,2.6907134698484554,1.2576714205068007,1,213,3
545,11.236293148641268,8.234868029314756,1.0019448914018847,2.684500860538322,1.2541212919071836,1,214,2
547,11.08616967823061,8.238279702155017,1.0012709000931328,2.687835669252526,1.237499344991308,1,215,1
549,10.751912617606896,8.219372551773532,1.0011831011426036,2.690437364566134,1.2252805362982344,1,216,0
553,13.880080551261509,9.035891964302168,1.01435518394686,2.1792997733612083,1.7962465336918838,2,1,287
557,12.941526372487642,8.872109574065124,1.0149368694391114,2.1744736968146285,1.5761614507666688,2,2,286
559,13.359691095670462,8.6284456728549,1.014076992350372,2.195666899317151,1.5594934823124262,2,3,285
561,12.683911154117247,8.63136091760955,1.0139326738131618,2.1796283675041006,1.5462330507733306,2,4,284
563,13.065399804685724,8.67696820980418,1.0141216340191552,2.1952581561866973,1.533826059989014,2,5,283
565,12.802479603911388,8.714755394110101,1.0146327995843631,2.1940346005371705,1.5235149754595119,2,6,282
569,13.585554405586658,8.941517894800649,1.0146720016504305,2.1978529182010296,1.5203712548377248,2,7,281
573,13.94301293338268,8.956808204433374,1.0150359928774078,2.190965071547283,1.5251596851963682,2,8,280
575,13.134169173843691,8.857079944726477,1.0152062278681104,2.1866396618663058,1.5093185543527134,2,9,279
577,14.086951683642924,8.951187295260016,1.0155359732475864,2.183328288428697,1.4975086365568142,2,10,278
579,13.314723048488911,8.966158040889411,1.0142040713603584,2.169516718963703,1.485600106241552,2,11,277
581,14.173291675329546,8.972930848723113,1.0140802271588931,2.1506636217123933,1.4777651934397706,2,12,276
585,13.959348125513564,9.032800036514974,1.0152535112311678,2.1813781395662764,1.4968828957539437,2,13,275
589,13.523198161538613,8.8666091485246,1.0150882170381768,2.197114951660172,1.5077536922625192,2,14,274
591,13.750234723504356,8.91721938287038,1.0138597436043135,2.157995006136477,1.4925081995564464,2,15,273
593,13.400973711086476,8.923958703020183,1.0144360732666853,2.198419108542039,1.4719929241891894,2,16,272
595,13.648707282364962,8.991317663963024,1.014261294595994,2.151164339585934,1.4633500287471073,2,17,271
597,13.959820884900516,9.016720196858456,1.014489076885478,2.152208745567858,1.450873008718538,2,18,270
601,14.349640095291218,8.999593683204713,1.0134987135278009,2.165968185309718,1.4405127654515633,2,19,269
603,8.96387999471909,7.549065028670864,1.0096726635247664,3.4709356617126152,0.6623565707474798,2,20,268
605,13.720010432160604,9.073580268946476,1.013723806647551,2.199378116446157,1.488982364812498,2,21,267
607,14.214578668306734,9.035703497783533,1.0133151573794763,2.1709534591124666,1.4226434973030002,2,22,266
609,13.7206185074268,9.0428494070086,1.0145892320656984,2.1705625280743464,1.408614502080047,2,23,265
613,14.307049577086085,9.103478864398264,1.013852308100358,2.1762627754763426,1.401564043266911,2,24,264
615,13.73206507015365,9.08626820310501,1.0149029063735249,2.16031962283908,1.3920113951350357,2,25,263
617,14.550153842364988,9.113491912356011,1.0129489271534275,2.144904732455604,1.3830837741247242,2,26,262
619,14.437029519118854,8.977476169539525,1.013842187549723,2.196218583907234,1.3677657118290685,2,27,261
621,14.364000921258654,9.205520238536876,1.0136988771283435,2.1691838412748474,1.3626682564848398,2,28,260
625,14.693349843683665,9.14555330973735,1.014252701339216,2.1947559967284405,1.356207845172129,2,29,259
627,14.058016587648105,9.111354213090989,1.0140278357417702,2.1877179876194037,1.3478873139318932,2,30,258
629,13.779152574880364,9.163824507961877,1.0134629302760532,2.1508230766314127,1.3381518716854715,2,31,257
631,14.383739114376208,9.165326915001913,1.014033434715715,2.190167787518222,1.326859325226926,2,32,256
633,14.589504036127655,9.179753755489338,1.014031038623518,2.18851427579806,1.321228865341709,2,33,255
637,13.891154624298236,9.27415763140438,1.01490431160623,2.163748582486284,1.3699657528861091,2,34,254
641,14.673096336965486,9.271981913108279,1.0140051761194069,2.153820870810703,1.3933418172827392,2,35,253
643,13.896967367053858,9.033984664610193,1.0138060897113894,2.1856873619664867,1.3628987707652398,2,36,252
645,13.908543615362126,9.172120651818531,1.0150239115464577,2.1586585951828057,1.3494042190197646,2,37,251
647,14.617560660341365,9.093365400458568,1.014982845931098,2.149734467121552,1.3371710481882342,2,38,250
649,14.288124170416689,9.119927887302934,1.0139301973708983,2.180494984747436,1.320960257257565,2,39,249
653,14.875868929885128,9.185345552194319,1.013587060727205,2.1583931144361963,1.319073691259488,2,40,248
655,13.880179808466218,9.156968538676207,1.0133237853999737,2.1973084174346607,1.3015227577803867,2,41,247
657,14.631961684725407,9.08775088318824,1.0129735089678258,2.194834923129504,1.291356857190985,2,42,246
659,14.768164211079869,9.184456763175827,1.0140945273469484,2.153169565361056,1.2860342415471577,2,43,245
661,15.037938036453404,9.215049403610458,1.0146645679773671,2.1789077465484965,1.276372141013111,2,44,244
665,14.290141125898849,9.185331012909922,1.0135210185380688,2.16713614374112,1.269733184255902,2,45,243
667,13.996450231420782,9.046655941616262,1.0128647179210617,2.175632256591337,1.2602510717083564,2,46,242
669,14.935082428364884,9.26195924957788,1.0135831957851476,2.199283556452788,1.2542828515189717,2,47,241
671,14.99164974108056,9.252994157098664,1.0125088172166772,2.176786994904175,1.2488199239495175,2,48,240
673,14.811846373564524,9.26310734626783,1.0140396121078876,2.19883821425474,1.2391100859396953,2,49,239
677,14.247555903096725,9.331127163327569,1.016160339741845,2.165246924019346,1.2372322669200564,2,50,238
679,14.332240013732582,9.266824205941363,1.0136323841516852,2.159522238937832,1.2303958963195105,2,51,237
681,14.276871638701772,9.20992133972331,1.0151417452145364,2.1831972567411246,1.2211834097259973,2,52,236
683,13.777310967702926,9.1721362476023,1.0129399611534418,2.191895759269081,1.2111856655084314,2,53,235
685,11.441352869995514,8.57217147461004,1.014458126942988,2.957668027855621,0.997209388106576,2,54,234
689,14.96165525093106,9.25834987796474,1.0136804581659815,2.198908641131297,1.3229134578599708,2,55,233
693,14.622124863653871,9.311634785976043,1.0138752417282513,2.1759612427269523,1.3038853086061015,2,56,232
695,14.181162993443126,9.306501252940654,1.0134453544249995,2.1740843812957524,1.2807146822706417,2,57,231
697,13.989284902759552,9.361883663268088,1.0132265455749991,2.1699286892596934,1.2659989025655412,2,58,230
699,15.042601535042603,9.565977385225588,1.0127770109447685,2.15658205310809,1.2609210969073,2,59,229
701,15.027421071078606,9.613253810213061,1.0138936920010262,2.159229413482601,1.2501094306944318,2,60,228
705,14.577396723095212,9.659706152498446,1.0184755755177433,2.1981836512731,1.2568504002929048,2,61,227
709,15.36587842843583,9.660074492266734,1.0139384129430251,2.172247401410494,1.2724169578436422,2,62,226
711,15.29268403662172,9.610732084606383,1.0134236160019647,2.167855497701561,1.2533558292377798,2,63,225
713,14.698902260428524,9.509606751933422,1.012621804825029,2.197413864039741,1.2340512353582336,2,64,224
715,15.066788669768552,9.55376799961061,1.0138097315277292,2.1808859045895868,1.2283517963632813,2,65,223
717,9.413942588565495,7.9488520188669245,1.0091411483576724,3.4276877712777214,0.5521109587072375,2,66,222
721,14.884443210062466,9.689325427035971,1.0118756251887793,2.1634350552847827,1.359947064136305,2,67,221
725,14.454392118638458,9.54652406934783,1.012656973957246,2.1839323108066178,1.2988208615742076,2,68,220
727,14.172939173239188,9.486110245180768,1.0140280598156248,2.196284886273677,1.2764665828878237,2,69,219
729,14.797843662102167,9.528985199683015,1.0143271740416917,2.1526544597098902,1.268405529019817,2,70,218
731,14.86814851282613,9.519831150565885,1.0135805482915097,2.1963314779954723,1.249442508548949,2,71,217
733,14.051631055988958,9.50863223906921,1.014505539753993,2.189500804437932,1.2394701313441616,2,72,216
739,36.84241052511593,30.907894474048284,1.990987822798042,2.421307986424623,1.7323021228168933,2,73,215
741,36.2511342416132,30.363796429604488,1.9917802328214216,2.4612810169393184,1.7089091202133952,2,74,214
743,36.12855723169499,30.07611798184701,1.992161929805588,2.3997609695216755,1.7002488698984168,2,75,213
745,36.35251788056927,30.05896964075817,1.9914034366675075,2.399740066713552,1.6921397076172067,2,76,212
747,36.75256708066779,30.417149405736243,1.9917916805558111,2.3786378834863195,1.6883942951664666,2,77,211
751,34.26334191029433,29.92385834200675,1.9916737594555385,3.357924179020208,1.453824763471636,2,78,210
753,36.83142721849718,30.617574721987218,1.992343743472965,2.416288536712014,1.6749036409883897,2,79,209
755,36.54735803665934,30.258236869364143,1.991761741760116,2.3791815969853816,1.669899488275841,2,80,208
757,36.223678523702304,29.936684037867014,1.9926632981632448,2.4666546752460183,1.6562507266709778,2,81,207
759,36.16960256825446,29.74762436888935,1.9910210969809976,2.429311406516166,1.6494660594913264,2,82,206
763,36.19613432531801,29.699035458962353,1.9917602339187832,2.4024069940444392,1.6475025688290712,2,83,205
765,36.217566438813456,29.746622188626663,1.992540822877361,2.406157541131262,1.6402064094697657,2,84,204
767,36.09047688646367,29.642987306218718,1.992323077219212,2.415785415380386,1.6323860996430712,2,85,203
769,36.148984496134304,29.663939557878308,1.992372409835,2.400209592232293,1.6281249605219812,2,86,202
771,36.15795969792578,29.637650852441404,1.9935372199400443,2.4374747406672226,1.620294895865768,2,87,201
775,36.16956081888435,29.593597067401642,1.9925774400879448,2.3865949081957893,1.6179708056424518,2,88,200
777,36.13182777424954,29.63922727943673,1.991618906287858,2.4489169685849195,1.609796766126889,2,89,199
779,36.12995412374782,29.666195384468185,1.991997740216363,2.4933649317176108,1.6025995466463392,2,90,198
781,36.115379230424814,29.635949832755518,1.9916623493440428,2.473993010608268,1.5948615566095004,2,91,197
783,36.260266208231016,29.671876354508125,1.9915432702858615,2.4568566798816054,1.590700357834837,2,92,196
787,36.73407518988127,29.993152820136338,1.9935482540074148,2.389783772934692,1.6099376275275235,2,93,195
791,37.35435994505973,30.681276254794994,1.9935266008477732,2.3834815017568327,1.6047788678437787,2,94,194
793,37.40944456827136,30.871236598447616,1.992097101122076,2.427559147580718,1.595867880748065,2,95,193
795,37.26366414928814,30.779999574712413,1.9921457624515235,2.458384607788224,1.585541587743393,2,96,192
797,37.27002790978136,30.581480715523952,1.9912425550809052,2.394787213470724,1.5795669733199764,2,97,191
799,37.37612563137064,30.546605962885614,1.991041676372342,2.365525236922006,1.5735949471687374,2,98,190
803,37.57568180724724,30.92329503843904,1.9909446444723564,2.474272882432229,1.5691137695624138,2,99,189
805,37.80943515485114,31.225884514077716,1.991996113254465,2.4720598546819117,1.5649309937030853,2,100,188
807,37.69836973093636,31.163201064541546,1.99144467027302,2.4838780206846622,1.5579073730977744,2,101,187
809,37.67202323454292,31.130645067035932,1.9937155470584815,2.429175425635552,1.5580819496420528,2,102,186
811,37.5846177818102,30.837232735283838,1.9926097349240808,2.397532773087188,1.5465174201698813,2,103,185
815,37.57163850758581,30.641318807832377,1.9922654806203883,2.435189655089205,1.540461384328907,2,104,184
817,37.83811660125229,31.01732542847249,1.990969048853236,2.4649257198080514,1.5354468590995818,2,105,183
819,37.76120652410461,30.93897323974993,1.991978047763166,2.4457109146915506,1.5281785977085327,2,106,182
821,37.43416840833683,30.585360437692223,1.9913479340556115,2.4807762094187127,1.5157679266554704,2,107,181
823,37.31899313705125,30.3648233882985,1.991255410410246,2.482626305221594,1.5082917067856059,2,108,180
827,37.58604736335072,30.432401864910737,1.991416403593573,2.397470273055264,1.5086071787415434,2,109,179
829,38.06717620893625,30.831835959630617,1.9932848499087763,2.370171214445116,1.5084077998668899,2,110,178
831,38.03429813873292,31.094991080529404,1.9915678335386533,2.467002990449064,1.5013396278809847,2,111,177
833,37.8850432804777,31.038470618761803,1.9914103858193752,2.476788514821077,1.4933193546850652,2,112,176
835,37.72173567628911,30.652253424171764,1.9914698934009565,2.4014857684023228,1.4855766257101586,2,113,175
839,10.169699784021772,7.628394260109583,3.9790202106481374,2.4576176811598773,0.0772266001957007,2,114,174
843,10.073103559906276,7.4649167649876285,3.976994268390442,2.427637650375664,0.07752460284706476,2,115,173
845,9.363713069880482,7.503302872635532,3.978414173747544,2.4427831763874552,0.0777404949441904,2,116,172
847,9.49837575629517,7.637968852421283,3.978020094727615,2.3604432554634345,0.07818961052079225,2,117,171
849,9.502985965829737,7.608951449591351,3.9772827671809017,2.381932819122213,0.0870877522196507,2,118,170
852,8.979535773958249,7.076698354969239,3.976964473628956,2.484673285435373,0.08697653834094095,2,119,169
854,10.239009824535197,7.203287534892745,3.9766535760963024,2.4449132183808,0.08734340136803624,2,120,168
856,10.120757638084276,7.515405447362731,3.976962731071752,2.3975988971956834,0.08794594248005062,2,121,167
858,10.16908687877008,8.284967270173246,3.9770413411476895,2.3944641668469124,0.08764164726043058,2,122,166
860,7.981964148617724,6.857064194557378,3.976884098204476,2.484746371426068,0.0758847543523629,2,123,165
864,9.50679606348134,7.332807580550581,3.9773559134401215,2.439654912409003,0.08864648892746997,2,124,164
866,8.947219582076908,7.093409222592422,3.97775985390458,2.4090725568197637,0.08891381789191721,2,125,163
868,9.048570192927317,7.192057776504479,3.977445240880274,2.4859989490669228,0.07645497814629405,2,126,162
870,8.214832927581378,7.020826540727179,3.978076611417741,2.4347562857307143,0.07688371041684687,2,127,161
872,9.472969870923514,7.160800567147388,3.977528651299922,2.406517387646374,0.08958143012016968,2,128,160
876,9.447247671252793,7.125807255445201,3.977819823237704,2.451707097247213,0.08036389349304573,2,129,159
878,10.624675414528705,7.276161437071745,3.9765929339855943,2.381706206862016,0.09006819960953423,2,130,158
880,9.289965371994612,7.0723476874628055,3.977735314263721,2.474242037374171,0.07794584017794057,2,131,157
882,10.405043941704964,7.211729709283271,3.976763233599402,2.376406799368078,0.09094145028337475,2,132,156
884,9.269985860917538,7.126821145688813,3.977599833768101,2.444206792905019,0.07853206471878,2,133,155
888,10.696409617431332,7.168249960966138,3.976739739726006,2.362524005453324,0.09128820844075182,2,134,154
890,8.841145903774922,7.434058256465138,3.9778656380270103,2.3656545996286327,0.0789105498872937,2,135,153
892,9.601778804173833,7.930969485581617,3.977362149020762,2.4649338982361098,0.07860081838307126,2,136,152
894,9.775871193110238,7.59327498772461,3.977130035437704,2.4780138487049133,0.07876795539192398,2,137,151
896,9.77507439966935,7.6206831277866485,3.9779080167511776,2.467345657591589,0.07889680728388015,2,138,150
900,7.9530776238610095,6.882286937183749,3.976499927125273,2.453991394977099,0.07986311641831999,2,139,149
904,8.70377999346024,7.3351511578492685,3.97769541756124,2.379432952726756,0.08006714201531041,2,140,148
906,10.861930060972163,7.3668189489801215,3.97788488306095,2.3452670801496267,0.09333984378907509,2,141,147
908,9.628805360691263,7.9936664890195335,3.9787860145489566,2.474574662858291,0.07971484757202175,2,142,146
910,8.740129795491647,7.296477939821086,3.976902186853475,2.3452420900020043,0.08087481661356459,2,143,145
912,9.890833414808087,6.946289418376632,3.977001726708665,2.4837961610187183,0.08092695786933551,2,144,144
916,8.123599018265942,6.902633045655659,3.9765911746920217,2.45187326606884,0.08097084727923712,2,145,143
918,9.54039758015595,6.896174405116905,3.977587594021444,2.481690176251403,0.08112994958830891,2,146,142
920,8.68981677408595,7.035611200131563,3.976125848069426,2.469341225978269,0.08152210697209009,2,147,141
922,8.648121468375715,7.22435677434366,3.977047310782961,2.3359478200885606,0.08168638577215814,2,148,140
924,8.766749021949757,6.990028087646541,3.978121135361649,2.455991331590063,0.08189052712118298,2,149,139
928,8.697295284987012,7.072814815985095,3.977738911880702,2.446533765156367,0.0824067483668382,2,150,138
930,10.097658187656732,7.152123066131912,3.976381485366203,2.440105069885436,0.0823973655303486,2,151,137
932,10.08193635042433,7.40243656537614,3.9788388766990814,2.426379928299938,0.08236920437820545,2,152,136
934,9.867385484495305,8.281671008133785,3.9767622508780898,2.3818713355998336,0.08235056714812077,2,153,135
936,8.668191215610703,5.990209166830171,3.976957942817597,2.259462555169981,0.08196468628337272,2,154,134
940,8.230234796537065,6.4435194897145704,3.9767291231283286,2.3642680452849265,0.0821104886163216,2,155,133
942,8.3473989032227,5.804997367748431,3.976784600681961,2.2200788093903734,0.08210971269998703,2,156,132
944,9.566970302021362,7.064649745993309,3.9777976422643935,2.3089650825269894,0.08194971136872987,2,157,131
946,7.155555764844436,4.857763577409316,3.976527780195651,2.464325308909032,0.06841127945463966,2,158,130
948,8.849096539219643,6.365147956644147,3.978417528616236,2.227174478989743,0.08262877283911259,2,159,129
952,11.059155779143234,7.784854957371514,0.9989196316837596,2.487710804240493,1.5460934613143638,2,160,128
956,10.464754894665266,7.677310156075022,1.0004222702851215,2.4700528908595785,1.5736555561088028,2,161,127
958,11.117824082083432,7.720355963617298,1.0013749229178603,2.4917865311625422,1.56385417256645,2,162,126
960,11.465947003288688,7.795012554263815,0.999906490000437,2.4681420264399123,1.5542389689934357,2,163,125
962,10.672391649812306,7.802002705131443,1.0000803262722175,2.484034640402104,1.538159248241798,2,164,124
964,11.55324188297086,7.8854226977198625,0.9998205155477988,2.482098506414688,1.5304300357995746,2,165,123
968,10.678188237457311,7.865599621307659,0.9995028844280672,2.499544886162908,1.5126888548427404,2,166,122
970,10.67885056037868,7.840911830800531,0.9994974790321102,2.4624361945446704,1.5047156033609765,2,167,121
972,11.249497515672802,7.866129688953066,1.0007522715759782,2.4931009972754072,1.493366645867257,2,168,120
974,11.637480263714384,7.9393273558149495,1.0074496368791506,2.462787320418678,1.483322285109685,2,169,119
976,11.797524620709758,8.020423171340544,0.9995519473703496,2.497516098993309,1.4692835111523441,2,170,118
980,11.717322041018162,7.909281139740462,1.0000552345201277,2.472999574663348,1.4595601599551669,2,171,117
982,11.400146543773252,7.9764627392531535,1.0000587870310462,2.4798848457409326,1.4467845814475662,2,172,116
984,11.27412857657329,7.975220288628877,0.9996583037293504,2.483308761917933,1.4319520816225122,2,173,115
986,10.939205926809544,7.919276364601211,1.0003023505936774,2.4722726688004677,1.4170612123081259,2,174,114
988,11.469256268063758,8.087848756281263,0.9997391001993594,2.4995232811069013,1.4077746513684022,2,175,113
992,11.07680003582411,8.02258709983945,0.99934176839957,2.492874341811692,1.396198638151325,2,176,112
994,11.26155378961363,8.12948679263687,0.9985673084050938,2.466722917823166,1.3889437739396755,2,177,111
996,11.576966830401837,8.089656475775936,0.9980068368798176,2.470780211742849,1.3785381978752613,2,178,110
998,11.16400609714747,8.144440591218109,1.000251640119134,2.4848489819284896,1.3594182884071613,2,179,109
1000,11.988971088033123,8.231983414070719,0.9983916549138828,2.4661345187240347,1.3570240728486513,2,180,108
1004,11.73519417014362,8.207473278156359,0.9999277500600487,2.472581288872932,1.3457327069152851,2,181,107
1006,11.299125699617386,8.189312466474624,0.9989961791594164,2.4919564449811342,1.3318597993215997,2,182,106
1008,11.376911439849154,8.139466322876048,0.9986368638895086,2.485517355170574,1.3197854810152412,2,183,105
1010,11.488807348025915,8.11394700059043,0.9990064665951188,2.499796953515674,1.3083609678187897,2,184,104
1013,59.47600707924567,52.14812251926887,3.994111633376854,2.62709691854036,1.7102678224838372,2,185,103
1014,57.06170278543699,45.09332295910928,2.2379985184784625,3.162072147481652,1.9368675541291653,2,186,102
1015,60.121290886265,53.49862731805315,3.993584927278223,2.6672646952717707,1.8940362206449965,2,187,101
1016,58.36103373055558,45.305654102608436,2.2378631369455797,3.1720378457639606,1.9032959109356924,2,188,100
1017,60.28987126771494,53.56355547229223,3.994420868734206,2.653980741191812,1.8747756140559004,2,189,99
1018,58.50851345394927,45.32502514009919,2.237919934850487,3.1840954684935587,1.8842212541242058,2,190,98
1019,60.57061862772471,53.636497641934646,3.992737735565066,2.614778884516638,1.8655040887565795,2,191,97
1020,58.7263855829587,45.3444384896063,2.236789959104012,3.180188784075154,1.8743159149795274,2,192,96
1021,60.44487262242978,53.66821955000141,3.99486611628056,2.611753951946988,1.8527400130269884,2,193,95
1023,46.28170259947119,44.72116540432172,2.236891424313727,3.4228128225208074,1.8618005721199906,2,194,94
1025,60.80514996345169,53.78514931831166,3.994312241610504,2.6899647104301128,1.844174485353169,2,195,93
1026,58.93524793840084,45.36661012607671,2.2338361895715853,3.2367625871411607,1.8646440105301212,2,196,92
1027,60.79131486140098,53.80370465565283,3.994189778619774,2.6352220172441965,1.84302917398329,2,197,91
1028,58.998388286481074,45.37716338098021,2.237801397257184,3.215617005936897,1.8513529484630546,2,198,90
1029,60.82453443905106,53.860865202701575,3.992661318532081,2.616116680441599,1.8302851659469874,2,199,89
1030,59.1684485684811,45.378949666013796,2.2373900707543024,3.2151951802063854,1.8393623914713373,2,200,88
1031,60.93844327722512,53.86937461780675,3.9925014219671766,2.637757551280405,1.8173838456081812,2,201,87
1032,59.1424747474419,45.381661463020585,2.2363406091267657,3.231988685828954,1.8263561317557597,2,202,86
1033,61.056928797496845,53.919241142689074,3.994253875500499,2.6425811435343314,1.8058067136694294,2,203,85
1035,46.368890123929816,44.741963711241645,2.2424913931513,3.45624574128552,1.8051421531289327,2,204,84
1037,61.26264235870029,54.04736439027928,3.993279981032099,2.6868552360676885,1.8149829605049186,2,205,83
1038,59.364637199660656,45.39714673501506,2.242032915127593,3.2640305482204788,1.8181017419353256,2,206,82
1039,61.30909593373104,54.07432799473692,3.9928213513263473,2.6740516269543457,1.8052744507962541,2,207,81
1040,58.874000139777394,45.38548423560667,2.2428323679179445,3.2766486075093217,1.7986409070769296,2,208,80
1041,61.35860964032413,54.13198237630402,3.993630744300512,2.6712280977184064,1.7924355451200735,2,209,79
1042,58.98847280250583,45.384351926322864,2.2453718989539238,3.2778228663776456,1.785581798964963,2,210,78
1043,61.48218876912336,54.1706485784692,3.993304107752517,2.6834486699239664,1.7793395659736284,2,211,77
1044,58.95213722407075,45.40427025281304,2.243291583908351,3.2874001215970754,1.7736193087369998,2,212,76
1045,61.55806089309812,54.230275057026425,3.994079719933211,2.670098200587867,1.7758002161765918,2,213,75
1047,46.43490727043025,44.76824437312004,2.2414786632550343,3.47306609033384,1.7697159380069345,2,214,74
1049,61.75555924618304,54.344649105313806,3.993967806204527,2.6512994484308834,1.7995270140011175,2,215,73
1050,59.88480251422224,45.420023428162914,2.242132120034172,3.2539505047564936,1.817518691498333,2,216,72
1051,61.788148736083365,54.34024033975075,3.994597299462833,2.625703438629486,1.802718276719495,2,217,71
1052,59.36559655889547,45.395112846336765,2.237210829444426,3.269366631224893,1.8036365112859982,2,218,70
1053,62.026796878552666,54.383818324015124,3.99403993642454,2.6363985091733704,1.789712043501059,2,219,69
1054,59.40752319398857,45.42111461591665,2.237918325567723,3.2751739090029925,1.7910531991687655,2,220,68
1055,62.05922080379437,54.44223460892958,3.996695123471853,2.6091385279000474,1.77554335965285,2,221,67
1056,59.593605864808254,45.42740175266363,2.238847890973373,3.275998837341745,1.7775860463868938,2,222,66
1057,61.81678431928173,54.47793957059441,3.996085886074777,2.6928273258727597,1.757238394187154,2,223,65
1059,46.50529749732045,44.77235822737192,2.237394996023301,3.4756196941133264,1.758388290623905,2,224,64
1061,62.13034562682843,54.52288431969187,3.9941183811183705,2.6580053475407666,1.7756814985417744,2,225,63
1062,59.63674278824714,45.44121869740602,2.240024407312273,3.300170091032598,1.7805245157861542,2,226,62
1063,62.20855323363066,54.63737439274004,3.99420296582248,2.622656733898926,1.7607816051835319,2,227,61
1064,59.258447796188655,45.45701909779596,2.238658307254575,3.3073277252701394,1.7621827862094044,2,228,60
1065,62.27936068413306,54.626766126568995,3.994207676123932,2.6579673401898325,1.744986470829665,2,229,59
1066,59.3085664702357,45.45478198629672,2.23555380963037,3.3172695371123195,1.7471329325012008,2,230,58
1067,62.40536913200032,54.64310926864166,3.993823239825288,2.62449780009349,1.7397545465444653,2,231,57
1068,59.284656159335626,45.454573095061825,2.2417522972204478,3.314808130048064,1.74153257501555,2,232,56
1069,62.21600779378832,54.70581681215588,3.994754622163221,2.6693549937573904,1.721150647519695,2,233,55
1071,46.52981437437011,44.80195940335337,2.237373378654365,3.480193676422003,1.7229632331316937,2,234,54
1073,62.6157960112704,54.73634803491553,3.993552154297252,2.6245992054256915,1.7523775813175886,2,235,53
1074,59.44359826694643,45.43783097493817,2.2364184010042325,3.316893946019892,1.76005054406424,2,236,52
1075,62.26360588854172,54.729006905014316,3.995086500261385,2.682984874071112,1.7252690284786663,2,237,51
1076,58.879234299247685,45.42563310496795,2.2390424215709075,3.347075544718072,1.7259449712981234,2,238,50
1077,62.42580063958537,54.73589338579687,3.9949368262887295,2.6671246169170018,1.7177072208613744,2,239,49
1078,58.81505419791299,45.40238293915166,2.238519098582103,3.342612257329824,1.719991993379357,2,240,48
1079,62.5594040849182,54.73540508711326,3.9949029619473433,2.6334454972272856,1.7012525490410073,2,241,47
1080,59.01538023620581,45.41299032224968,2.238850114148092,3.3409943961120234,1.703181212262311,2,242,46
1081,62.582629376324434,54.74865999209295,3.99441842582716,2.6133538721871226,1.7067091553434799,2,243,45
1083,46.52462725929578,44.756808269112064,2.239025248936683,3.481449122964779,1.708157257163299,2,244,44
1085,62.57090441669303,54.78747299373422,3.9933943376990633,2.647938106735209,1.7143584113928025,2,245,43
1086,59.45793504317822,45.426863607474424,2.2410347579062164,3.3332329966539977,1.7183898006446612,2,246,42
1087,62.42898686923908,54.781382520592445,3.994505933062156,2.6715941703662405,1.6976346075864048,2,247,41
1088,58.92588528490906,45.39896576010375,2.239109179444401,3.353725458302861,1.6997433646098843,2,248,40
1089,62.43152363917722,54.78435229628446,3.9949900066471686,2.646261496806368,1.6906810883831385,2,249,39
1090,59.02832346071502,45.41222198091578,2.2371003753566154,3.349725654003452,1.6924531647764722,2,250,38
1091,62.5729328576623,54.845012944023324,3.9944555852207273,2.6718636231921065,1.6703127054669216,2,251,37
1092,58.68136580395927,45.421163395677446,2.237771636479985,3.364072824990759,1.6724600908544132,2,252,36
1093,62.57967644827836,54.84412055277582,3.994950149647624,2.6372752376377897,1.6749433506249085,2,253,35
1095,46.56005291450031,44.77974280069445,2.2378779289081896,3.483004736559571,1.6770324340473561,2,254,34
1097,62.96996562520999,54.916794359881244,3.9939090960595336,2.6027515790201994,1.6962382539274914,2,255,33
1098,59.33515313721114,45.43249146044236,2.238950607607068,3.3395618098365136,1.702039270122877,2,256,32
1099,62.75574288944966,54.90429470994109,3.9956769444125584,2.634449644633184,1.6757061428709605,2,257,31
1100,58.785130394576186,45.40225231920624,2.238214068431025,3.3598916741667675,1.6776462705580724,2,258,30
1101,62.70443033939053,54.85304065526831,3.995326411032614,2.612265282912701,1.6697499027332847,2,259,29
1102,59.21143024226969,45.43633871670618,2.2357240571602635,3.3441038821934197,1.6719046852155164,2,260,28
1103,62.46020747529598,54.870101858468004,3.993341726049872,2.6874948249577777,1.64997591306496,2,261,27
1104,58.57486319722263,45.431506683537506,2.240219675152678,3.375698733901386,1.6513458543230455,2,262,26
1105,62.78975435716677,54.91521152058179,3.992853792791997,2.6076358711453813,1.6421565870994803,2,263,25
1107,46.58843870383667,44.79301916889542,2.2404837193107268,3.484091567592788,1.6442887282943472,2,264,24
1109,41.68577610887712,34.70141183965182,3.9816536301725503,2.4897962179516666,0.465743786499136,2,265,23
1111,27.89289436489542,25.75670933460284,2.2559694586963848,3.558722404917084,0.7160431888562488,2,266,22
1113,42.96184230643531,34.602296282226774,3.9797908406119102,2.475664628588948,0.5620765965688381,2,267,21
1114,28.59261604477335,25.806731566152397,2.2577685472889137,3.623698271066712,0.566232019555226,2,268,20
1115,43.606076550083,34.706915531211784,3.979067055149875,2.497942856856816,0.5663444822567717,2,269,19
1116,28.589252959577436,25.81795807940257,2.256152589972413,3.622098220811412,0.5695591974693794,2,270,18
1117,43.90627471664096,34.771517765327,3.9790518292907846,2.480114715641411,0.5689226903732506,2,271,17
1118,28.80714286935244,25.804645412685264,2.256414947380682,3.6229030705024017,0.5715976295230393,2,272,16
1119,44.013774813837145,34.709560141583104,3.9782527352191823,2.4872303300157066,0.5617620012070609,2,273,15
1120,28.844751541211828,25.768553499268197,2.2567008799058206,3.62617217541384,0.5641375177857911,2,274,14
1121,42.92203104864584,34.65890294500357,3.9809499540372766,2.489183697067473,0.5585541985649938,2,275,13
1123,27.12633574486719,25.611156791418377,2.2581664049649057,3.6187753436085175,0.5598035861145011,2,276,12
1125,43.24542727979999,35.44499437757343,3.978769669734932,2.498492440398465,0.5512517414940765,2,277,11
1127,26.85129318247529,25.60646668894674,2.254587282967798,3.6227266138305945,0.5558248013111997,2,278,10
1129,43.86578283702087,34.6176662375867,3.9789079743390103,2.4971812527928607,0.5558970128630557,2,279,9
1130,28.885108817551654,25.795975065208022,2.257331745601572,3.629677711339969,0.5588022024884172,2,280,8
1131,43.67270130471354,34.65017232704175,3.9785204745154576,2.4988010332333745,0.5530613240919068,2,281,7
1132,28.89058404679197,25.799706804300893,2.255547724029628,3.631143237793544,0.5558582909153587,2,282,6
1133,43.79137016976176,34.822277873738145,3.979713822284996,2.487295552712161,0.5560639278063122,2,283,5
1134,28.6122087103012,25.803125495437154,2.2577393736110705,3.630686334111709,0.5583131792722126,2,284,4
1135,43.92654641714406,34.67233382014022,3.982043712047701,2.4958019219001284,0.5480981793578882,2,285,3
1136,29.02951510769504,25.801759809519968,2.257177510707991,3.633673435663301,0.5507182687056144,2,286,2
1137,43.36143647499468,34.74469432520436,3.979711977994799,2.498934011647546,0.5398311019893661,2,287,1
1139,27.23975918925982,25.628570507669178,2.2571221644126425,3.628021761946565,0.5414850110505323,2,288,0
1141,48.10057733769074,44.007524345018545,1.0009808343171922,2.4987062304520014,1.7604453874387516,3,1,259
1143,47.21343671611138,45.47160761076525,2.256240702887572,2.775375903738183,1.7710306041569082,3,2,258
1145,48.36094927051516,46.67611297517316,1.0025756987118928,2.473002904156423,1.7824024371434204,3,3,257
1146,47.54141238658927,45.61082993178333,2.0535199866817107,2.5768003829605446,1.776698928366724,3,4,256
1147,48.20507797013392,46.6383045331837,1.0031061081836674,2.489434465017692,1.7815876608447057,3,5,255
1148,47.45171040977876,45.56645091129546,2.061310815736321,2.581694314778738,1.7751340788362617,3,6,254
1149,48.18149876688975,46.624310116631904,1.0000100485815209,2.473981445559395,1.7807155529193712,3,7,253
1150,47.444095076830834,45.561791638190684,2.059559675593495,2.5761460195442143,1.7752758274686695,3,8,252
1151,48.22285805925047,46.60181681852236,1.0011404247002111,2.4673788761032256,1.7805156088262684,3,9,251
1152,47.49480786651117,45.60948782124888,2.056752893590517,2.570359114354382,1.7775909376194887,3,10,250
1153,48.3111327307896,46.64079559317347,0.9997689271977604,2.458737817987512,1.779727309635981,3,11,249
1155,47.2213399482767,45.565199489307076,2.243852715477059,2.7596221809544343,1.7781035394479798,3,12,248
1157,48.31988246057892,46.65269866016946,1.0007520082133683,2.4562277920171924,1.7741779278222192,3,13,247
1159,47.268311966019546,45.54522178393937,2.228162215055294,2.742863139445136,1.7763782084131672,3,14,246
1161,48.19161251147565,46.637301691869546,1.0001244493615749,2.437931364664341,1.781890668601754,3,15,245
1162,47.50082132192769,45.592897387695004,2.03493899194832,2.551512709313031,1.7773541776124724,3,16,244
1163,48.22746339794149,46.62385161772923,1.0009890843051303,2.4476008226100348,1.7804838165678165,3,17,243
1164,47.41612159669902,45.58667752370163,2.0417879442447564,2.5632339867726905,1.7763932792291697,3,18,242
1165,48.171946839870586,46.59535143073503,0.999878987544532,2.467377500135635,1.7771803763357836,3,19,241
1166,47.38305306243457,45.63816599004251,2.062273757218589,2.578276445111344,1.7795510677742574,3,20,240
1167,48.20204512091098,46.59281927437506,0.9998571461225196,2.457416820096295,1.7753050418679,3,21,239
1168,47.36590368269387,45.57069047200011,2.056202181866612,2.577655526163678,1.7738959781496926,3,22,238
1169,48.20808548312476,46.595538716376765,1.0000003263864057,2.470228395185217,1.7742952163005985,3,23,237
1171,47.14344929515081,45.59949458367211,2.256927642761678,2.7721592138362383,1.7816965153118307,3,24,236
1173,48.216947901934525,46.615922853146614,1.0004178749173285,2.47756542534469,1.7732664340246138,3,25,235
1174,47.42602155312617,45.60891707549904,2.074084329317956,2.589446814455629,1.7732377127543621,3,26,234
1175,48.23861432117145,46.61306744285817,0.999529179518921,2.480137502417058,1.7721564738184057,3,27,233
1176,47.436211472261306,45.61345471012996,2.080446697486679,2.5978014128848392,1.7719766913482995,3,28,232
1177,48.2409468668017,46.60739102749507,1.0024734646700488,2.4411463439008707,1.7714937956674137,3,29,231
1178,47.43602555776618,45.551824266278025,2.0663908793236936,2.5829383781643678,1.7684368533971568,3,30,230
1179,48.28638353591076,46.59731896053421,1.0005732751031589,2.4393843779206725,1.7705160759037852,3,31,229
1180,47.4387375434694,45.631897126272456,2.065773168440338,2.586099713201288,1.7732881285786175,3,32,228
1181,48.23633627651948,46.60563234024716,1.0008157279135228,2.49689484054888,1.766747443427565,3,33,227
1183,47.10105643122063,45.53926254671954,2.256972829329666,2.8021739160566623,1.769420066319704,3,34,226
1185,48.2681944116944,46.62474216211915,1.000236431675222,2.465533668800099,1.7668500546240784,3,35,225
1186,47.49851445090709,45.650959011818145,2.081072380919128,2.6016043762429577,1.772863740796636,3,36,224
1187,48.25892855404056,46.6386326424737,1.0006688784958595,2.487866062972102,1.764957890995066,3,37,223
1188,47.3752824557842,45.727122190957665,2.100761393007675,2.6220446910109048,1.7756762543811049,3,38,222
1189,48.27406092264485,46.624080824947505,1.000189600537282,2.480376897645346,1.7637037899873198,3,39,221
1190,47.35766827979784,45.57242315344911,2.106898151969156,2.622886226223554,1.7612284795331705,3,40,220
1191,48.37743085469793,46.6573959514452,1.002543132516972,2.423512955443349,1.7642148170611112,3,41,219
1192,47.48707944695362,45.81379367778218,2.0775296416127293,2.6002001928744183,1.776522557699116,3,42,218
1193,48.34229218799801,46.69850634609825,1.0002377370623996,2.4421166575524973,1.7615670428210852,3,43,217
1195,47.1993765963369,45.65896940370266,2.2577850542041333,2.805121509198524,1.7684918069717623,3,44,216
1197,48.35205523072366,46.70366699259687,1.000266726704825,2.48916723023537,1.7588629363922352,3,45,215
1198,47.483051312155126,45.68436326920608,2.11267071688286,2.6336581075895045,1.7623922249888426,3,46,214
1199,48.36227474052515,46.69858207228199,1.0005563283787111,2.486277943958813,1.757536061492152,3,47,213
1200,47.479908156409365,45.692627410702556,2.123941795696558,2.6411348076367687,1.7613637687588701,3,48,212
1201,48.39407566049798,46.68478011498361,1.0033647356784487,2.4621592876012923,1.7556403279368489,3,49,211
1202,47.45150405748597,45.71640973342736,2.118884447778885,2.6392873414970133,1.762685271111061,3,50,210
1203,48.40712816602448,46.691631182155156,1.001627835766793,2.419307605326947,1.755517980091954,3,51,209
1204,47.498142783326855,45.81959068506397,2.112785707826255,2.6315296912011577,1.7701353357575547,3,52,208
1205,48.476824345274245,46.752413955353425,1.0019022091888887,2.498091152649448,1.7513069939525228,3,53,207
1207,47.13831245431015,45.60180387095777,2.25786947023962,2.8558589138801063,1.751897008196295,3,54,206
1209,52.90221489344579,49.300859599002976,1.99287097541368,2.4729033909981424,1.6714395781054288,3,55,205
1211,47.1694486812661,45.5635354525884,2.2575803277870463,3.194532308997536,1.6798863508360222,3,56,204
1213,53.04880173105535,49.34643167372232,1.9925221850874488,2.482404434239833,1.658732090763702,3,57,203
1214,50.637456282100366,45.81786271844457,2.2576535219912004,3.0446001014675224,1.65980645985568,3,58,202
1215,53.017440171542674,49.35236153077406,1.9931619036045067,2.4529055944220666,1.6502644092689571,3,59,201
1216,50.5548613516474,45.83723136712004,2.2567900366228373,3.058018156387754,1.6540846686509454,3,60,200
1217,53.07430485716129,49.34646841409122,1.993232599772215,2.442965370421763,1.64246425209582,3,61,199
1218,50.54113776409524,45.8588988225841,2.256819463230553,3.068070588233254,1.6486278578252211,3,62,198
1219,53.15177003577248,49.35565140520816,1.9927135137255616,2.450251182214539,1.6347905350174976,3,63,197
1220,50.4672549015348,45.87817957899608,2.257028818132624,3.085078594597868,1.6439275381935874,3,64,196
1221,53.01718592680281,49.368284273788476,1.993347127383864,2.447037438010891,1.6274971905130189,3,65,195
1223,47.05487619124956,45.583098191723465,2.2564730916457822,3.2902374305712323,1.6343670776495542,3,66,194
1225,63.94078057196598,55.97390404609549,3.979768153681504,2.4740907394153795,1.3692396796466468,3,67,193
1227,47.17523288912185,45.59621954065725,2.2565624009550898,3.421989770735741,1.3902905548091846,3,68,192
1229,64.14381595669508,55.95647115817562,3.979638522408062,2.442276380666166,1.373561641855777,3,69,191
1230,56.21445181841225,47.7891261984539,2.25797911205623,3.4114562104034984,,3,70,190
1231,40.67740211970284,34.520854008155766,3.998404971746896,2.689034363728547,0.6790551184788365,3,71,189
1233,27.893280129320623,25.847637118595284,2.2342609720751003,3.4847713966101304,0.9282059611877216,3,72,188
1235,41.121867004450536,34.02922924081149,3.996235657636858,2.69442244998024,0.7972142674298119,3,73,187
1236,28.12392106357676,25.880479607251246,2.2366826808638782,3.5217051676904467,0.8019712118049456,3,74,186
1237,41.63283156392668,34.012090723638956,3.995936989432765,2.6769978869674524,0.7925529306729044,3,75,185
1238,28.215709664617982,25.888757514345055,2.235498686564789,3.522642727359843,0.7962718159347737,3,76,184
1239,41.715752737182754,33.978388906178346,3.9961379781309794,2.675172001926867,0.7855195663007222,3,77,183
1240,28.16707490046712,25.87151174518116,2.2371499612556573,3.5254425387507906,0.788805516433339,3,78,182
1241,41.61695629052659,33.83721613724266,3.99493304951291,2.69268420954805,0.7688336755335606,3,79,181
1242,28.082470780096628,25.832301898343715,2.235427044811649,3.5299006407407902,0.7730322309215724,3,80,180
1243,40.41568117134027,33.67935609685469,3.9985251055256814,2.695919341909784,0.7465991917985623,3,81,179
1245,27.864826109702182,25.733099727742335,2.2362436763240146,3.530714959351167,0.7496450679878089,3,82,178
1247,41.6427020562054,34.856675647434145,3.995894881418469,2.6973035934049494,0.7841944738768709,3,83,177
1249,27.672034812346613,25.733356682666184,2.235721567887083,3.5230418752713395,0.7912020654997644,3,84,176
1251,41.666127528934624,33.93437846177736,3.9948545437295775,2.680482862570943,0.7794288991642312,3,85,175
1252,28.179264507415983,25.863930247109877,2.2350844474311047,3.529036125365141,0.7840197789124559,3,86,174
1253,41.55823578501682,33.87341008861747,3.99613146519462,2.686758150797836,0.7649745304489108,3,87,173
1254,28.16980766884828,25.86962789978266,2.2362882032870823,3.53313551851166,0.7688242007266726,3,88,172
1255,41.25451200429936,33.801632457231946,3.996235079267833,2.674688015022009,0.7467856584583822,3,89,171
1256,28.077328923598568,25.848141578478423,2.2352293126217315,3.538000852232352,0.7500985396675506,3,90,170
1257,40.05463707446548,33.841214598826475,3.995317141166538,2.686289969564933,0.7507317373013174,3,91,169
1258,28.356438630208725,25.862058005780032,2.237156484218591,3.5372385107968487,0.7557136853577625,3,92,168
1259,40.76452850374992,33.68915739169769,3.995361067358871,2.6945279873006065,0.7211299463718643,3,93,167
1261,27.923354250381475,25.738891330617058,2.2363970728052065,3.540642546794292,0.7248219490613181,3,94,166
1263,47.45925542600303,44.27504698193625,1.0054061310164104,2.682915069119874,1.7090760444380104,3,95,165
1265,46.986624679116446,45.42572260466843,2.2352743298538664,2.8382879704892683,1.7223921909350832,3,96,164
1267,47.733284854985534,46.496780020843715,1.0045560878148372,2.6893633842231077,1.732537415309614,3,97,163
1268,47.05173869507486,45.513445804115676,2.203712506442686,2.682825197835,1.7291970168119262,3,98,162
1269,47.68533526444168,46.4678468881245,1.0039916444953547,2.663011590614207,1.7344753742927452,3,99,161
1270,47.0089178877382,45.48056264369703,2.1765601507948795,2.665669946626242,1.7319023115752503,3,100,160
1271,47.67231335727975,46.45190241544343,1.0035412359730254,2.6936866986118786,1.7334508942808629,3,101,159
1272,46.96058759654389,45.47565952325479,2.197001971624889,2.6799551146653755,1.730461994577071,3,102,158
1273,47.70025798751115,46.440231939332925,1.0033495846328242,2.644136217828117,1.7357924496202632,3,103,157
1274,46.97102138769274,45.48235596268505,2.173094261311564,2.651710989019871,1.7331408169165292,3,104,156
1275,47.70250785089967,46.465222077063906,1.0030055331887324,2.6743889241293517,1.7351431460450997,3,105,155
1277,46.97067134318274,45.47727743923944,2.236238478128929,2.7895049508355374,1.7309210841552494,3,106,154
1279,47.77567590438216,46.49072067213048,1.0027747249074537,2.6812131139529,1.725911825724235,3,107,153
1281,47.0426680642022,45.49864714863976,2.23742484726517,2.798568318509314,1.7291407699172356,3,108,152
1283,47.68448077336878,46.47888431603475,1.0034382664884212,2.6999262584848243,1.7335631071611282,3,109,151
1284,46.93844024753234,45.501084328037194,2.202362788157662,2.677530793767928,1.7317310627863025,3,110,150
1285,47.66868390973605,46.45480276183313,1.00341328437475,2.67095044814488,1.7350602573646186,3,111,149
1286,46.92172375747724,45.468228007767074,2.192842701936747,2.6613654052000464,1.732563218552038,3,112,148
1287,47.63553822379171,46.423098338329766,1.004224655039593,2.677767553221005,1.7338777625665636,3,113,147
1288,46.89571853658413,45.44682364450976,2.1945083516296453,2.663342754120566,1.7320757065081818,3,114,146
1289,47.64097688926351,46.417883981463206,1.0021217239246465,2.6464594317551624,1.7351744766264798,3,115,145
1290,46.87595366127297,45.44740100073103,2.1799516161346557,2.6463333920751,1.7322958203240122,3,116,144
1291,47.67660695857828,46.41962937983975,1.0037473971660458,2.654408689336339,1.7340690862554022,3,117,143
1293,46.887145117618566,45.411274411481344,2.235741283493235,2.7747126311788883,1.7317540800485705,3,118,142
1295,47.670062907549664,46.437216774742105,1.0028648893332504,2.6386466599890395,1.7355468799945057,3,119,141
1296,46.88728936297268,45.46973632274594,2.1787438552105427,2.6424048366811177,1.7342130198043557,3,120,140
1297,47.67504818462313,46.44051551612336,1.0029366943014713,2.650918288963567,1.7346662610369292,3,121,139
1298,46.88467998032501,45.46710071585051,2.183541926092712,2.648807474254224,1.7324515967106122,3,122,138
1299,47.66226480407664,46.438246093452804,1.0055702938792732,2.6471595195723987,1.73357736900196,3,123,137
1300,46.867601075385735,45.45470440699787,2.179573209483752,2.645306062483173,1.732478017423639,3,124,136
1301,47.65776484346084,46.419799968945064,1.0035201801507372,2.669669356026842,1.732408618212244,3,125,135
1302,46.8573807118424,45.441195416046796,2.191879038989231,2.656072712314063,1.7312341404016645,3,126,134
1303,47.65588226485245,46.41925960985013,1.0023712414422137,2.6833023579431665,1.7313413577908439,3,127,133
1305,46.85631035417876,45.40069771096212,2.2356392067975093,2.783540969509714,1.7291331308533344,3,128,132
1307,47.68924379895171,46.442880190211326,1.0031895155635666,2.664835318499988,1.7313191712566012,3,129,131
1308,46.885419020515535,45.458393925611645,2.188733275957321,2.653069841636929,1.73578841479416,3,130,130
1309,47.68013294716548,46.45501075115101,1.0022727458635838,2.695190974478952,1.7324163346486323,3,131,129
1310,46.84944418126518,45.45254633792311,2.20838875123848,2.673054727499716,1.7292163563802267,3,132,128
1311,47.69683888709109,46.42899601057107,1.004096237718038,2.659441128426158,1.7310171521295261,3,133,127
1312,46.84310889770035,45.449385749863204,2.1911851582752253,2.6560269666614924,1.7299261836390774,3,134,126
1313,47.68346890250753,46.4460831551733,1.0023111389899824,2.645724055946119,1.731566095171064,3,135,125
1314,46.902810294193,45.489462422118734,2.173218293646512,2.6477084885370763,1.730375036554773,3,136,124
1315,47.72656082449746,46.477279245422224,1.0020932273329095,2.686333486141192,1.728680946997134,3,137,123
1317,46.92796384193591,45.48439470911848,2.236103496451928,2.7883733595385194,1.726587603449005,3,138,122
1319,47.7336433887077,46.50566493668475,1.0026245473984143,2.67226557137279,1.7289920706575297,3,139,121
1320,46.88129141758841,45.49854527399584,2.1905114967779595,2.660453469024999,1.7296794410752916,3,140,120
1321,47.73354479118836,46.489529302216496,1.0031176329618126,2.6426430588133014,1.730319526162887,3,141,119
1322,46.858564538027416,45.49365786032188,2.172574089988038,2.648097440309745,1.7299451821270848,3,142,118
1323,47.74132595782936,46.47422502580763,1.007180550602924,2.6490836320353925,1.7283812825369502,3,143,117
1324,46.846630716290015,45.475300611635916,2.174851134969682,2.652231863808183,1.729174454546451,3,144,116
1325,47.73740327080965,46.467598009037445,1.0057632619161987,2.65252579490315,1.7279324678875285,3,145,115
1326,46.875421981667216,45.494686837886576,2.18225017202558,2.654416353568841,1.7290460855097427,3,146,114
1327,47.780084445812335,46.50711933936233,1.0036710316885369,2.6675427612038987,1.7270923862535195,3,147,113
1329,46.87380782674028,45.46013930931233,2.234886871904932,2.784955757631024,1.7271863979126085,3,148,112
1331,51.74025766413764,48.821116047310866,1.9993456181076448,2.6781395492001447,1.6700219833964538,3,149,111
1333,46.911983409984,45.46345997861025,2.2368416937456272,3.0821329206275565,1.6782603673311172,3,150,110
1335,51.80596353207629,48.86273917281783,1.999341108890042,2.637555628457468,1.6700487254328749,3,151,109
1336,49.30542699763058,45.63413602456737,2.236230653154246,2.992210057332372,1.6738870383999764,3,152,108
1337,51.79140734732303,48.859668212563015,1.9995292630247652,2.654677503869026,1.6616216347232553,3,153,107
1338,49.20167914267762,45.620961122322925,2.2344138731644554,3.023918775320172,1.6644105731301637,3,154,106
1339,51.7543308845732,48.84759659003841,2.000878662224101,2.6785586854358763,1.6536231379213522,3,155,105
1340,49.14460276148516,45.613873918822634,2.233910015988464,3.0472409077597176,1.6566254449205209,3,156,104
1341,51.86320043661648,48.86015453747502,2.0047864831033904,2.619691419158041,1.6526921178587504,3,157,103
1342,49.27169093608364,45.614525333246704,2.236900693305214,3.039147027610037,1.6554718251490226,3,158,102
1343,51.81917888349145,48.85593683732135,1.999637685107115,2.6631019561941023,1.6452620824430895,3,159,101
1345,46.80399366728843,45.4358083882308,2.234362278580845,3.1702294578582477,1.6485522512389283,3,160,100
1347,53.95646661253941,49.04132294442338,3.995168139661149,1.7489828090032309,0.4314127743056604,3,161,99
1349,46.21404797550527,45.271922574944206,2.237213056809302,3.624496915762108,0.46190742033808047,3,162,98
1351,55.67880428959517,50.17313973556242,3.995770620186177,2.535468112391112,0.5638265238724336,3,163,97
1352,46.93143090160407,45.68429346333393,2.234949600102387,3.568814427149817,,3,164,96
1354,58.72626885895911,51.631545591665024,4.025628898561539,1.999936473158621,1.7410421311147735,3,165,95
1355,57.8003658552795,45.36087852627897,3.133555491446764,2.9116942110363646,1.9179451916522883,3,166,94
1356,59.76796387174703,52.84944288631656,4.025958335657771,1.852059092593436,1.892494572020735,3,167,93
1357,58.12046246781466,45.53920281169334,3.1964904712076576,2.945317113109063,1.9010776616131269,3,168,92
1358,59.844347317645614,52.905865867265994,4.026389228000425,1.8857258246963948,1.873372247318495,3,169,91
1359,58.15283763914885,45.55779558885163,3.2631080602414437,2.9892547348944074,1.8847357579176904,3,170,90
1360,59.9199472840752,52.90438507577814,4.026146941716451,1.8534777499421091,1.8638646872958329,3,171,89
1361,58.19736907925236,45.57807046295798,3.297598387785184,3.004328000707708,1.8750330124505545,3,172,88
1362,59.89475354681757,52.87534956891003,4.025666629939814,1.913443763136564,1.8510447986165413,3,173,87
1364,46.41092449317691,44.916270179735584,3.7197701292182734,3.276965816132871,1.8620647178570167,3,174,86
1366,59.58813236464061,52.762650424805656,4.025842153897144,1.9392366668780088,1.8594752806925032,3,175,85
1367,58.65885128713221,45.577826940789116,3.2009835492524705,2.964243206947633,1.8877726686960152,3,176,84
1368,59.81336613073259,52.78843384352056,4.02540869735572,1.926680416628282,1.8524518675409838,3,177,83
1369,58.285001183142896,45.56785383200995,3.290335493802135,3.021878243357913,1.86173280268046,3,178,82
1370,59.75433532594285,52.7841972696045,4.0262930686050655,1.89070792341858,1.8394463759473032,3,179,81
1371,58.33254167694864,45.57875486757729,3.3225395415802352,3.034586294245295,1.8502433514215249,3,180,80
1372,59.7737242563152,52.75173838351513,4.0260391640732776,1.93249158993614,1.826559163792178,3,181,79
1373,58.35429989994426,45.570131706379634,3.3431191677535845,3.058625180404176,1.8366479060265204,3,182,78
1374,59.80010734859943,52.7506031720156,4.026327827070244,1.9713665258317916,1.8151192260386393,3,183,77
1376,46.444257046819565,44.93999659273173,3.7716545235518097,3.3219102473202384,1.8237698433646734,3,184,76
1378,59.92418745751934,52.76187024768883,4.026273510345562,1.852379628685352,1.829876852776988,3,185,75
1379,58.969705052268445,45.63707979173866,3.3033752892110604,3.024615700297674,1.8507623359309007,3,186,74
1380,60.120904895462246,52.810328108304326,4.027610977919839,1.8385968486453488,1.8194702568648373,3,187,73
1381,58.641891996213616,45.616846798143015,3.367765206891056,3.0679374568673228,1.8295981571579152,3,188,72
1382,60.15908336784943,52.803620504971605,4.026372824644528,1.8332269197665616,1.8065781233003868,3,189,71
1383,58.6500137670505,45.61720052406039,3.376899644501316,3.0787728751548515,1.816634062249396,3,190,70
1384,60.0330623550184,52.774286568476356,4.026624128013423,1.8809955356138472,1.7934852899552904,3,191,69
1385,58.56280851139692,45.622926450398,3.401479351456202,3.0972120422110128,1.8040959303168944,3,192,68
1386,60.155675284547456,52.80429201579515,4.027030400371651,1.800038174333754,1.7894233906451384,3,193,67
1388,46.45442353225516,44.97714307463395,3.808436982953248,3.339792054961044,1.8007329569647674,3,194,66
1390,59.70826330240836,52.721179096315566,4.026417322328161,1.9415928705254093,1.8145615200464418,3,195,65
1391,58.81050116624897,45.58325856738573,3.2935448565000094,3.0223089714986378,1.8493686725244527,3,196,64
1392,59.826072535975634,52.76566676387698,4.026696437352965,1.972461938837724,1.805770885257872,3,197,63
1393,57.92583661670957,45.55484677675529,3.422288756499841,3.1113370377389757,1.8159609368211636,3,198,62
1394,59.97193555147316,52.80160858510679,4.026796677718367,1.9166086737918733,1.7922464343926998,3,199,61
1395,58.08369767313218,45.58635894664188,3.4320795733347924,3.1195803094661585,1.8020699419417299,3,200,60
1396,59.90509096707212,52.76338281760698,4.026614754186135,1.941628602033569,1.7783091721653137,3,201,59
1397,58.01012533674032,45.56935719808159,3.453596760263507,3.133843301321004,1.789504756089077,3,202,58
1398,60.003884509148,52.793663259837146,4.027889167613304,1.8754484122099284,1.7713082457944238,3,203,57
1400,46.45888743998992,44.963745701721784,3.842881431730385,3.34586862805747,1.7837246469380164,3,204,56
1402,60.25771781052726,52.75741582344694,4.028085314718813,1.8380927294124036,1.7896021881264466,3,205,55
1403,58.83074526268808,45.62984563611478,3.396829006475455,3.105953158511959,1.8037673490305144,3,206,54
1404,59.90492726798961,52.866554147425745,4.029581554780258,1.999771637867575,1.7635797539082467,3,207,53
1405,57.66544153043245,45.60412656598012,3.50744029198598,3.1782457755344584,1.7741182042948893,3,208,52
1406,60.33243416075105,52.88238533970063,4.027766402722573,1.8317514112942035,1.7586432149794515,3,209,51
1407,58.45597433271461,45.654385566379915,3.4715380305812005,3.14652160767258,1.7691587532201376,3,210,50
1408,59.98669670538192,52.89174684629843,4.026628807325158,1.9739559216587697,1.742175340074322,3,211,49
1409,57.75478580807194,45.60709764874769,3.5304865318194696,3.1860115977250065,1.7541326793089194,3,212,48
1410,59.99528714045464,52.86276331800625,4.028075633238784,1.9069490533352145,1.7349130269270305,3,213,47
1412,46.456733072758695,44.997450409079455,3.898879285633259,3.3766478940187987,1.7487009704820264,3,214,46
1414,59.98821696841703,52.85514927949408,4.028992071533853,1.9996278665665836,1.7549096434921705,3,215,45
1415,57.86934107187963,45.57881644103388,3.523669798656184,3.1813544067921264,1.7727239888819752,3,216,44
1416,60.01985635641876,52.84555100149494,4.027443008545737,1.9297361391600047,1.7392632557091767,3,217,43
1417,57.85002723076666,45.58701120901211,3.5335355000795903,3.1902126122490886,1.7493259440256348,3,218,42
1418,60.26410091872941,52.82153486606997,4.02657515612885,1.811689567857529,1.7308453046039776,3,219,41
1419,58.07317665286578,45.581094750879906,3.5374942902760647,3.1859272670007264,1.742185444176118,3,220,40
1420,59.92046248220958,52.81580315824478,4.026308111025025,1.9610731754377528,1.71505688336825,3,221,39
1421,57.777734220470414,45.56457489362503,3.5716651256934604,3.20550737284975,1.7274150580888692,3,222,38
1422,59.887692512983016,52.80521928839473,4.027821145847748,1.9482718394124845,1.708122613877145,3,223,37
1424,46.44203919843208,44.95180581230516,3.90603727744142,3.3887818684191835,1.7218426532338604,3,224,36
1426,60.158935395611046,52.80312343851032,4.027453382422719,1.867494399191276,1.715305938319085,3,225,35
1427,57.96901700065599,45.57349969867257,3.549548302110423,3.2041242768344937,1.729979558903676,3,226,34
1428,60.04748235788095,52.85759471288148,4.027257877744434,1.926783206032701,1.698808428912478,3,227,33
1429,57.53334462180174,45.55248315349404,3.6040187652197018,3.227896212855775,1.711105596250338,3,228,32
1430,60.167863371476415,52.85638451770691,4.028220020010547,1.869562035017659,1.6913992636711075,3,229,31
1431,57.57611501789387,45.55562803371029,3.601886394318897,3.2251794582400084,1.703996384493232,3,230,30
1432,60.09738415148209,52.882092513244274,4.026463660977024,1.8881277069953315,1.6833923934226798,3,231,29
1433,57.540970989828615,45.57176892732997,3.6015138769752846,3.229036912091141,1.6971736613399413,3,232,28
1434,60.02940147619038,52.87120880021078,4.02785957922289,1.9264548202409049,1.6759586272516278,3,233,27
1436,46.44353111217082,44.95076749241375,3.917663952559461,3.395784441276158,1.6876307519663583,3,234,26
1438,60.33090148423857,52.8949932373189,4.0268345490967095,1.8497742851139864,1.696710200880261,3,235,25
1439,57.73281802100325,45.567377390922786,3.5894698270214023,3.225970795911969,1.713461006321426,3,236,24
1440,59.88870262903497,52.90577737967025,4.028134400513877,1.988399313722457,1.6769561306727805,3,237,23
1441,57.012466211101945,45.519872169795434,3.638463026787171,3.252424551153868,1.6889589458589371,3,238,22
1442,60.13011665786984,52.85049305569667,4.0269371723961935,1.8822716064606957,1.6701366470434635,3,239,21
1443,57.52335617822936,45.57622523164018,3.599421902347721,3.2353562317611355,1.6839817609446575,3,240,20
1444,60.20528139553767,52.93318563948955,4.02674927094555,1.8693019781355495,1.662917806206786,3,241,19
1445,57.59252883843284,45.59491688508629,3.6006039044735023,3.2373173976650067,1.6746431338563523,3,242,18
1446,60.24494659507955,52.91920185424772,4.027330387109479,1.8433554303146655,1.6548680989676507,3,243,17
1448,46.46093657331467,44.972012695570896,3.913118614560136,3.3956175508233724,1.667552305598245,3,244,16
1451,29.583130164671164,27.46874317220577,2.235609750216032,2.8814484282295205,1.8055663600078102,3,245,15
1453,31.679728237853865,30.261078788805897,2.003545780105601,2.6151397684307285,1.8050122265203394,3,246,14
1454,31.39241239025519,27.48786431190017,2.1861060083296824,2.700394734086562,1.811470393549039,3,247,13
1455,31.42728999177483,30.023214006195516,2.0005429484896995,2.578716047628789,1.8051263145254925,3,248,12
1456,31.13317965734637,27.37862941989798,2.173237543162488,2.6834673582852595,1.806249825886748,3,249,11
1457,31.694210133469813,30.21665562692593,2.001716318999832,2.679890873914289,1.7978274191463788,3,250,10
1458,31.385374027640992,27.69584937860347,2.22923792883321,2.743846258079864,1.7978420741922085,3,251,9
1459,31.849947051821637,30.363564779968748,2.0013061408259385,2.674600586599544,1.7931711872192706,3,252,8
1460,31.54952638884133,27.72630989215193,2.2289961920577825,2.7424530452657176,1.794581843429145,3,253,7
1461,31.89197660091397,30.383708693138953,2.003132431573937,2.655983638577288,1.792238194451411,3,254,6
1463,29.6379948334367,27.441559803681642,2.236398670845004,2.893880521797591,1.792261206054909,3,255,5
1465,31.647839531181656,30.151543075778466,2.000382265647373,2.5587601304544574,1.7755459789236139,3,256,4
1467,30.12441249730174,27.281424706621248,2.237538747352037,2.867026965266345,1.8004946253952565,3,257,3
1469,31.66717160096336,29.942877366572425,2.0009566453567627,2.684075980505414,1.7925651671339253,3,258,2
1470,31.368813415478925,27.923710928655783,2.2227039388491203,2.744568906984175,1.7959169241755908,3,259,1
1471,31.17306504233793,27.712570342259376,2.237019000637909,3.632761699092343,0.6900815826840339,3,260,0
1472,31.543075306784417,30.159672019699293,2.0032399141635837,2.692955180725203,1.790701874840497,4,1,30
1473,31.24477761930145,27.697575183177722,2.228046195083026,2.750205890015816,1.7892197577282536,4,2,29
1474,31.63889282611546,30.18503729745987,2.0048267623571854,2.664091579679959,1.7869851774822447,4,3,28
1475,31.33818189336617,27.77263834426661,2.2052488327234263,2.733798539040588,1.7877092875552423,4,4,27
1476,32.06283964981591,30.557366977302667,2.0036009637765297,2.599501054239839,1.787263999073006,4,5,26
1478,30.647934635998983,27.862896402270046,2.2368123726951867,2.8984590682902343,1.7870980111818253,4,6,25
1480,31.17821904490572,29.87809290999813,2.004912384137109,2.5987712023407274,1.7820005857342394,4,7,24
1482,30.047035050693896,27.242803554387834,2.237209095662689,2.886237069608154,1.7885667317264036,4,8,23
1484,31.830430244172504,30.329541918405045,2.007057616844831,2.568337342317612,1.7853095616579493,4,9,22
1485,31.564468497512213,28.077432823135297,2.1489488260740037,2.685914113036767,1.7851877751955874,4,10,21
1486,32.176676996947776,30.67805955282036,2.002345592887727,2.571655326217227,1.7806818497878172,4,11,20
1487,31.906343522477563,28.130101514422655,2.148499549146016,2.685118444876326,1.782982922101034,4,12,19
1488,32.101579055970326,30.61748146501738,2.0042056776412545,2.5464403411304843,1.7791487100513719,4,13,18
1489,31.84405064294094,28.008160535724386,2.1393375575688798,2.678049190304575,1.7786645879399507,4,14,17
1490,31.92722580084625,30.47693232752601,2.005381985851277,2.5488905698718844,1.7740146108783725,4,15,16
1491,31.65180460592886,27.93123265293994,2.139872450838562,2.681522250285655,1.7738952200284919,4,16,15
1492,32.17577171129977,30.59851621920085,2.008651720668571,2.592227961453642,1.769921425497561,4,17,14
1494,30.585526719099636,27.80435193010736,2.2365769291399857,2.924977610633768,1.7680822042893216,4,18,13
1496,32.50607956309833,31.100240402928506,2.003317125586951,2.598546956085325,1.7414000037817352,4,19,12
1498,31.24380195867493,28.3045248128492,2.2364071555279232,2.8731894719981903,1.7724904749887653,4,20,11
1500,32.36361154404582,30.938169249041685,2.0076002242955377,2.6924907199800523,1.7651724344819204,4,21,10
1501,32.04460872595709,28.338880714307447,2.215529616084352,2.7492057603930755,1.7666472531895923,4,22,9
1502,32.23987480909281,30.779624907003203,2.0035478824784314,2.6173421756941537,1.7621818858413765,4,23,8
1503,31.949008639935396,28.19633864684736,2.172237591403333,2.709496640729355,1.7642297793620119,4,24,7
1504,32.1209393902127,30.70960684046627,2.0037779278104373,2.6240203066915697,1.7582159342190344,4,25,6
1505,31.86146023869556,28.111510258994713,2.1790743084031865,2.717158904904557,1.762060498144271,4,26,5
1506,31.876773372691297,30.47705959403915,2.0020973714849557,2.63525875804135,1.7525457620017804,4,27,4
1507,31.598436039103884,27.861189933998737,2.183917973721043,2.7276046163290406,1.7552585191959158,4,28,3
1508,32.13891568195097,30.54925924889458,2.008192950178892,2.540126038881981,1.7524881861263863,4,29,2
1510,30.652962454948145,27.841957599381974,2.238398393915281,2.9325411744550265,1.7551113949247772,4,30,1
1513,28.6831808059837,26.93409389667083,2.237359879683241,3.723942483241924,0.4761401244736409,4,31,0
1515,31.30995086456362,29.858081061792472,2.0032214377942505,2.578459071114453,1.7603048337374725,5,1,124
1516,31.03017222019503,27.384649014653206,2.1300753340092142,2.6841664861230217,1.756656353127148,5,2,123
1517,31.44390039724308,29.927497513672723,2.004916509907621,2.6156681128542663,1.748819206898112,5,3,122
1518,31.147452562254077,27.379403013069133,2.1564988957318363,2.711568840166098,1.7519023191861864,5,4,121
1519,31.383820135357173,29.887309173794996,2.005217576993348,2.6736673087239398,1.7418058101717866,5,5,120
1520,31.09585142054382,27.290042513175024,2.1966355998740625,2.748474356426687,1.7423597929371544,5,6,119
1521,31.360116664622662,29.974612767860144,2.0045790903634986,2.6531966228276134,1.7368474046783549,5,7,118
1522,31.070267014577144,27.247634874540225,2.186738794533911,2.7412725411006087,1.7390022776856788,5,8,117
1523,31.44534438395542,29.928807475767645,2.010698718226501,2.5306280538039845,1.7369926915459797,5,9,116
1525,30.177719446308807,27.406002515770446,2.236081845841474,2.952062513667257,1.7374885553948172,5,10,115
1527,31.550251048213177,30.029795182593666,2.0051316277429905,2.651385292787423,1.7178341653770364,5,11,114
1529,28.14869308679023,26.96419496283708,2.236493906655999,2.8852968086956503,,5,12,113
1532,36.71744985096319,30.57466734048236,2.014638801503157,2.129158438168119,1.7690413416125992,5,13,112
1534,35.70113647811508,29.95773352180402,2.0148053114573066,2.1712317301519577,1.7560181073372911,5,14,111
1536,35.604456217007545,29.657371849977196,2.015434761164688,2.095290280372333,1.7528881211627392,5,15,110
1538,35.76285352997919,29.58111945436258,2.0155565107237616,2.1366970037230573,1.7451947192154724,5,16,109
1540,36.007677297437105,29.852452033753185,2.015995237854003,2.168073033459323,1.7416432050404294,5,17,108
1544,33.431937420119205,29.44940696187815,2.0156141177062725,3.3813406435619986,1.4712135921029772,5,18,107
1546,36.26317829568585,30.133153080135422,2.0146673758608302,2.139145470034486,1.733899164202838,5,19,106
1548,35.7623078299739,29.740453708978055,2.016448918600222,2.0578186631112567,1.7263972849625826,5,20,105
1550,35.6522927277619,29.503354124651093,2.016370882539026,2.0659696365057045,1.7188097934688553,5,21,104
1552,35.46408341742395,29.324509292718897,2.0173293605362743,2.128700063525188,1.7122215548282036,5,22,103
1556,35.57686579319408,29.22569193760115,2.0179688284834034,2.0313187007109774,1.710649239351079,5,23,102
1558,35.388257294125744,29.238210532728655,2.018830939124682,2.1649043558777703,1.7035233372671104,5,24,101
1560,35.480764002425865,29.20609205353922,2.019325717882185,2.0349571700229223,1.701650944828415,5,25,100
1562,35.44318242068533,29.183920322474094,2.0198651097991984,2.181544114739576,1.6915817340657038,5,26,99
1564,35.53526888191109,29.153714127894734,2.019707495930309,2.113769860085841,1.6899691710888631,5,27,98
1568,35.63389752973798,29.10632507144163,2.019811604847253,2.098421577709346,1.6938117747720407,5,28,97
1570,35.59922975777694,29.126742424015156,2.019941517456099,2.037616415551784,1.6856887638480709,5,29,96
1572,35.43687423276839,29.11535255703125,2.020188403345957,2.187174985653482,1.6786768767144113,5,30,95
1574,35.61618852753751,29.12272547212756,2.0200971028016084,2.072733153164181,1.6771787148735313,5,31,94
1576,35.607533152172905,29.13774561916092,2.0220817004003178,2.153538168709435,1.6684905999015442,5,32,93
1580,35.78017086282214,29.35747712988229,2.02087074020935,2.0832977472531726,1.6994677639030686,5,33,92
1584,36.29735151754127,30.058298726634376,2.0221682438178825,2.199482829433638,1.6884015360037665,5,34,91
1586,36.77407258413331,30.335552136245834,2.019460626145152,2.053610599291471,1.6856497620204811,5,35,90
1588,36.6898808416456,30.22790176989086,2.0196503096891822,2.0842633816547624,1.6753887039837743,5,36,89
1590,36.474588298798025,30.04068826163031,2.0197092405916743,2.1599889328107214,1.6635078043969158,5,37,88
1592,36.53730084509967,29.995148407588697,2.021433558764001,2.1678081694534352,1.6578688201485827,5,38,87
1596,36.91332213005366,30.299545316589416,2.0209567624857296,2.0092759412003707,1.6659610149617121,5,39,86
1598,37.19792815636057,30.68092451180232,2.0209872934269897,2.0586265993400703,1.662051975900005,5,40,85
1600,37.30788971906059,30.663435287795615,2.0191972634782047,2.043267705708337,1.6549135874495418,5,41,84
1602,36.91850317978018,30.40848004603748,2.0193297812824187,2.192115165922968,1.642752428622501,5,42,83
1604,37.047150483309736,30.239404481904074,2.021266928188253,2.009457332273357,1.643892513918311,5,43,82
1608,37.11898525927804,30.138707501965232,2.019754051447638,2.022898050960585,1.6447068359485815,5,44,81
1610,37.20592886199134,30.490922726298486,2.0194164856966417,2.0786601580627257,1.6400376950176017,5,45,80
1612,37.36855348711016,30.52916769412123,2.018937306071589,2.0245603644426806,1.6328068361517372,5,46,79
1614,36.95276259711366,30.179619049814637,2.0197870445936115,2.1378818450405794,1.6206187302265682,5,47,78
1616,36.815592394057184,29.93310245467766,2.019731795851263,2.183476039948653,1.6133619764641156,5,48,77
1620,36.96422627426333,29.855112852408766,2.019357908989728,2.0156684625826635,1.62070005298004,5,49,76
1622,37.23035953747147,30.257387669276046,2.019389721774823,2.0632481862122884,1.6142037110005265,5,50,75
1624,37.46832272742832,30.562785800580222,2.021379730129784,1.9973214087149431,1.6140404156466168,5,51,74
1626,37.6505920814981,30.59004134732037,2.019502208637406,2.040034213071634,1.6059872970531353,5,52,73
1628,37.16199226931662,30.190272809188617,2.02072945969767,2.11763338483894,1.5917543421208546,5,53,72
1632,36.86635295736364,24.18340292381302,4.032113976084337,2.166646513631925,1.1630782960228148,5,54,71
1636,38.12553242159685,23.826987359225914,4.034013050651154,2.1499182639223604,1.115171744141844,5,55,70
1638,38.33981699002702,23.77974968565753,4.034190401454665,2.162600478224296,1.0916547194478419,5,56,69
1640,37.77196459678644,23.729074463498666,4.032988970431842,2.174009268733748,1.0814873649842207,5,57,68
1642,36.82466507220515,24.093822128089528,4.034270870730653,2.1861984912538444,1.1728593718224347,5,58,67
1645,38.55810679258891,23.99346261249294,4.035551171922283,2.1758569457027304,1.1774888839198918,5,59,66
1647,38.71410921886447,24.134267829139272,4.0336360496244295,2.1928857082631903,1.1562599060933487,5,60,65
1649,38.82770605774448,24.399198659580694,4.03449697480989,2.1962120524397566,1.1465073060860176,5,61,64
1651,28.576587463983174,19.290333517015608,4.034666797827482,2.177441070098024,0.7519829121421977,5,62,63
1653,39.82101597656743,24.88014162106386,4.034572987789034,2.1475982200987445,1.1548509540695115,5,63,62
1657,39.40691039052945,24.484790248053308,4.03512977633892,2.1889636369151995,1.144605016807157,5,64,61
1659,39.34611379625948,24.324380281877854,4.03420892483412,2.1591530449897105,1.1359889370918652,5,65,60
1661,37.81632351305823,24.31173812149945,4.03394881658736,2.1872998670546773,1.113702353603975,5,66,59
1663,39.87139328791911,24.798155128694976,4.034576773439992,2.1645340110741715,1.1304738274045587,5,67,58
1665,39.50565821587436,24.477937441374635,4.034351864470546,2.1770285343272047,1.1204388932231746,5,68,57
1669,38.61632478517865,24.426888204419104,4.0360153311832665,2.141111284495936,1.1248586607870066,5,69,56
1671,39.5809379115645,24.529804368213707,4.034406713148468,2.169659057289744,1.1133011505974377,5,70,55
1673,38.80523939319278,24.521420210496924,4.03395759066338,2.181654361966916,1.105288915982134,5,71,54
1675,39.65831560799121,24.626500323697712,4.035821871740746,2.152597184317211,1.1083700926824462,5,72,53
1677,38.94866184020599,24.561944088587065,4.036045295099187,2.1543073222809688,1.0979254383211254,5,73,52
1681,39.202440143533465,24.349376846518034,4.034780378871755,2.177098848593695,1.1007914126539047,5,74,51
1683,39.957340694247904,24.839628028264915,4.033579787707524,2.1860372690383523,1.0904031750367777,5,75,50
1685,27.779193601334228,18.664216427377188,4.03486917319316,2.151510007358308,0.6638945362466787,5,76,49
1687,28.17217588027361,18.036688378070966,4.034128418138735,2.186039852986656,0.6390375170560377,5,77,48
1689,28.019806483186763,18.05907472602224,4.035982933293039,2.194439659521147,0.6269102336500881,5,78,47
1693,39.575497528042895,24.76547773055195,4.03581430505571,2.1996590897894817,1.1577719449364754,5,79,46
1697,40.52562745153084,25.247650848522692,4.034670379890685,2.136107030636872,1.1470066557315497,5,80,45
1699,39.732594757918605,24.850317398468412,4.034567644462774,2.1419779252621813,1.122648178721466,5,81,44
1701,28.137335489275596,18.864531156596232,4.035671934777944,2.1988863560155885,0.6749081859922608,5,82,43
1703,40.6472857322764,25.750153086607327,4.03342279801976,2.122954770697664,1.145443154060366,5,83,42
1705,40.39876505346307,25.210180888220314,4.033737999973946,2.152849839303629,1.1060092987358678,5,84,41
1709,40.90163609300309,25.400612986280134,4.033875415877974,2.196522899315092,1.1076628727769047,5,85,40
1711,41.18900895779625,25.47246500800018,4.035122004029501,2.197996842344396,1.0965438763024562,5,86,39
1713,41.34432689728045,25.7066698253335,4.034188562278321,2.1297135396833,1.0999108874878214,5,87,38
1715,41.46126781944402,25.73079046383608,4.035608644890248,2.167460006041706,1.0890538962010252,5,88,37
1717,41.26138545585116,25.610151874322735,4.03477323779569,2.188428099048639,1.0778240451504961,5,89,36
1721,41.67057172451578,25.871001272619925,4.035478262157419,2.1364927300394707,1.0942899130462178,5,90,35
1723,41.18674777166984,25.600970602838455,4.0348123254431405,2.191166300272401,1.0692994573539973,5,91,34
1725,36.89985043885535,22.97283104775157,4.036198260626553,2.1913163423875845,0.8891979599980914,5,92,33
1727,29.79153666326944,19.739623944709617,4.035140494431039,2.1777089403180425,0.6525371991265656,5,93,32
1729,9.15118085083689,6.0573358126113375,4.034942103518998,2.1316975124246333,0.10436141374860948,5,94,31
1733,8.639171556267463,6.452306826213871,4.03535806126515,2.1969934922661687,0.10441486158221754,5,95,30
1735,8.36040279366827,5.8829411130714435,4.03389585056911,2.1767041905630014,0.0902890550643582,5,96,29
1737,10.13355592147926,7.141415346306763,4.034621719624155,2.137070814591814,0.1043561199609678,5,97,28
1739,7.825436879589506,4.976092805264432,4.035455276480104,2.082550981383133,0.09065656146546816,5,98,27
1741,8.862063004604039,6.411857494253951,4.033746345766042,2.144385419639702,0.09080923932386405,5,99,26
1745,12.075623262738652,8.336150156814936,1.0117101728405982,2.1679616860507585,1.4986076318970345,5,100,25
1749,11.61044167945082,8.088311260303593,1.0157168253561746,2.180850179577844,1.579135487853239,5,101,24
1751,12.416393344856289,8.108636077883194,1.014585811777543,2.148712088809679,1.5762839266120763,5,102,23
1753,12.741907914911504,8.179473273978417,1.0152252739169738,2.126630218048744,1.5703291858509756,5,103,22
1755,11.812176644627147,8.133323147997125,1.015528714589196,2.177720591678305,1.557705100764068,5,104,21
1757,12.77319183354637,8.221548017024785,1.0152994782253597,2.1738551413791023,1.553552324173563,5,105,20
1761,11.714847602816857,8.196033184015116,1.0156907563945252,2.1739453453589515,1.5426480709071098,5,106,19
1763,11.58953853216132,8.16363192494008,1.0141702039281322,2.1496986936751377,1.5383949989854036,5,107,18
1765,12.228023164640565,8.182297960881899,1.015116075388854,2.130871451051632,1.5307300821693128,5,108,17
1767,12.995413081963957,8.239851195999249,1.0161898571210812,2.1249846428522594,1.5240639592042944,5,109,16
1769,13.00690019959285,8.314381068196377,1.0156335856045815,2.124079082604729,1.517320478682547,5,110,15
1773,13.003396618491456,8.203300249486228,1.0151373782288406,2.157698091133544,1.5075160520118112,5,111,14
1775,12.802739574235911,8.252382764570392,1.0156661309978,2.128860427750212,1.5022333002884196,5,112,13
1777,12.748426837127605,8.247452041994245,1.015570651710456,2.162828573021361,1.4913734868808437,5,113,12
1779,12.453422458173543,8.179356055314594,1.0147574189655575,2.1882897882574714,1.4802650763947012,5,114,11
1781,12.1691500239434,8.33800631225338,1.015910590106893,2.1285029465259013,1.4745196628321093,5,115,10
1785,12.726444405331804,8.293330795902381,1.0159094949842238,2.158726692822152,1.4696338327254772,5,116,9
1787,12.125723483812015,8.373136255476883,1.015635228418542,2.1998128745691083,1.4588685417664504,5,117,8
1789,12.11350286924164,8.329037453715973,1.016152801679653,2.1540885607694915,1.4526185744390707,5,118,7
1791,12.960410174687055,8.396128944133206,1.015180208545858,2.159795216779738,1.4448403852619378,5,119,6
1793,12.4262328165013,8.43692173445999,1.014696180145089,2.185043715780537,1.4349927716879278,5,120,5
1797,13.21754189086476,8.419794670115083,1.0153472628222506,2.1784898920030544,1.4346411533070549,5,121,4
1799,13.047668558877342,8.409805733876953,1.015989585590983,2.189853076065801,1.425180770498764,5,122,3
1801,13.073094195785368,8.370055044633526,1.0147917391902936,2.169597235193881,1.4166544809715929,5,123,2
1803,13.27910289077086,8.33428157906845,1.0152446711938672,2.153907127504055,1.4090837632325797,5,124,1
1805,51.86748080848415,38.9583698209689,4.030785980473215,2.170439265213917,0.9978837210771054,5,125,0
1807,29.372963987655265,27.060708162747424,3.266716980373962,2.98599164096747,1.8039339751580166,6,1,416
1809,53.72590623785784,39.10734156415766,4.033471908641544,2.184438966859873,1.7656830799749925,6,2,415
1810,28.583837820755704,26.13142416653293,3.412295299519895,3.0890679861833914,1.7718088460474082,6,3,414
1811,54.1404555915866,39.20920805238827,4.031968315632961,2.1716683590197,1.749443489354337,6,4,413
1812,28.491558275181745,26.011742722209366,3.4499914863176917,3.1285996639925577,1.751855991993847,6,5,412
1813,54.22868210799842,38.936075977838854,4.0317411764982,2.182463026326082,1.7255173449675252,6,6,411
1814,28.338738786500556,25.897132461280005,3.488581529622551,3.1630475783401084,1.7277207425675325,6,7,410
1815,54.17641516112459,38.60445981652459,4.029531376848962,2.0979416663773915,1.7131041149251935,6,8,409
1816,27.90885991658089,25.359306415125168,3.518941269989666,3.1728539070159703,1.7139779090262663,6,9,408
1817,54.09745559724325,37.79484872719341,4.029542744670671,2.177479814637099,1.668747402435232,6,10,407
1819,27.197561383942467,25.059386099808727,3.546191189394098,3.1873979887545616,1.6691507790452895,6,11,406
1821,54.03810589370243,37.65277428767197,4.030634355507908,2.164719422934807,1.6601785159562825,6,12,405
1822,27.345503003886037,25.15626044755624,3.5456312451597616,3.2022962395927608,1.6651278078876706,6,13,404
1823,54.56296443841966,37.91666092404816,4.030934330051056,2.1685179095920546,1.6531165851833298,6,14,403
1824,27.72133532461763,25.248097782652557,3.5532591843076515,3.206738366263262,1.6487898441468973,6,15,402
1825,54.47381276284677,37.78228277348195,4.029299173045088,2.159913301643853,1.6409493519008367,6,16,401
1826,27.65785315551085,25.2462081937367,3.549358662727565,3.209452380381004,1.6416072269525803,6,17,400
1827,54.157190141377896,37.58309361555109,4.029734922442523,2.188985459937614,1.6272427183150149,6,18,399
1828,27.53590103541909,25.158274721420035,3.5434132855621105,3.213093148694925,1.6266792474172775,6,19,398
1829,54.45256615419595,37.550522561172464,4.0302542475084016,2.161327607707136,1.623485699880731,6,20,397
1831,26.974750692293178,24.90825977508362,3.5504025375695885,3.2004409523869963,1.6234536967592668,6,21,396
1833,54.20147817586685,37.681954258546924,4.029309919201132,2.140456418044363,1.6217060414245703,6,22,395
1834,27.744542015837293,25.382588437189867,3.542639726356569,3.215193064727739,1.6231621390532498,6,23,394
1835,53.81393710497776,37.440274736517715,4.029842368131789,2.170940246075281,1.6090194161916977,6,24,393
1836,27.55331616636831,25.245189849090043,3.566249453978232,3.213834636811176,1.6092020957633457,6,25,392
1837,53.84994246144553,37.402773880575964,4.029434761163406,2.153155635587653,1.6047490227675676,6,26,391
1838,27.521885294099267,25.240840118390487,3.5681643624014527,3.2144187704399774,1.602422192186548,6,27,390
1839,53.61278420241196,37.26498054251946,4.029975280063268,2.182519668385055,1.5904758280370401,6,28,389
1840,27.479490843685756,25.24268339670899,3.5541903957480394,3.217908532850537,1.5908343514398737,6,29,388
1841,53.35590902048553,37.570569601089254,4.030231906926906,2.188496149834977,1.585967789868524,6,30,387
1843,27.97975796544514,26.02137147909442,3.560794246898141,3.208395448420868,1.5871525740450696,6,31,386
1845,53.83102716771526,38.400250729227935,4.030240820244685,2.100542699118501,1.609961549214643,6,32,385
1846,28.96030799773606,27.06117844260787,3.5516149137343023,3.2183516443150086,1.614105099959684,6,33,384
1847,53.994059646351175,39.102942991019354,4.029885277518154,2.112961645498256,1.6245908573186094,6,34,383
1848,29.77997394980522,27.03854056004598,3.5387663760217385,3.2193460123755213,1.6230740830060748,6,35,382
1849,53.39429065914855,37.80351021576893,4.030097149456043,2.1659225933828385,1.586603819133782,6,36,381
1850,28.216048361628587,25.80100982974387,3.5568482279846663,3.219848660269578,1.5841541447231955,6,37,380
1851,53.38470633939791,37.356060000664904,4.02996569432633,2.148786443036186,1.5711271459225533,6,38,379
1852,27.70883487922273,25.408194690071834,3.55046022258689,3.2216644417740805,1.5672669830460593,6,39,378
1853,53.12872869294344,37.06076524279572,4.0298811337146,2.176304604588501,1.5539103746357923,6,40,377
1855,27.0822492246466,25.181672980591774,3.560914108114961,3.210429181705709,1.5605853896806565,6,41,376
1857,55.80847324293826,39.94613025797719,4.030453302813839,2.11932965334224,1.723904968764505,6,42,375
1859,30.12254263332276,26.967401561240543,3.441695536449447,3.12262886096266,1.7372935315150995,6,43,374
1861,55.579127556921776,38.718351533776065,4.030924782950583,2.1509974200024624,1.6718552345636304,6,44,373
1862,28.59284904631337,25.787169200265478,3.537227011010048,3.206697922387017,1.67777773816222,6,45,372
1863,55.5590605953301,38.131331549186825,4.030804599251528,2.1142806141482584,1.6421735802226622,6,46,371
1864,28.110422789199703,25.34831697143623,3.5386287351095875,3.2158803255709785,1.6413858043962015,6,47,370
1865,55.43438713431678,37.90482918212311,4.029122762673436,2.1801548663736754,1.6137521034800948,6,48,369
1866,28.006574752367644,25.27528082535821,3.556198657543288,3.2179276879037952,1.6169495882051463,6,49,368
1867,55.91432751133226,38.06681078125698,4.031180461653834,2.109657199964041,1.6092973135931792,6,50,367
1868,28.141616003000056,25.421391653056038,3.5431438561343884,3.22034667186005,1.6116527896560866,6,51,366
1869,55.78439633575717,38.24251669378549,4.029200659426091,2.1306422513355594,1.6011160588317859,6,52,365
1871,28.334376455527924,25.558884317081777,3.550660405510289,3.211126985405114,1.601385790743624,6,53,364
1873,55.819046085150106,38.56098530062726,4.029558842148895,2.1787867991793117,1.5973470799913547,6,54,363
1874,28.83621566271853,26.03051138194328,3.539196954600522,3.2221396073655697,1.6033743859475569,6,55,362
1875,55.81813101636483,38.38922286871294,4.030202721256365,2.1208148015326507,1.5911640307586858,6,56,361
1876,28.42310623357721,25.569947575842733,3.539506329332971,3.222937005807847,1.592218824466932,6,57,360
1877,55.50852980614408,37.90831705954933,4.029145604132163,2.1326343880232206,1.5718451290022046,6,58,359
1878,27.913258559014,25.110093460175694,3.540770762840438,3.223634098264178,1.5751637892256338,6,59,358
1879,55.810474269938815,37.78900459955153,4.029781810783222,2.080806437045425,1.566191127706401,6,60,357
1880,27.717878582639838,25.04317795195828,3.547142055045952,3.223399695820821,1.569945045354541,6,61,356
1881,55.5580463265768,37.868460669545925,4.02948709506646,2.153621018125857,1.5580095122708375,6,62,355
1883,27.949477378258614,25.197766553233397,3.531554830646207,3.216360040422077,1.5623528335536414,6,63,354
1885,55.7456104997617,38.32719437027863,4.029440202415485,2.16386574936286,1.5666917154544726,6,64,353
1886,28.543414181597885,25.713759861114994,3.526711776861004,3.2264788515215845,1.5688026721602932,6,65,352
1887,55.88273287086187,38.222749634083,4.029706632370836,2.110862355108561,1.5595767831116387,6,66,351
1888,28.23214467008892,25.3593497217513,3.53450662247354,3.225081110781678,1.563704299590123,6,67,350
1889,55.52091947034592,37.708662488006475,4.028819839160079,2.188936134619456,1.5403560926868944,6,68,349
1890,27.88996424811905,25.06286747548979,3.5440735989680894,3.2263968266210337,1.5426017064577582,6,69,348
1891,56.03798112972515,37.8703638417689,4.030420227631053,2.076995222056859,1.5450675120287374,6,70,347
1892,27.959187519539444,25.129390425775313,3.540960258291805,3.225667527470368,1.5501505623300509,6,71,346
1893,55.7872631992585,37.83489284744581,4.0299718848239205,2.138330613016186,1.5383220907501016,6,72,345
1895,28.120252176395987,25.54025931940834,3.54051425819788,3.217123739148811,1.5425466624905493,6,73,344
1897,56.29505678813318,39.269306296372,4.029529486082554,2.163289759388807,1.5700145896733582,6,74,343
1898,29.927497267927457,27.22318170238931,3.5308560903977955,3.2253490613620595,1.5746401070036675,6,75,342
1899,57.203641711448896,40.1506450904851,4.029713711390202,2.011759892668098,1.5895274791523788,6,76,341
1900,30.712370165652672,27.879586309869904,3.5130576291961235,3.2259483133295586,1.5928567800265272,6,77,340
1901,56.48442346523092,39.44313364004617,4.029290691786796,2.162343975515107,1.5663425832778135,6,78,339
1902,29.25164232556578,26.26500713509487,3.5220180045143787,3.225879470577828,1.5689835927355156,6,79,338
1903,55.71155596776208,38.29706396735563,4.029022667107852,2.1921995805381784,1.53349407654972,6,80,337
1904,28.350494211129277,25.51819945530564,3.5297071082148377,3.2278971476704137,1.539122288932746,6,81,336
1905,55.725184853786985,38.00009263186772,4.028805365009421,2.16034888083278,1.5271523203157416,6,82,335
1907,27.81547820779068,24.935685627268793,3.5420552964729253,3.2167757914528097,1.5289725941600243,6,83,334
1909,56.68734909187956,39.66453202372922,4.029740881630216,2.165521364045302,1.6213760105102875,6,84,333
1911,29.751172971480635,26.973201994851344,3.529340475912928,3.209654925993048,1.6382632627583924,6,85,332
1913,57.523569542125074,40.503647950320534,4.029196217915029,2.0714906018792005,1.6299285760118079,6,86,331
1914,30.55873501449233,27.57942920854868,3.4986802482254338,3.2197594856283303,1.6301577259709399,6,87,330
1915,56.64647124225468,39.602225792574906,4.029145491224896,2.160000438530016,1.5939145159062795,6,88,329
1916,29.871807784395592,28.317067290750316,3.515652501174682,3.22263578186402,,6,89,328
1917,61.22071154968515,43.00893271743553,4.031177810117895,2.07023691471502,1.9330587645050055,6,90,327
1919,31.439474903699647,28.070639377668346,3.341379151526189,3.0775082110101386,1.7418216590277078,6,91,326
1921,58.28488787096781,40.64495633031262,4.031361471284143,2.051324967440629,1.6934403078654996,6,92,325
1922,29.59597387827424,26.586732163334524,3.4604110118564715,3.168285257711244,1.6925827723679567,6,93,324
1923,57.592019665372526,39.63966215341089,4.030853452091916,2.126099692893142,1.646226838840014,6,94,323
1924,29.075814460895494,26.102008132591525,3.509237717759523,3.2059168340473687,1.6458639417267331,6,95,322
1925,57.28443182001311,39.16680148065847,4.030490983913811,2.1895562891910765,1.6130357437536558,6,96,321
1926,28.798539713425413,25.93804796176297,3.5061950537855795,3.21483421257362,1.6112854563163648,6,97,320
1927,57.87208806126728,39.82254974386062,4.031249179709422,2.074340759266504,1.616927924092019,6,98,319
1928,29.9703216761573,27.279718181918696,3.497906200643411,3.2147194661017795,1.6186499719860563,6,99,318
1929,58.01475740778219,40.67552783597674,4.030674776051926,2.1265733975652816,1.6214362855528879,6,100,317
1931,30.81253451193252,27.835987018747353,3.5186808900690885,3.2060690729152177,1.6193885958999519,6,101,316
1933,58.312052179468594,40.582538417129676,4.032090463706321,2.062739747604538,1.613188983676558,6,102,315
1934,30.023428618453263,26.98454600922204,3.5001674274050254,3.214904238208353,1.6116280676123613,6,103,314
1935,57.74556007237976,39.684346755235566,4.031760335593384,2.1030377322448675,1.5797021871515655,6,104,313
1936,29.53774259658522,26.567351733744193,3.50339384861566,3.2181377355479013,1.584683361618582,6,105,312
1937,57.59063118746153,39.47995207463314,4.030702202371792,2.1244761059896846,1.5698317854082686,6,106,311
1938,29.329273473700887,26.397622600208763,3.518403886740275,3.2174053939150307,1.5681251012205297,6,107,310
1939,57.76023731619168,39.48992781243277,4.030830787176179,2.0601307559265187,1.5624996063319145,6,108,309
1940,29.74856021412648,26.711721614324173,3.516375257161102,3.218257721728254,1.5639501469173853,6,109,308
1941,57.84385498440773,39.852310270589804,4.030375180809054,2.066307670696809,1.564937766205476,6,110,307
1943,30.129501556451853,27.154363726441932,3.5213097974665737,3.208037863925406,1.5690732960503309,6,111,306
1945,58.50818415025991,40.873690307547484,4.031301873680901,2.063118102136468,1.5846996261183088,6,112,305
1946,31.274534307654275,28.344669770588467,3.4994810328675983,3.2185308291571078,1.5843483739547615,6,113,304
1947,58.39804679399696,40.55984735939729,4.030996805872695,2.015578277968309,1.5750272403204713,6,114,303
1948,29.89382240406104,26.70840578326583,3.513650145647921,3.2166516075595597,1.5742469283436311,6,115,302
1949,57.19671566450291,38.988662122088876,4.0309191249132565,2.1825208655708157,1.5268874779934754,6,116,301
1950,28.903082088944664,25.893466703258877,3.524642489023629,3.218540363297352,1.530627429341982,6,117,300
1951,57.09358220904711,38.71511147644418,4.030301776910108,2.177635067318021,1.5171373119783296,6,118,299
1952,28.61424190872282,25.61229944109668,3.525686308444677,3.220166720612553,1.5171324764495715,6,119,298
1953,57.056434523826645,38.511498511820214,4.032926354694966,2.167549772117144,1.5072762967325637,6,120,297
1955,28.16260159237938,25.540425651296204,3.52027430375966,3.212114738325158,1.5118120120737493,6,121,296
1957,57.99096942950453,40.112479285456395,4.030419099923807,2.0235981843621835,1.5515299367139264,6,122,295
1958,30.39809176510868,27.640073152240266,3.510470846156857,3.218767586057573,1.5454476447893024,6,123,294
1959,58.16328313862759,40.84012758949483,4.031508370151624,2.184010507272112,1.5466549963005418,6,124,293
1960,31.413772593800065,28.38092479313857,3.5089229085782376,3.2186097459566367,1.5580162645767488,6,125,292
1961,58.29542391419101,40.348969230016365,4.030927087953748,2.0392577121107047,1.5474114930832494,6,126,291
1962,29.70028157021278,26.505523068756226,3.5096778840020924,3.218512248055986,1.544206316019471,6,127,290
1963,57.375182540416354,38.95729074496056,4.030689142794633,2.0999808615526177,1.5099345186284434,6,128,289
1964,28.751953670864832,25.749618249931043,3.5143671068616142,3.220948330277008,1.5082950772240367,6,129,288
1965,57.42041259082052,38.73711200799833,4.030890080533704,2.063136946201327,1.50062090531543,6,130,287
1967,28.185673612742317,25.157654888443147,3.5048269217082235,3.2123422747923587,1.5056319291803084,6,131,286
1969,57.71520595046742,40.231060876384255,4.031115880527916,2.120762756881349,1.6427252819121847,6,132,285
1971,29.94496802575635,27.012170620398233,3.4689912934105527,3.1823714884072505,1.6576168151967787,6,133,284
1973,58.17136403259683,40.929553501935686,4.031336520715659,2.19170788700899,1.6344790994853284,6,134,283
1974,30.828290786689948,27.67135920234476,3.47406493354086,3.203116837188112,1.6344427822723246,6,135,282
1975,57.753084428922655,39.993709319022244,4.031483697642067,2.1203887966971293,1.599176704607994,6,136,281
1976,29.411700195395408,26.300214663433195,3.4975765335061104,3.2096754433815966,1.5970363334657265,6,137,280
1977,57.5103657978898,39.1022619385273,4.030940436431335,2.0630039985317543,1.5647257014297318,6,138,279
1978,28.639264730153812,25.620708229820302,3.5135320149846,3.21181746458802,1.5667184246116477,6,139,278
1979,56.86348453612092,38.637036104045876,4.0314913055403885,2.1811524820912926,1.5350786781676233,6,140,277
1980,28.3515073701193,25.324603896753903,3.515652590458385,3.2136595512117743,1.5404344029048473,6,141,276
1981,56.97607576818629,38.457946337552535,4.03046907957885,2.155432405052415,1.5249393952908423,6,142,275
1983,28.047932733497248,25.436140581378115,3.504935930607897,3.2060897291709543,1.5306236280346728,6,143,274
1985,57.956995411354825,39.988534225003114,4.030848804967881,2.0671609840346776,1.5572893640876297,6,144,273
1986,30.025271589322298,27.332684150629515,3.5149992852928693,3.212757943901257,1.55824318014708,6,145,272
1987,58.3663921180059,40.84025138634754,4.032550539055774,2.1233368877812127,1.5612515245899592,6,146,271
1988,31.02465378330814,27.594514240541482,3.499707651763373,3.214838137608476,1.5640618206797798,6,147,270
1989,57.883249801186295,39.64173378499159,4.03311369700898,2.032509026773449,1.5370404612271276,6,148,269
1990,28.91872679729345,25.802747512211244,3.512226711561957,3.2141560068040693,1.5368039286528554,6,149,268
1991,57.62604602919208,38.82196729294636,4.031189054300734,2.010095847748964,1.5129084542234372,6,150,267
1992,28.386287519517424,25.317161330498315,3.519692975520002,3.2145927475067317,1.5155029765505494,6,151,266
1993,56.803768142247485,38.27601981086532,4.031129358826585,2.1845053475658918,1.4883076326673848,6,152,265
1995,27.676743692894064,24.641109907550014,3.5150143853239832,3.206876410868297,1.4970278733685038,6,153,264
1997,56.88027382398077,38.30615482092432,4.031338830626604,2.1991319506434475,1.490846661816331,6,154,263
1998,28.200897240929432,25.21102366846555,3.510446403698558,3.219411891335413,1.4943435225385224,6,155,262
1999,57.11228470728586,38.50347850214561,4.03103413513416,2.1256164107912863,1.4949396111054811,6,156,261
2000,27.96513667584149,24.90914193903674,3.514762882918773,3.217358483952299,1.494022083965475,6,157,260
2001,57.23777746505438,38.25735173096823,4.030805323363095,2.059592858883293,1.4859974907079754,6,158,259
2002,27.98262188236681,24.97527714145735,3.5148847076352703,3.21784707851168,1.490064289446668,6,159,258
2003,56.79550408983589,38.29433048905591,4.03117795823907,2.196715966153447,1.4752723662989766,6,160,257
2004,27.96594062351343,24.984493262829105,3.5210878527409712,3.2189838873062624,1.486146819033543,6,161,256
2005,56.74357378980126,38.19006452807094,4.031972732432733,2.179169443366329,1.4772716205260499,6,162,255
2007,27.654894823958504,24.61537898905176,3.518761028691252,3.20937940368955,1.4767260486173124,6,163,254
2009,57.1850535860252,38.32673773585545,4.031005726868246,2.0729178734316847,1.4825765501002823,6,164,253
2010,27.94066063479116,24.882815190503656,3.51813364756708,3.2172440391828454,1.4913412290103245,6,165,252
2011,57.13163600499266,38.326112920062165,4.031139103540076,2.058553622170445,1.4840992854081474,6,166,251
2012,28.03587445228789,25.075712359051746,3.51417313573782,3.2183528915532547,1.486223930276149,6,167,250
2013,56.68621589748299,38.2504483640825,4.030804616834862,2.1859283824053053,1.4731708099949108,6,168,249
2014,27.910275131247783,24.82524297994588,3.521799679611119,3.2190996168399737,1.4767818026926474,6,169,248
2015,57.14457415944487,38.25522153140731,4.031692434428726,2.047929270109934,1.4767688872872338,6,170,247
2016,27.868727618559404,24.86242317994872,3.516727097873244,3.2183561431127954,1.4813193329155074,6,171,246
2017,57.28985408720813,38.4827926779255,4.031825763441962,2.0282334120244614,1.479987551157538,6,172,245
2019,27.57807960927359,24.549998962999094,3.51391787517576,3.207157760391248,1.4809509206035925,6,173,244
2021,56.90074118043176,38.208311929566015,4.0305186641831545,2.128944717359417,1.4693820385818595,6,174,243
2022,27.9305950962373,24.885220862650467,3.518573423130356,3.218917244292766,1.4767929151643906,6,175,242
2023,57.126183132620525,38.37963443029051,4.031628581091327,2.080780257241255,1.4729346812684674,6,176,241
2024,28.21113574648342,25.248282442074515,3.509551807836411,3.219318973581631,1.479229462276086,6,177,240
2025,57.09006956503022,38.847888287026734,4.0312424408295175,2.18178697368346,1.4764349147433922,6,178,239
2026,29.050648499057505,26.137548761141144,3.5135438442906626,3.2195257111952347,1.4851906679761468,6,179,238
2027,57.56129571557157,39.55793696996327,4.031736173757563,2.1600430451609207,1.4935565637347024,6,180,237
2028,29.6731704958815,26.72980261943078,3.4974766009425218,3.2208127796595654,1.489090542578733,6,181,236
2029,58.12885115554352,39.995989656775905,4.03159610294282,2.0578741386350488,1.4957128401214315,6,182,235
2031,28.727288885086026,25.492780041374584,3.5030139315188755,3.206411031071432,1.4998285596344618,6,183,234
2033,57.35750604508094,38.637111363644244,4.031093567396651,2.0545776989805837,1.4717273510096762,6,184,233
2034,28.104319166758767,24.951651557583418,3.515559937440955,3.2175807387908417,1.4774658441227944,6,185,232
2035,57.07647448385972,38.17458507378806,4.031192505233378,2.0610721424538947,1.4599400653816763,6,186,231
2036,27.66000687254002,24.550234926234776,3.52303752644418,3.2181735681869004,1.4678125938179667,6,187,230
2037,56.56265009891403,37.84309122903104,4.030588508612238,2.1769630360366774,1.448682897492906,6,188,229
2038,27.4442167862044,24.59217223994187,3.523594288881603,3.220249246454813,1.4532166440788201,6,189,228
2039,57.16856231635899,38.7849806497393,4.031702600821983,2.123117073996824,1.4661282995792309,6,190,227
2040,28.70527041068156,25.587771027586903,3.5135920965275798,3.21865579148471,1.4758684101293655,6,191,226
2041,57.902838661735686,39.47058624854092,4.031682841427148,1.992728560786441,1.4841946627174494,6,192,225
2043,29.29225463448444,26.315234892354677,3.504941195870372,3.208723362353276,1.4895374508256405,6,193,224
2045,58.11517890209301,39.61654428235802,4.03092026898644,1.9677573642714887,1.4933809980787511,6,194,223
2046,28.88916604983572,25.600334014993425,3.505865862040472,3.2166039554389307,1.4957366534572394,6,195,222
2047,56.98035659049231,38.42381623938057,4.031386898885472,2.12435243753564,1.4623102546435434,6,196,221
2048,27.819854549289648,24.740574887278505,3.521220320391047,3.21775116953446,1.4667438340238734,6,197,220
2049,56.67208442551173,38.11461669687029,4.031919192937977,2.1817137827751827,1.4497734558805526,6,198,219
2050,27.747495083889987,24.668060013529075,3.5246727108987272,3.219040091108989,1.452752873596921,6,199,218
2051,57.04472631715234,38.33391837467718,4.031463869357844,2.087539695609617,1.4545007865678998,6,200,217
2052,28.07175649330792,25.331277151349628,3.519414874107188,3.2187983081598013,1.4606280657999664,6,201,216
2053,57.64730160708694,39.42514383600653,4.031164018221237,2.068960188840925,1.4713356666719493,6,202,215
2055,29.07697272199661,26.12380055273629,3.5125351560300877,3.2078724536379486,1.4817197679757892,6,203,214
2057,58.29336025761747,40.315066740163225,4.031125638208525,2.059628573127648,1.491479567283639,6,204,213
2058,30.279071618499568,26.89381488513497,3.49406526057311,3.218525823062318,1.4965881141405786,6,205,212
2059,57.95445943311949,39.53448316157278,4.03058191664693,1.9953872570984856,1.478094715227184,6,206,211
2060,28.8160102899298,25.520542857282535,3.51636542961564,3.215158612271987,1.4851505997560026,6,207,210
2061,56.91514213395795,38.37203224972586,4.030694821958155,2.1529421051579973,1.4515310067751264,6,208,209
2062,27.89997576940428,24.764272676704007,3.523735656438789,3.2178292511369557,1.457569392909889,6,209,208
2063,57.19634917626827,38.3101923015924,4.031009817979993,2.0405401202035574,1.453148788159507,6,210,207
2064,27.768875180941077,24.719160709410435,3.5256826512077857,3.216530477280527,1.4559772283323102,6,211,206
2065,56.74944920850043,38.27774779605142,4.031095809579006,2.197033181830859,1.441477129818644,6,212,205
2067,28.09099753361515,25.511252150619374,3.515922287596335,3.210490592022755,1.4530898567277497,6,213,204
2069,58.60834889757344,40.334191485925615,4.03243604396475,1.9756647286286777,1.4923030642464294,6,214,203
2070,30.03436620964584,27.281619901002063,3.4932837883169734,3.217406095171348,1.498479020061532,6,215,202
2071,58.69313490028398,40.79229920392578,4.0311681176814105,2.083403258487322,1.4926519044696036,6,216,201
2072,30.553786552787983,27.31168804524899,3.4855437841134624,3.21857032752551,1.4969523490029601,6,217,200
2073,58.287617732907975,39.99900717802978,4.032104651105574,1.9776004444482065,1.4809169836427565,6,218,199
2074,29.119879115993268,25.81709038762414,3.5019883915650007,3.216336169274429,1.4842768819015717,6,219,198
2075,57.38456939785952,38.793911542282345,4.031108958105936,2.064842829300876,1.4539654327336529,6,220,197
2076,28.143645229053977,25.046522536165966,3.505183060001162,3.21848297410668,1.4631553695549004,6,221,196
2077,57.58115209169171,38.67005005769116,4.031562836873329,1.966575784508242,1.4563672113965924,6,222,195
2079,27.489414461613656,24.463511270153514,3.511242592756528,3.206032639518292,1.460291716368394,6,223,194
2081,57.13289738293001,38.826649526191886,4.03093916292613,2.1711822809863026,1.4504979360012877,6,224,193
2082,29.05967019431641,28.037510459342734,3.4985274319860418,3.220173761248653,,6,225,192
2083,61.43732341776916,40.05350414099234,4.031271454898872,2.069253006874651,1.8459617387241694,6,226,191
2085,30.49471323756397,27.240899795401702,3.520639814674858,3.233574391128388,1.3865052446917263,6,227,190
2087,57.73883179659806,39.89751111071057,4.031083297465372,2.1429326564674485,1.479844010619832,6,228,189
2088,29.341279304557663,26.232480376869734,3.485142097483328,3.2173636774071626,1.4814281887415346,6,229,188
2089,57.386080612263264,39.197243061406944,4.030963240325162,2.066165629002469,1.4664444224736577,6,230,187
2090,28.739053749456403,25.768789427017847,3.485745830348121,3.217738864408612,1.4730121784281254,6,231,186
2091,56.89633685865634,38.90698912730004,4.031380713903483,2.1996082620797504,1.4526747743769777,6,232,185
2092,28.58854731749814,25.577202453805292,3.497206291342102,3.218233448408768,1.459580064069243,6,233,184
2093,57.238769179765264,38.91493347992841,4.0308516181486045,2.0698222657269465,1.4568943792750304,6,234,183
2094,28.418410849582006,25.447736770733474,3.500850309355513,3.216633203183817,1.4573575678693234,6,235,182
2095,56.92287178370967,38.753372299612906,4.030838932270787,2.1637591808058576,1.443810379702294,6,236,181
2097,28.03768217547054,25.102774235901936,3.510765358848856,3.2050837948473503,1.4578358658561044,6,237,180
2099,57.63060311370659,39.091854428154555,4.030667531854442,1.96657603413028,1.464781526552442,6,238,179
2100,28.39372504933025,25.39901421987147,3.509546943710986,3.214549025998938,1.468787142673555,6,239,178
2101,57.01462861282404,38.79791433490267,4.031261774539943,2.0993400599564533,1.4522563833597877,6,240,177
2102,28.350528433313634,25.36245630318605,3.501329433683335,3.2165390719996,1.4593892377573892,6,241,176
2103,57.17373710163345,38.873425446921566,4.031883079901577,2.051523215347617,1.4523358195457061,6,242,175
2104,28.320155403944597,25.341840825531236,3.5077069463277337,3.216141185075573,1.4589638371329066,6,243,174
2105,56.96912010183172,38.72429474171124,4.0317878151340585,2.127535513157563,1.4462488549091497,6,244,173
2106,28.27290826982785,25.294520100679886,3.507683331753356,3.2168286997381803,1.450578502992432,6,245,172
2107,57.10359458618797,38.693927613601694,4.031344486974082,2.0823277676119383,1.44364266736305,6,246,171
2109,27.89674520818658,24.992621842465336,3.5084827511271874,3.204259589543794,1.4537015867360248,6,247,170
2111,57.068326741336485,38.83689474258564,4.031165844112306,2.1365617064803337,1.4447225690339627,6,248,169
2112,28.42982891586745,25.446102806237146,3.507143016426672,3.2170706392577317,1.4494434000477145,6,249,168
2113,57.42601185667435,38.98262569198278,4.031283330684273,1.9941210557405096,1.448033807854774,6,250,167
2114,28.3613806315616,25.38108071631718,3.5057490264277704,3.215638220205226,1.4602091698287594,6,251,166
2115,57.61101162387096,39.051031869034375,4.031390232489055,1.9772527709370784,1.450144627641892,6,252,165
2116,28.31631568903409,25.33632279321608,3.501775627210037,3.21648594647716,1.454660277136292,6,253,164
2117,57.13778358983724,38.79001119015603,4.030190775657842,2.126873333723975,1.4368773907235117,6,254,163
2118,28.318765239777463,25.31716156891751,3.5079582798435363,3.2174130946198285,1.4461711020884345,6,255,162
2119,57.23603082155364,38.89401391225135,4.030832991804198,2.039511489521072,1.440685234215444,6,256,161
2121,27.81589354610109,25.15264118719159,3.512173040075104,3.2047302023814934,1.446756182666495,6,257,160
2123,58.39093066235441,40.171574663158054,4.031156962815287,2.0358214749013905,1.4585649868588264,6,258,159
2124,30.37951564777932,27.527451055024308,3.495657822058787,3.216265448747804,1.46839552163948,6,259,158
2125,58.90073826779548,41.03606365974405,4.031505060697891,1.973042506261499,1.4760217043954353,6,260,157
2126,30.63323993060825,27.58218845167247,3.490332877330669,3.215670982022776,1.4830390429304536,6,261,156
2127,58.27129279916865,40.43961489235273,4.0310979373493865,2.0280193684749017,1.4631415818601738,6,262,155
2128,29.59979459591221,26.480838691051986,3.486940913831416,3.2162199684132045,1.4687680772127463,6,263,154
2129,58.03064804249352,39.651877682602084,4.0324414576282885,1.9435482703621487,1.44959495915573,6,264,153
2130,28.831431552885203,25.767173369533168,3.5082825673068023,3.214464329417929,1.4575989192437047,6,265,152
2131,57.376456720947886,39.179107326892364,4.030608268179589,2.0636905936063763,1.4358252756606709,6,266,151
2133,28.070561209971174,25.11464747507255,3.5116015526562947,3.204234481773256,1.4424600319818892,6,267,150
2135,58.48728985101988,40.11810121003218,4.030934744594092,1.9437968709766944,1.4987264549962094,6,268,149
2137,29.220913097954664,26.39069270455764,3.4957785329401845,3.1992934816599967,1.513304982611753,6,269,148
2139,58.63748276638773,40.80596825835928,4.031180224182523,2.071041778175654,1.4933171144929087,6,270,147
2140,30.577811591675385,27.214068847322668,3.477323866032373,3.214972932084219,1.4984266185462474,6,271,146
2141,57.63608525053667,39.68459882372222,4.031782992778244,2.185338383273266,1.4612953679704899,6,272,145
2142,29.162876187613985,26.104396755271907,3.4889225811160944,3.215232703475362,1.4626701384909986,6,273,144
2143,57.60594379182819,39.35391690299883,4.030909285227107,2.0310061849780774,1.4480292316207661,6,274,143
2144,28.69386007905086,25.70480407574708,3.4964171178507515,3.213877700907877,1.4634446536765657,6,275,142
2145,56.80159282025973,38.774974385595264,4.031391102007752,2.1906611266270994,1.4357134697173433,6,276,141
2146,28.505969495431096,25.49561003029776,3.5024604768736896,3.2150994598178797,1.4459263312290629,6,277,140
2147,56.21047251769452,38.265844006523615,4.032301237199556,2.142279706628003,1.4308079115308752,6,278,139
2149,28.390767339648487,25.983270678492005,3.497112715135571,3.206834941864177,1.4387577325993786,6,279,138
2151,57.153953136576106,39.68448087231524,4.032232493006905,2.160163197204225,1.4502548623049711,6,280,137
2152,29.88083155112036,27.326510946349025,3.487547017879354,3.216442227368835,1.4619560281031838,6,281,136
2153,58.22840707938393,40.52184920089412,4.032459345523554,1.955449063066795,1.468967130828706,6,282,135
2154,30.319966312917305,27.2988101193765,3.485655458486124,3.214614746183659,1.4737357105476026,6,283,134
2155,56.896536733279625,39.34384441360489,4.031899555003315,2.186393196562525,1.4387157952110297,6,284,133
2156,29.10336166281973,26.126243770446195,3.48869054973676,3.2170636312768117,1.4433845276948394,6,285,132
2157,56.43024249534344,38.612144786286876,4.031537675655013,2.1725626411969494,1.4243143322566234,6,286,131
2158,28.407140284025004,25.522185276594158,3.5037965189655176,3.215717177359267,1.4306078910957725,6,287,130
2159,56.60428484008346,38.61589548680076,4.031552007887981,2.107521375414201,1.4236660229926914,6,288,129
2161,27.9400727991696,25.23883956719949,3.500491873638308,3.205244933723592,1.434982285323973,6,289,128
2163,57.47493245382511,39.405725006770766,4.031822718744165,1.972495650379372,1.442674160198453,6,290,127
2164,29.40774060903177,26.81044756303704,3.4954412438358453,3.214184822490545,1.4520420964682301,6,291,126
2165,57.43585109945852,39.93466601122023,4.038795954400871,2.15288424756184,1.4450873431935594,6,292,125
2166,30.023705218468404,27.53891611959087,3.492210350811256,3.214546396627995,1.4517792577268192,6,293,124
2167,59.12207312090748,41.55493252456659,4.033056340172318,2.175170885643991,1.455396474888176,6,294,123
2168,30.797548269130125,27.574108846093875,3.4701958131084734,3.2178915462181266,1.4627422716757474,6,295,122
2169,58.23289082409849,40.30936955838523,4.031676887900432,2.0442124222047857,1.4421033850661351,6,296,121
2170,29.44765301458684,26.327904721864225,3.4922046125621224,3.214670931606451,1.448124544634966,6,297,120
2171,57.69877961341635,39.63376472877464,4.031008497658909,2.030057772957424,1.427136224542921,6,298,119
2173,28.39539943796051,25.416201512189346,3.4886020941851306,3.2042753533027053,1.4398711742501624,6,299,118
2175,57.777112656377554,39.39726410153058,4.031145578011882,1.960005305735824,1.4297741155112853,6,300,117
2176,28.3915110992749,25.38688527004937,3.4990667737568004,3.215002832883405,1.436336845107893,6,301,116
2177,57.23966158430743,39.0556543100656,4.0312307343283,2.097517979952191,1.4152838081094847,6,302,115
2178,28.40558171756178,25.40217271609714,3.4768328015470664,3.2189990722022928,1.426804357327848,6,303,114
2179,57.39229514777536,39.19214857830457,4.0307864323142,2.063176636612858,1.4178101289314233,6,304,113
2180,28.483189872164385,25.488431020284565,3.470391134806511,3.2197512299323177,1.4289584898042662,6,305,112
2181,57.49397345620112,39.3246784315448,4.031891788952559,2.050195394002453,1.420933823233801,6,306,111
2182,28.50031227155235,25.465503293737296,3.48759427198998,3.217393471214204,1.4276770334357682,6,307,110
2183,57.117778050999135,39.02095895366564,4.030519452398561,2.142448068324373,1.4100471489953375,6,308,109
2185,27.866359739668077,24.991764655543328,3.482483929964068,3.207402917640739,1.4199851854659273,6,309,108
2187,59.0081622348613,41.16886509114223,4.031364436387261,2.132265781269793,1.5499389288953929,6,310,107
2189,30.883774526382258,27.881469273718455,3.470665736888296,3.188531050443461,1.5816198760664189,6,311,106
2191,59.53806687629183,41.53076127734769,4.031501683106394,1.984934774787036,1.5645820900983527,6,312,105
2192,30.223058879720817,27.16579632786272,3.445104844714536,3.1986857569214187,1.5637667703949931,6,313,104
2193,58.40787633507069,40.35674808373947,4.030744595022684,2.13940846198312,1.517249046740551,6,314,103
2194,29.409053130635236,26.36076718661449,3.4751681683400686,3.202811004777678,1.5299116333136722,6,315,102
2195,58.34388806897325,39.90529016402678,4.031671799370217,2.04587233974925,1.502714902025132,6,316,101
2196,28.948272409987364,25.964698738202536,3.475671631722594,3.2047512510094927,1.513225882431945,6,317,100
2197,58.00881689774913,39.6263343523975,4.030922111155082,2.0970875648564333,1.487464557664555,6,318,99
2198,28.83868366160787,25.941121789586298,3.4715306553880154,3.207573986036228,1.4979515171870488,6,319,98
2199,58.52325787492752,40.251117050644716,4.0316407463870965,2.0432611124631137,1.4914793400692206,6,320,97
2201,29.740083462242115,26.86134809471382,3.4757026063398704,3.1964670348426414,1.5042261076589214,6,321,96
2203,59.50837827191452,41.28365494023095,4.031325299834524,1.961939116178396,1.5117129117298325,6,322,95
2204,30.70421153367994,27.647771269053134,3.4601428392726548,3.2077132041459646,1.5207193855074308,6,323,94
2205,58.58184665309335,40.27720417425089,4.034378256939229,2.0966495970812926,1.486335117675351,6,324,93
2206,29.02521840733593,25.87566969264112,3.4692698526601093,3.208285151754248,1.4946094146830173,6,325,92
2207,57.97580640887124,39.458737885900284,4.031792301917485,2.126944667717326,1.462856396182923,6,326,91
2208,28.44536694853131,25.344560842933994,3.487992456318437,3.2075764888454104,1.4720984567585007,6,327,90
2209,58.05700140061033,39.29135666075848,4.031054086064945,2.0654092965524384,1.4643906499029256,6,328,89
2210,28.247691489373256,25.18404927969335,3.4894294258396257,3.2086317089515086,1.4512368511693425,6,329,88
2211,57.78193242469556,39.19247737595363,4.030876471673389,2.148229610932935,1.4358107774226034,6,330,87
2213,28.40957014125965,25.489406774615954,3.482967021811554,3.197858647666826,1.4550370436458215,6,331,86
2215,58.20713739139197,39.892115077092285,4.03123362422716,2.1586251956084066,1.4533419230328768,6,332,85
2216,29.355584778577256,26.408967787599032,3.470472635358331,3.2107331924418285,1.4631441677594768,6,333,84
2217,58.6134064492062,40.35117578100876,4.0317407805438,2.095346963555327,1.458957979363915,6,334,83
2218,29.824545978685347,26.85981310036009,3.4650255172879127,3.2112426199863107,1.4706621760218639,6,335,82
2219,58.64476637032693,40.23284401135697,4.031049977481575,2.062626550286472,1.4571878080027116,6,336,81
2220,29.096526653415136,25.905790136953797,3.4724637403940646,3.209680597716772,1.4707430757113575,6,337,80
2221,58.05107392892897,39.47675997912519,4.031503094164638,2.076505393409293,1.4451720341057572,6,338,79
2222,28.40211580135686,25.30930648854219,3.4724347816257146,3.210825743532286,1.4532611486787002,6,339,78
2223,58.291445432401005,39.32483875925542,4.030548710192742,1.9787021969242389,1.4430818344980891,6,340,77
2225,27.757781953931683,24.732232626561544,3.480104537764456,3.1964235817650946,1.4457389390250142,6,341,76
2227,58.02893221948005,39.06556270503843,4.030657074815704,2.0077745341235347,1.4314773125258786,6,342,75
2228,28.297181357120337,25.612155643905357,3.480264156942799,3.210119965032177,1.4428612276424184,6,343,74
2229,58.80693345869639,40.25366972386004,4.032180179891317,1.984631695912844,1.448610287359802,6,344,73
2230,29.56794699249221,26.691646257218558,3.4685345758924373,3.2104462824336037,1.4681433061716491,6,345,72
2231,58.770145898372334,40.60644361981523,4.030907491504972,2.120505374633019,1.4540188320808631,6,346,71
2232,30.01902132785768,26.926261256889692,3.458575313783887,3.21236003859208,1.456373954046275,6,347,70
2233,58.49257429310864,40.11087407785343,4.031263715522782,2.082697161198142,1.4395279327289465,6,348,69
2234,29.07690186728068,25.881824977099228,3.46462531827759,3.210783667909426,1.4580630438139168,6,349,68
2235,58.33204656703581,39.61213844688629,4.031557050834733,1.9993127386412168,1.4393429579146169,6,350,67
2237,27.93501503597674,24.889326792708722,3.4778508170904487,3.196207145388181,1.4388456676849766,6,351,66
2239,59.3603280691461,40.95422192099372,4.031997801811629,2.016671623451248,1.4766245558745805,6,352,65
2241,29.129466378964977,25.88335802054348,3.4596579799053044,3.1961412176964936,1.4974051503446544,6,353,64
2243,57.712318998766975,39.368332915328914,4.031055760751357,2.1864172793825265,1.442629735628986,6,354,63
2244,28.366383787404736,25.29095279111157,3.469048283527703,3.210301602298008,1.4483076709282539,6,355,62
2245,57.633102922228126,39.15337098937444,4.031015029033163,2.166880233541012,1.4278665687726915,6,356,61
2246,28.19915001562925,25.13273545251131,3.468057441311441,3.211258558848032,1.441765059608115,6,357,60
2247,57.87686984231968,39.243985033148604,4.031067192634773,2.073777619248528,1.429645537324809,6,358,59
2248,28.12911828022572,25.114664841155793,3.473796632245489,3.2105543520835904,1.438011246901415,6,359,58
2249,57.47417762924851,39.03574242025546,4.03051089021253,2.1762844479074928,1.415342681452173,6,360,57
2250,27.998881711525605,25.092443208781983,3.4731374196462146,3.211816358905585,1.4381034997925863,6,361,56
2251,57.69186868894567,39.362600417809674,4.031529673129687,2.178495224886361,1.4335778200426734,6,362,55
2253,27.864731290768127,24.857962930745785,3.471511924767668,3.198947872366688,1.4349931606444357,6,363,54
2255,58.2351265327566,39.45158799429391,4.031358409625566,2.003802772888259,1.44068969076462,6,364,53
2256,28.15795871697133,25.095602168154436,3.472530209277994,3.21072897276419,1.4338339753938059,6,365,52
2257,58.159040648414255,39.280231448753895,4.030358918119561,1.978757159009704,1.4213272150881742,6,366,51
2258,28.087054174457897,25.05519936927443,3.469600142563648,3.211097569501261,1.433662219444979,6,367,50
2259,57.66508009332591,39.093994194844335,4.031297723634209,2.137223761530643,1.408210963254271,6,368,49
2260,28.071082800827977,25.00036858460662,3.478466071387789,3.21155369085751,1.4183126814043316,6,369,48
2261,57.950977227160536,39.19231540051726,4.030974316014234,2.026812719380422,1.4104122254349298,6,370,47
2262,28.092334959783376,25.08353584987775,3.46456326205238,3.212159641877417,1.4247483392074902,6,371,46
2263,57.50629199129354,39.05035096355298,4.031011123253645,2.1955750105431733,1.3990291047275507,6,372,45
2265,27.562195755298923,24.606404550103807,3.476313929400916,3.199367451423297,1.4110549882765089,6,373,44
2267,57.45114086897508,38.99238106302636,4.0313116805798215,2.198015566541252,1.3986436626023369,6,374,43
2268,28.017070607592643,24.926181556885734,3.479669005494868,3.212405359684812,1.4123547842945916,6,375,42
2269,57.51486337636169,39.013996139611024,4.030793702940819,2.1741564738787478,1.398216939271963,6,376,41
2270,27.961190883201184,24.872239534902445,3.4730857149960026,3.213192811907264,1.415990605663055,6,377,40
2271,58.24937682662199,39.39352264576831,4.030759976825486,1.959703796663527,1.4162382338661321,6,378,39
2272,27.9600446474819,24.871910645125286,3.4771847445655197,3.2108376477492437,1.4305920569996793,6,379,38
2273,57.97580626211991,39.40321172109691,4.030879107970756,2.0588486889378887,1.4199535332746254,6,380,37
2274,28.0526801766376,24.88802635556578,3.4784065485462508,3.21217114920374,1.419752314621009,6,381,36
2275,57.6936935982226,39.209002406361016,4.030910228339476,2.147269943612274,1.4032838787530553,6,382,35
2277,28.54360361820866,26.76720197015887,3.481188825734172,3.1995844240080293,1.4161054153428885,6,383,34
2279,59.714275603056464,41.7029996329405,4.031161376886709,2.046243465893371,1.4453101417800602,6,384,33
2280,30.51815954442633,27.531939933591815,3.461143460064142,3.2109296518051678,1.460480305773432,6,385,32
2281,59.59622829096066,41.54042703429465,4.031304782841973,2.0152140329169157,1.4447876086981153,6,386,31
2282,30.48064326129801,27.141827569107697,3.454275437693231,3.211965366133196,1.453922171894962,6,387,30
2283,58.94389183765572,40.70765268927143,4.031456327316925,2.022057967188541,1.428173045006193,6,388,29
2284,29.43668309674691,26.01756431292875,3.4742623468174094,3.2104063089393184,1.442479512828041,6,389,28
2285,58.684673836382025,40.21142863220933,4.031480010018408,1.9943823501630709,1.429312902828844,6,390,27
2286,28.84099114965895,25.5440738603955,3.4800442335754185,3.210440518275292,1.4246439744962058,6,391,26
2287,58.63989407541342,40.0046687891377,4.030531863908069,1.961659201159055,1.4141407395341752,6,392,25
2289,27.979982751718293,24.98669033224365,3.475773085396177,3.19545436725096,1.4220560060192458,6,393,24
2291,51.693778100061,38.8265055747093,4.035077323306341,2.1981645845929387,1.0840801087171679,6,394,23
2293,28.89462899623344,26.36053868420448,3.2815751319170987,3.1985634218025245,1.4008919998638887,6,395,22
2295,51.136880141242045,40.496516738152486,4.032209213478597,2.173538006790758,1.2391453044636425,6,396,21
2296,37.05865974695232,26.808856282085628,3.397494621017323,3.262423754859324,1.2459483521679968,6,397,20
2297,51.3517572303697,40.3082686076966,4.0325975109048535,2.191128315273502,1.2146456325181947,6,398,19
2298,36.18433435638198,26.790278260831307,3.4077048587423207,3.2633860309785154,1.2199129996256481,6,399,18
2299,49.541551118224994,39.93347404849829,4.032449948762388,2.174928379064222,1.1768420562513668,6,400,17
2300,35.70860485776338,26.72939269281626,3.427733666924387,3.266085342094899,1.1806949040798747,6,401,16
2301,49.94400434434952,39.949996492029705,4.032706809614358,2.162304775163232,1.1623020296930546,6,402,15
2302,35.81115551835942,26.67822520058874,3.429305485990217,3.2672844222272097,1.1698074774385474,6,403,14
2303,50.47284162905345,40.03056196708513,4.0346441626746445,2.1523889970129018,1.1563670400689245,6,404,13
2305,28.43045516039132,26.214741270217427,3.347664673133744,3.250221605102243,1.1586884635534334,6,405,12
2307,49.83589725328242,39.44913263410249,4.031721347243717,2.1947161370182617,1.1968651894054663,6,406,11
2309,28.590584510315345,26.236576850111266,3.342541700749642,3.2445334672551103,1.2039272980087419,6,407,10
2311,50.058224679961086,40.058567746287395,4.032751905126723,2.1463956973341785,1.183338308045529,6,408,9
2312,36.67454418990888,26.728562493822633,3.437578610140103,3.257675554436925,1.1923363817018888,6,409,8
2313,49.70254627455938,39.916070861462195,4.0320532789938826,2.1983669967426582,1.155810194195488,6,410,7
2314,36.32489487405469,26.723698338726855,3.459683463588364,3.2590175446516763,1.161378430584045,6,411,6
2315,51.35429552288885,40.27645391572808,4.032203977721678,2.1858064268526136,1.1617019874834198,6,412,5
2316,36.69715576831203,26.76988663666733,3.4597730674439497,3.2565375097303244,1.1678045459208317,6,413,4
2317,50.44246795838984,40.1754669430076,4.031826212038417,2.151862863027953,1.1455918943086019,6,414,3
2318,37.15170959157547,26.75711161780999,3.4451590169745465,3.259403593365722,1.1531092254794109,6,415,2
2319,51.33205933952721,40.41336717515726,4.031995207198451,2.164578187429903,1.1521572344050093,6,416,1
2321,28.67314007197691,26.26207841342003,3.3891658194639134,3.2374698516729032,1.1565547157257672,6,417,0
2323,49.52801806570102,44.29688064198706,1.012296953255635,2.180206803089782,1.7779269863588745,7,1,70
2325,47.6765392618902,45.793167713052156,2.3773536613729824,2.4987919460273544,1.7965980073667667,7,2,69
2327,49.28701938671706,47.195451017988766,1.013910723004294,2.1921466685430167,1.801293686026637,7,3,68
2328,48.24340132690197,45.95148358880298,2.1501069980688983,2.3185259779641214,1.8015817092383783,7,4,67
2329,49.17905905171433,47.146072926598166,1.0102287651459148,2.16658130125341,1.8032755550891248,7,5,66
2330,48.236747217172166,45.90485020683102,2.1482380492885502,2.29968010151426,1.8041218626819422,7,6,65
2331,49.1809104842522,47.127641701986995,1.010971995271496,2.1366453580856253,1.8053504448064586,7,7,64
2332,48.2574710879629,45.90459492897931,2.128126524294196,2.285277508152116,1.8043787188056433,7,8,63
2333,49.05688408240341,47.09918641441624,1.0107718854484014,2.1909799678189845,1.8025367761282625,7,9,62
2334,48.20714806723598,45.89186321816499,2.1720467152339973,2.3106162090342406,1.8036394426884708,7,10,61
2335,49.13032050804125,47.133209565495285,1.010981301037933,2.166402675362294,1.805165891756707,7,11,60
2337,47.59715337670541,45.82571018234271,2.3660201954147144,2.488977478951743,1.8022774247904982,7,12,59
2339,49.23198595690627,47.15436113022586,1.011456158958353,2.145739105715045,1.7948422516103506,7,13,58
2341,47.71872183254612,45.89670540261019,2.3372431384424663,2.484428242602735,1.800654258919723,7,14,57
2343,49.16417337699806,47.16342394557887,1.0106507915352578,2.139096537674337,1.800671333951175,7,15,56
2344,48.21679834737287,45.98616942679065,2.1296454936408287,2.287179815619353,1.8072417775931593,7,16,55
2345,49.04035070342245,47.142139947358636,1.0102198577009358,2.1550256706410824,1.8023921192880297,7,17,54
2346,48.12713610983615,45.903258061737226,2.156761366036795,2.292625807641274,1.8043017591546853,7,18,53
2347,48.97912041843542,47.07812277465954,1.011735169153586,2.1776344857025127,1.8017801478197175,7,19,52
2348,48.07125260585439,45.90528085075567,2.155910254903007,2.3162079068687653,1.8057120562260913,7,20,51
2349,48.978872169562095,47.07326100880017,1.010295900186465,2.1804158381574807,1.800153584761488,7,21,50
2350,48.06324754123987,45.86029364675825,2.14388703151303,2.3106013364109383,1.7990934508055145,7,22,49
2351,49.04045996790738,47.08146790123274,1.0110939875613183,2.1075006723313274,1.799365688796146,7,23,48
2353,47.50495305436405,45.781998787686604,2.240285572579924,2.48767875010134,1.8065001362346353,7,24,47
2355,48.95885334502884,47.087615537529175,1.0105864257560286,2.1931517470679918,1.8008917125621267,7,25,46
2356,48.17672530756938,45.87499890482748,2.1627181910252498,2.3073191437161644,1.8009946528437093,7,26,45
2357,49.01777260309724,47.09422579980021,1.010810008103469,2.1577326042974923,1.8001663763564346,7,27,44
2358,48.16486624481395,45.883884759455896,2.139668025910336,2.300922064407064,1.7985703433730758,7,28,43
2359,48.99249018111872,47.083185115341905,1.011662328995332,2.162189918911785,1.7964972846603648,7,29,42
2360,48.08123632284402,45.90431980331498,2.1168926075706285,2.311561027744642,1.8031701999667464,7,30,41
2361,48.94618497316047,47.06402084308688,1.0098072976535653,2.199945094089768,1.795562327826431,7,31,40
2362,48.08043668219138,45.896390103058216,2.1375393806828766,2.3268378892502986,1.7996176105120716,7,32,39
2363,49.0209427982368,47.07142767555465,1.0104773124547506,2.1302151249881103,1.7946615751371273,7,33,38
2365,47.49175797835476,45.83138970126793,2.33947998136968,2.4795559223900447,1.8057035795111043,7,34,37
2367,49.014180829264426,47.094941474493815,1.0109802413886324,2.164304791761506,1.794876279715547,7,35,36
2368,48.19292695436639,45.87445302229694,2.168176673590489,2.2939498755978613,1.7997873066288639,7,36,35
2369,49.08755174393166,47.099513351069206,1.0098115227107507,2.103101288221301,1.7962409528352383,7,37,34
2370,48.1771261616083,45.890271865870346,2.160246881577081,2.2780552119444426,1.8030906092124814,7,38,33
2371,49.000307836809725,47.07452189489319,1.0118882343579725,2.1449886066523933,1.798115407730528,7,39,32
2372,48.1969597233886,45.871546915499096,2.1786170157326965,2.2875132977540287,1.7980995602368601,7,40,31
2373,49.05042538685695,47.12153419194554,1.0109780766463656,2.1205293855533207,1.795799888507271,7,41,30
2374,48.24855941263424,45.97653718098806,2.153162164913677,2.2720045132821887,1.8032183624017626,7,42,29
2375,49.08198729235301,47.15829653400459,1.0107722282787006,2.1339834463152427,1.7963773119374546,7,43,28
2377,47.5856238800257,45.920107817565636,2.381988930275213,2.470290134321228,1.806854584154364,7,44,27
2379,49.13279687311376,47.161612217353984,1.0108021856673532,2.1093887147366805,1.796833737995905,7,45,26
2380,48.43963092427312,45.96938264340977,2.1256259578880825,2.2641280054733994,1.8012427169761043,7,46,25
2381,49.13552693190528,47.155567707969865,1.010302645629404,2.098244904990502,1.795522463759836,7,47,24
2382,48.35915596808749,45.954568303665475,2.1457347855261952,2.2661326161002404,1.8018172836884554,7,48,23
2383,49.04172173314357,47.13225621283967,1.0140415606547912,2.1367946107881166,1.7937002236297483,7,49,22
2384,48.29259210800302,45.93472968600179,2.1585262201257907,2.2836268016125385,1.7999082667408384,7,50,21
2385,49.09468753497383,47.13346886842004,1.0115553715036771,2.103206542363035,1.7938135578892045,7,51,20
2386,48.30379560063809,45.95776665518423,2.134879129038588,2.271309428531566,1.7993239770949954,7,52,19
2387,49.057064718364046,47.176385542899524,1.012686564574278,2.1895312972615004,1.789702092819451,7,53,18
2389,47.54701802671315,45.95119923890631,2.4085560625017406,2.486381357543095,1.809840207905968,7,54,17
2391,54.42193934195762,50.154407994251926,2.0155210780038173,2.1594623220347016,1.7592468458107404,7,55,16
2393,47.5492934867473,45.87279666049269,2.7194923290149022,2.7154794229816,1.780372715955004,7,56,15
2395,54.61602412701822,50.1979427615177,2.0179602336684037,2.023065783993831,1.7654585704547885,7,57,14
2396,53.98945112664698,46.20680314886697,2.409145165068261,2.4798955550509336,1.7756136922727157,7,58,13
2397,54.621843575697525,50.18895736512512,2.016707594147861,2.0028176202456365,1.7638713172781681,7,59,12
2398,54.07834619272708,46.20530835738669,2.448740520601214,2.4935470854583937,1.77105456312845,7,60,11
2399,54.57283441287881,50.178407502665095,2.017081976460273,2.061244397117138,1.7561689647340482,7,61,10
2400,54.004030748237554,46.18098281793005,2.4839318360027343,2.5248619812667767,1.7668382464423313,7,62,9
2401,54.65884815489962,50.182509844874,2.015865822308184,2.030738155835073,1.75545375967907,7,63,8
2402,54.11121073259171,46.17207464076251,2.483945646191711,2.530528632861513,1.7647093128747031,7,64,7
2403,54.51993729622157,50.173666427799,2.016758163836068,2.1901431826977382,1.748400484747995,7,65,6
2405,47.44710690965051,45.74447603528703,2.808453043275565,2.7842981288812103,1.760857250862475,7,66,5
2407,69.28796559754325,58.41948951650429,4.032121081634592,2.11587711023423,1.6448580255642418,7,67,4
2409,47.59500992926012,45.887326483783916,3.1380262657970426,3.0230017116948287,1.6718419581844106,7,68,3
2411,69.86974573152932,58.954810986890266,4.032714355951809,2.052769819032336,1.6497823061569195,7,69,2
2412,68.48251278043713,49.73373947873152,3.0033141173515867,2.921780707260326,,7,70,1
2413,34.973341925251844,29.26541655615828,4.027448488189357,1.9848598462488805,0.19974870136827394,7,71,0
2415,29.248668936056312,27.00218749949012,3.1780189678565427,2.942623280710145,1.875813030768255,8,1,12
2417,47.876225604831575,32.82332257180906,4.027610772655682,1.9816234331870684,0.7171085126725997,8,2,11
2418,27.83350893576499,25.489236477153455,3.6937831315974754,3.300000249825261,0.745177305492902,8,3,10
2419,53.521374145800095,35.79329539654299,4.028150816942063,1.287217552704193,1.1956726746771815,8,4,9
2420,28.349790188142716,25.66638181947046,3.606366431016505,3.1937451838958064,1.2059293684878696,8,5,8
2421,53.59969491765948,36.38266836733648,4.027874138842302,1.92499373482904,1.3016827186444,8,6,7
2422,28.202231824821716,25.60178268537945,3.595504774551329,3.178954174486059,1.3077871351776973,8,7,6
2423,53.81770081109488,36.45901475182769,4.033138447887385,1.948018740022197,1.351981551227126,8,8,5
2424,27.91186860161207,25.27803792735921,3.577621580103452,3.1699053456485653,1.3556301767450192,8,9,4
2425,53.57104302015468,36.279780573622936,4.028549406404835,1.891347070952385,1.3816712552084114,8,10,3
2427,27.373762514812015,25.077177150377622,3.569270684469936,3.157479244597626,1.3851969345954822,8,11,2
2429,54.60856796915766,36.16552578493363,4.029060240993913,1.1932458808760276,1.3448931451752488,8,12,1
2430,27.6829828625894,25.107706801429142,3.5811306308679627,3.164073308863679,1.3510205640422217,8,13,0
2431,54.19146373008866,39.93652051985124,4.028435536553458,1.91705151743623,1.8429491269327072,9,1,526
2432,27.840784814373432,25.33291531043187,3.3964513404803647,3.030932756387636,1.8376825985777716,9,2,525
2433,52.93433121063188,38.25328053802186,4.027703797647405,1.9084502918482384,1.7977908179428257,9,3,524
2434,27.61924795678449,25.26420210676513,3.51325676764006,3.1090953029013035,1.8038000035682484,9,4,523
2435,52.5032036116964,37.62899446299115,4.029010576937479,1.9529802665635712,1.773700613482818,9,5,522
2436,27.43893720648791,25.1725714872834,3.568662705821936,3.1452475056236717,1.781299425354682,9,6,521
2437,52.17652816361563,37.32713409422701,4.029371158559712,1.9889951350881316,1.7595038541156005,9,7,520
2439,26.933417609894573,24.930113294257133,3.5934693636214328,3.1537499231493347,1.7638250118333514,9,8,519
2441,52.04937847239831,37.40237649452651,4.028926555600406,1.9634548720089504,1.7586731514579579,9,9,518
2442,27.5840511671246,25.44971881922369,3.609112889246672,3.175008091812796,1.7729643681400078,9,10,517
2443,51.73549267436528,36.99574275414158,4.030095334789055,1.9596564991730565,1.7466265971213761,9,11,516
2444,27.38119933450065,25.40288547700576,3.638230985844158,3.190101082900548,1.7677253110000846,9,12,515
2445,51.66117418178819,36.85780455256667,4.029301699475618,1.9224375381620544,1.7428133888653223,9,13,514
2446,27.355187988091284,25.446087439094065,3.6450360829327457,3.1957408172331294,1.7682589698357998,9,14,513
2447,51.20270858784091,36.6450177655176,4.028374929061863,1.9701535031712945,1.729691873720361,9,15,512
2448,27.288391981252264,25.412238435581575,3.652420381534172,3.2041516581505034,1.7535284139101102,9,16,511
2449,51.54633126076106,37.06472736671567,4.028389076445655,1.9056198246248632,1.7371271573360274,9,17,510
2451,27.9477554676608,26.262632859441705,3.661303544449034,3.199782364231844,1.7627447818085613,9,18,509
2453,51.68734548388082,37.66051476409482,4.028586118410664,1.9194841380159544,1.7384261103979344,9,19,508
2454,28.77908313327428,27.15956153979837,3.644560991625841,3.202826833397024,1.7646131354809773,9,20,507
2455,51.806645557310055,38.32310986221148,4.028842731009181,1.8976584375642789,1.75354702067573,9,21,506
2456,29.587400920237503,27.15783543455161,3.631439353797268,3.202497284595493,1.7718767033837692,9,22,505
2457,51.0135246257672,37.01126182016035,4.030100031226656,1.9491950772703672,1.728087149488747,9,23,504
2458,28.02462312003108,25.813447491927068,3.649266551493315,3.214431605796866,1.7388520121840578,9,24,503
2459,50.612625791907234,36.45751890099188,4.029009682675262,1.984512151427813,1.7130586611780685,9,25,502
2460,27.508446273603877,25.4385418066547,3.673981269404684,3.216537355631196,1.7254052575608088,9,26,501
2461,50.4762319652216,36.24583239287416,4.029820948579601,1.9563552671465751,1.7089988302067347,9,27,500
2463,26.974776552173367,25.248718690227886,3.67104061194108,3.208205660090406,1.719615997069129,9,28,499
2465,52.80944186421341,38.88044910257506,4.029429516237868,1.9541530671990093,1.7830297137248905,9,29,498
2467,29.875322699895804,26.910531117583485,3.5640299298928726,3.1474451184373105,1.810299106749118,9,30,497
2469,52.001298745862094,37.68662439550755,4.029363256265371,1.9044972660711088,1.7795279140780793,9,31,496
2470,28.315208391899404,25.728600418966007,3.612380250155068,3.178943322526687,1.7848736042791102,9,32,495
2471,51.65598739515965,37.02885798715912,4.030201623675916,1.874834635726596,1.762247993741512,9,33,494
2472,27.81247781030711,25.298283478954108,3.634861262572665,3.193345275508454,1.7659116570529803,9,34,493
2473,51.50939532095622,36.84829116229335,4.030021583929906,1.897981208291145,1.7467457965271416,9,35,492
2474,27.70294956383509,25.22725335885319,3.6418968589685408,3.20418028051415,1.751319562519306,9,36,491
2475,51.25839715822789,36.78338270641005,4.029862208715491,1.991339490634848,1.7312257888075233,9,37,490
2476,27.900639189665696,25.396804370655392,3.650026075171437,3.21347728621423,1.736928956274557,9,38,489
2477,51.77188968997154,37.1454352740502,4.029053434590447,1.8710207024150525,1.7353883950464193,9,39,488
2479,28.10586766865179,25.559292390267544,3.647598780937245,3.2096479505856514,1.7422063158869998,9,40,487
2481,51.73759469619592,37.43950673452506,4.03323407643102,1.9449657495126544,1.732400127873692,9,41,486
2482,28.571121574416747,26.02928876956574,3.633953817340458,3.21181146288069,1.7413842037249794,9,42,485
2483,51.61243426951156,37.21232307005263,4.029609473738784,1.907571146047148,1.7264060846476974,9,43,484
2484,28.10157886655292,25.517803859131764,3.641310786538748,3.214365446379843,1.7317288925311731,9,44,483
2485,51.546238399221565,36.823942592131566,4.029153463598805,1.853794752061886,1.7198301130183173,9,45,482
2486,27.592611509858592,25.032275833836536,3.646155251111215,3.215583478523143,1.7235418213821845,9,46,481
2487,51.03143629880169,36.46405070511895,4.029585877984303,1.973807027309784,1.7029580639490531,9,47,480
2488,27.416109069201767,24.970096786913714,3.666377986176394,3.221144943842901,1.7073637593733368,9,48,479
2489,51.41437811978397,36.76266900330653,4.029845065383976,1.8729343749213587,1.707023963125046,9,49,478
2491,27.69833389679442,25.151245423346246,3.647521785265275,3.2158968238978023,1.7128982023439814,9,50,477
2493,51.44638168113912,37.105629207043215,4.03055037109141,1.973162822681108,1.7047537743614392,9,51,476
2494,28.19909801127054,25.617337309604267,3.6551070154668177,3.2211346092004054,1.7101829747850776,9,52,475
2495,51.30248392082844,36.92446822577901,4.028904787104472,1.9801558945564504,1.6976987497995246,9,53,474
2496,27.84749095059097,25.275800776416162,3.644805791999116,3.22487983076914,1.7021826554915869,9,54,473
2497,51.29496206472584,36.60695698382364,4.028816718572523,1.8983018980313588,1.691526573919974,9,55,472
2498,27.552710434067126,24.98503812558172,3.665082046124028,3.22302361150262,1.6965529805333923,9,56,471
2499,51.186634675664926,36.55039143131212,4.028814615699915,1.943860439855496,1.6840676249497377,9,57,470
2500,27.604985716215527,25.054927876059807,3.6481401277391257,3.227116774587557,1.6887035432009638,9,58,469
2501,51.18261676158976,36.58233147774771,4.0293423558858095,1.9632916036547936,1.6778581722884527,9,59,468
2503,27.861051720757885,25.490938376422754,3.647185110971639,3.218765370208408,1.684268512918808,9,60,467
2505,52.16803502599322,38.03675863150647,4.031050217020222,1.966790843925578,1.6971823176686602,9,61,466
2506,29.56364973202193,27.108320796412016,3.636248962043146,3.22559684232568,1.7031877380323897,9,62,465
2507,52.74767841756611,38.760697217070216,4.030106767683525,1.9197120509411163,1.7044042226795157,9,63,464
2508,30.354222263750568,27.746243974799963,3.6316893223106814,3.2233969536365947,1.7082844893007487,9,64,463
2509,52.43795613968632,38.235160610115415,4.030953176534828,1.90479520665137,1.6947434004350028,9,65,462
2510,28.863533412735592,26.154116748964707,3.6398333535482736,3.2254127540613813,1.696835651295324,9,66,461
2511,51.81197793605918,37.20770413073148,4.031039705836091,1.9002006601986487,1.6748173989416826,9,67,460
2512,27.962902999929224,25.414913270087332,3.645953789493181,3.2284983753045498,1.6784901563931538,9,68,459
2513,51.73653410504897,36.9160184906247,4.029997935260405,1.851172103937757,1.6688569084596634,9,69,458
2515,27.514469529390247,24.86415949056156,3.644413749264843,3.2178191999678054,1.6729138853821286,9,70,457
2517,52.54160752520686,38.272310782775065,4.029710862662991,1.9532771236637267,1.7116198778613354,9,71,456
2519,29.378522535256263,26.857478245510404,3.624797998302576,3.2116141763311363,1.7257009975117736,9,72,455
2521,53.32326193954195,39.1034201890991,4.03077580772834,1.8536215036991408,1.7198562928361276,9,73,454
2522,30.153364813411443,27.457129275323574,3.622275327368598,3.211822047541302,1.723205224256252,9,74,453
2523,52.66626648084271,38.33805950325132,4.031306085570448,1.8889976705304932,1.697664995913693,9,75,452
2524,29.45284721212776,28.050791395187787,3.6359422155274,3.222237800478284,,9,76,451
2525,55.391416850220025,40.78203629126505,4.032672225135528,1.9693514891283213,1.9848864832701825,9,77,450
2527,30.99385540407712,27.93209145768323,3.521186256045146,3.1415605038180807,1.7735962472944764,9,78,449
2529,52.73529025292928,38.52395699562303,4.031780602841451,1.9935504677327176,1.7457977674343717,9,79,448
2530,29.13090160719656,26.419705397313074,3.5907044815384923,3.1865213844968183,1.7390020134719788,9,80,447
2531,52.530629852108135,37.84185542205372,4.030791007814564,1.9102322543360104,1.724320191291537,9,81,446
2532,28.62513698539619,25.95235919538191,3.613896667242643,3.197676021773631,1.7212842148215233,9,82,445
2533,52.2186933985822,37.464100471383695,4.0310640182247095,1.9518631378335147,1.70516729537166,9,83,444
2534,28.355994167222107,25.808477836954694,3.63374269413222,3.210487879606898,1.703548356245483,9,84,443
2535,52.72731536294026,38.110532137074216,4.03130596458528,1.8963514295309496,1.708776751223701,9,85,442
2536,29.609110786494043,27.1660604676426,3.6220954441667073,3.2061402846510085,1.7076920104479154,9,86,441
2537,53.20573413452146,39.04860411133125,4.03322808557455,1.8979233738345112,1.7135524656399155,9,87,440
2539,30.418484376593327,27.71391252719328,3.612811399511558,3.2038726219938325,1.7122122194572176,9,88,439
2541,53.164414772235126,38.882226863166906,4.031813043363584,1.9266531976002357,1.7059313803770735,9,89,438
2542,29.565281318654662,26.837729132927187,3.6184337398530895,3.207215562329308,1.7021727134193068,9,90,437
2543,52.600411784093296,38.10273900805949,4.030821588081266,1.939997570224548,1.6863014202791662,9,91,436
2544,29.104202236345422,26.464805575493322,3.625619317281698,3.215090575838469,1.6858303136675914,9,92,435
2545,52.46865748904612,37.915376799712824,4.032137075383287,1.9585672641473333,1.676593692973318,9,93,434
2546,28.91993393498643,26.283339210959728,3.62890251510412,3.216341287006588,1.6768494956933788,9,94,433
2547,52.40979732740365,37.92480929373238,4.03124499599466,1.9572832344435456,1.6696347238491769,9,95,432
2548,29.26321822560173,26.585587036749832,3.623914407864926,3.219637575847601,1.668784012751123,9,96,431
2549,52.83404254463567,38.34698157796738,4.031640962287776,1.916168037790613,1.672297916299019,9,97,430
2551,29.797844034416915,27.076052164059934,3.6152289140083007,3.211030963422151,1.6733401215555093,9,98,429
2553,53.60145197534956,39.30988108210959,4.031167247658788,1.9463675093023411,1.6787947189723196,9,99,428
2554,30.850915068075665,28.215967732403673,3.62087137912629,3.2139321613181218,1.6796313628061064,9,100,427
2555,53.25152711755672,38.964980792259276,4.032439717618345,1.978054954648292,1.6695501094362897,9,101,426
2556,29.448430432076023,26.599794786363184,3.6320456946006714,3.21606834369891,1.6663622913356162,9,102,425
2557,52.64070518740206,37.72135386687406,4.032672607638048,1.905966283713238,1.6486210494028268,9,103,424
2558,28.476717117736804,25.803561783710553,3.6318955908163306,3.216870092404793,1.6480943873394238,9,104,423
2559,52.51312011499367,37.45856152891539,4.0312142392988,1.90750106961619,1.639245476502306,9,105,422
2560,28.17533501075102,25.522919260453403,3.634880414198854,3.2176558740767387,1.638561628395239,9,106,421
2561,52.3982280962388,37.2659552140469,4.031802508115526,1.9292976600569,1.6294955854945137,9,107,420
2563,27.80459597486159,25.464465354717223,3.621082116704189,3.206053098459748,1.629895285805479,9,108,419
2565,53.455944890050766,38.74887799470947,4.031765665107094,1.8981581536679577,1.6467498365632884,9,109,418
2566,29.960671905700323,27.518199216904357,3.6258559069703296,3.21647726154085,1.6483525217839885,9,110,417
2567,54.15574298880717,39.69321386954275,4.032044401412751,1.888436111770808,1.656010083513955,9,111,416
2568,30.97347780198667,28.279796841781287,3.6226128810394185,3.2162110963406603,1.6553849163228769,9,112,415
2569,53.69393683990001,38.99544744527789,4.031354508468829,1.8935389971250935,1.6428330336854222,9,113,414
2570,29.298874564860306,26.429660018386194,3.6285203392091794,3.21484018889854,1.639929575840537,9,114,413
2571,52.91956948214362,37.746988287643894,4.032766166622568,1.904031637069275,1.6196458285724302,9,115,412
2572,28.325765562307875,25.67478989409037,3.626624830349701,3.215428762594589,1.6190400806201668,9,116,411
2573,52.77330169161603,37.50735630364932,4.032211222443815,1.9196175823544368,1.6106417979129757,9,117,410
2575,27.8163294494952,25.097103625713082,3.605766846927206,3.203470238951515,1.609188304603552,9,118,409
2577,53.75237854927132,38.883555668352116,4.031033663843277,1.852348915398631,1.710809718456676,9,119,408
2579,29.530410407736024,26.90380562776304,3.5357722954756827,3.156267532096624,1.7270370176157277,9,120,407
2581,54.49882525049124,39.70651744278487,4.031389983040594,1.8154710749647816,1.7161689214882103,9,121,406
2582,30.367195596613787,27.54690981342813,3.5571431947686314,3.1717222730186694,1.7144630432457644,9,122,405
2583,53.48032268666943,38.69688917568081,4.0314763579809485,1.9709912361310515,1.6824682143129068,9,123,404
2584,28.95352582714748,26.18633645795616,3.605216324921927,3.194181436815639,1.680417531830935,9,124,403
2585,53.19212326974819,37.93115370815919,4.030814834933042,1.8937050882323647,1.6621358531227783,9,125,402
2586,28.20999843874775,25.534289366366473,3.6123629376953583,3.197663761126034,1.6604069291926027,9,126,401
2587,52.91631108720558,37.670702628979534,4.031351131822119,1.936708367530743,1.6470092413109951,9,127,400
2588,27.92688215174505,25.248065490145052,3.613012715881684,3.198276430174468,1.6463733875105417,9,128,399
2589,52.95164787724483,37.48833504505954,4.031138153963117,1.898472277042985,1.6362927427451144,9,129,398
2591,27.722160808755696,25.398766166291246,3.605072685206303,3.1887656700040115,1.6382749771131073,9,130,397
2593,54.15703950174405,39.01194436489727,4.031622991395031,1.8471266740226868,1.6546378170994958,9,131,396
2594,29.604566382565064,27.259413118500643,3.6035481425116704,3.191868919887536,1.6531147055475655,9,132,395
2595,54.90254753232506,39.95408175672587,4.031501330592,1.8671703949444944,1.6592021625327535,9,133,394
2596,30.584211328133428,27.520235419535577,3.592994507319381,3.187620234633194,1.6613428932414227,9,134,393
2597,53.80008363828377,38.629206981182826,4.031293666591443,1.937874589200696,1.6356394112197101,9,135,392
2598,28.551466953511927,25.75999329076942,3.607152894603577,3.191359670895458,1.6346491544430188,9,136,391
2599,53.54505652293522,37.93003488357471,4.031684082152135,1.8429746742692776,1.6257097007390815,9,137,390
2600,27.98999153172987,25.28374968940276,3.6040357089830346,3.189763158155431,1.6251196779865227,9,138,389
2601,53.29577183051126,37.62158369702063,4.03165132325304,1.8767034375876257,1.6156954619567006,9,139,388
2603,27.36262123449225,24.647463247957468,3.5797933553963914,3.178091098433197,1.6163705702983555,9,140,387
2605,53.69065218748237,37.78621151878811,4.030947549189872,1.823408615215652,1.6179863465162203,9,141,386
2606,27.835778846929387,25.208883176819146,3.591985886122993,3.1887322916131846,1.6156820173673607,9,142,385
2607,53.4617189956508,37.780545613375104,4.031045921440598,1.914352330463475,1.6089047410412336,9,143,384
2608,27.57291855837528,24.890557386906817,3.596637619034546,3.1882897526068525,1.608634347289266,9,144,383
2609,53.31089209854774,37.48831223397221,4.0311405953415935,1.9242052922699,1.6000813797748492,9,145,382
2610,27.60420579633925,24.96092946617714,3.592268610200494,3.1877228523340446,1.601739656932441,9,146,381
2611,53.6277468644108,37.84650784146758,4.030716749693109,1.846946703906843,1.6035994150643404,9,147,380
2612,27.577109304578755,24.964629511881554,3.6074747350585774,3.194843546529069,1.6045496705345421,9,148,379
2613,53.311289666668536,37.50067380952265,4.031853159151112,1.912127707319289,1.5917303091039472,9,149,378
2615,27.316388343439577,24.608542818819664,3.5876742015904406,3.1825999602135453,1.5923822947074928,9,150,377
2617,53.24781973161767,37.467710565988114,4.031474413273752,1.9981993087869525,1.5835714479130125,9,151,376
2618,27.5594599628651,24.871485928412692,3.5851728760729635,3.1853042686336925,1.5851012557240167,9,152,375
2619,53.32567282742489,37.598185411610906,4.031012283747264,1.9676969517091,1.5850693675717986,9,153,374
2620,27.645232864677777,25.042481226799218,3.607096272589958,3.199265277384356,1.5866891753114865,9,154,373
2621,53.67135316275077,37.701434924362204,4.031507871009939,1.8011165493797343,1.5879456295069514,9,155,372
2622,27.519738592867917,24.821764696385916,3.5903999221980354,3.186020581302884,1.5873677427656907,9,156,371
2623,53.425915759836265,37.53461374251148,4.03073010593017,1.935722285136851,1.5779986440898293,9,157,370
2624,27.49142820095191,24.84747734962236,3.58937781457386,3.186983108485,1.579739997009987,9,158,369
2625,53.80241246385534,37.84394106488913,4.030697157978195,1.8530896744385117,1.5807195845293722,9,159,368
2627,27.243212330369285,24.555455419099868,3.566093729317018,3.171320453991876,1.5814379459589802,9,160,367
2629,53.538703332548565,37.62240216799661,4.030516737306949,1.9965159983729224,1.5717669702405896,9,161,366
2630,27.55781692714321,24.87523933983208,3.5895699300119945,3.1845297937460924,1.5695614136778058,9,162,365
2631,53.85443523479271,37.85402355267617,4.030351819973078,1.817348554391127,1.574448176754888,9,163,364
2632,27.842939691348175,25.24447452638901,3.5884397890344872,3.183271245669182,1.5757862053989653,9,164,363
2633,54.31271092311757,38.470904652851125,4.030995659242972,1.840119681149193,1.5779270636972775,9,165,362
2634,28.67874483782216,26.135682422764102,3.5889063919176265,3.184535084132468,1.5809853976651294,9,166,361
2635,54.71724968436856,39.05355467673962,4.031351805704019,1.8717606752777656,1.5806342426660067,9,167,360
2636,29.28600113232733,26.718521545702806,3.5917286082650386,3.185173125067644,1.5828472198810808,9,168,359
2637,55.03279239327084,39.44221992740732,4.033249507760725,1.9004154638642283,1.5830163800835544,9,169,358
2639,28.38185745938373,25.502133983927227,3.576910630264677,3.1733009097485154,1.5833511653816943,9,170,357
2641,54.39303449657184,38.22999069332894,4.030676382405292,1.795323655635375,1.573582341343413,9,171,356
2642,27.732638931716597,24.9527339208718,3.586068262520177,3.1829319929636126,1.5698882990949066,9,172,355
2643,54.05963088053671,37.758104647901995,4.0313459795279805,1.7802670666869505,1.5618700850370808,9,173,354
2644,27.291834679094567,24.558860979911938,3.59257512469691,3.1821376655646936,1.5631873553057705,9,174,353
2645,53.59788130809244,37.428049618035296,4.030606905484439,1.921681538108464,1.5520594043223446,9,175,352
2646,27.0938676012675,24.616398559179743,3.5892148515406728,3.181114998819976,1.5511283610596405,9,176,351
2647,54.608136974659445,38.5029228575476,4.03028398584487,1.77881535602872,1.5682406171405772,9,177,350
2648,28.34461758452241,25.600074072276037,3.5798533406865984,3.1817978797454662,1.5674520641334933,9,178,349
2649,54.5574027155619,38.83348222581879,4.031494670418764,1.9534408897799111,1.5582161824817184,9,179,348
2651,28.969654064445265,26.33035866686595,3.5730800926224915,3.17208466114005,1.5621967521521696,9,180,347
2653,54.99418815591436,39.052180409304285,4.031940850232371,1.8222744588584343,1.567268019633555,9,181,346
2654,28.534239045256903,25.6003640732977,3.584249785255439,3.180274606655195,1.5670035408942034,9,182,345
2655,54.16320225337546,38.021927947894824,4.0307098776684045,1.8129227899512983,1.5507238420682186,9,183,344
2656,27.459489619180463,24.75237696837959,3.589599365427889,3.1774254690489387,1.5520688064658372,9,184,343
2657,53.87733726225828,37.73309166360951,4.030808108637904,1.9001242255219517,1.5389194748149964,9,185,342
2658,27.38404203897108,24.684612449966963,3.583783414614519,3.1799200100269345,1.5418955093217086,9,186,341
2659,54.00540892482746,37.88253804875795,4.031586804182261,1.861826807558021,1.5433853715677746,9,187,340
2660,27.720534210843525,25.35533536050842,3.5805583265320697,3.180854972848618,1.5438352404971263,9,188,339
2661,55.01715436055076,39.09683297382756,4.030442133532166,1.7571531937270366,1.5595006712935744,9,189,338
2663,28.731663561338948,26.14862345852221,3.569031566923897,3.173531389920736,1.558757607007094,9,190,337
2665,55.56824997306065,39.853212783951,4.0318254325257525,1.8292747932433169,1.5653011682274545,9,191,336
2666,29.90046026120309,26.896957498815674,3.580324290066572,3.18047413266473,1.5633958986942083,9,192,335
2667,54.92871435196593,39.04623892631281,4.032010763539899,1.7807877780971682,1.5522734908689937,9,193,334
2668,28.53265456743784,25.520635883535657,3.5899195847856964,3.1800373058366875,1.5529180967034697,9,194,333
2669,53.80101502575858,37.820538353520355,4.03093756328432,1.93715684685712,1.5267269782052912,9,195,332
2670,27.539945406384067,24.77494533689421,3.5834430364163303,3.1802134167024474,1.5294732805976412,9,196,331
2671,53.90914216170243,37.73310595477053,4.031422687627503,1.8780478013995328,1.5279798501276927,9,197,330
2672,27.42182413159632,24.735851791602435,3.5789765669276385,3.1780783003265123,1.5265018901969416,9,198,329
2673,54.23260277977909,38.006666099531806,4.031633986852976,1.8094020919691347,1.5311079850322469,9,199,328
2675,27.768468074040385,25.563889372683043,3.5569129314026955,3.165508713550229,1.5318153655432132,9,200,327
2677,55.63045478699343,39.784628994566496,4.031197018578919,1.8197773356081155,1.5520152281972126,9,201,326
2678,29.680912484057867,27.303385841844904,3.581612765566291,3.1788156955159943,1.5531924506042458,9,202,325
2679,56.16713312985831,40.35944876635067,4.03123727157494,1.836381881007388,1.5522373855813134,9,203,324
2680,30.19985112333716,27.304142080016785,3.597927450727041,3.1893977126428643,1.5552099986188543,9,204,323
2681,55.53601912262827,39.40096297699252,4.033637600592424,1.75385880069876,1.5403896454507546,9,205,322
2682,28.93674980765684,25.82928197691623,3.5775249538755194,3.1729171604838786,1.5402670908689908,9,206,321
2683,54.42859597766174,38.23202468655914,4.030551182286183,1.977912246538546,1.515038390009748,9,207,320
2684,27.811733137887447,25.06929787954973,3.5886944347412677,3.173323916362784,1.5176332776520587,9,208,319
2685,54.60293074972065,38.186119358463095,4.030891041828917,1.8406238091435183,1.5167107351292828,9,209,318
2687,27.16767190686954,24.504294294907687,3.554536742538153,3.158033910915245,1.5180755769534031,9,210,317
2689,55.29175004355109,38.7565059715467,4.030314032706555,1.793591568720353,1.5258263658167976,9,211,316
2690,28.73087956479292,27.945146314443477,3.581047354200613,3.1745429275079733,,9,212,315
2691,57.637403832441095,39.21824541685028,4.031780531813977,1.880422567759453,1.9064077513175774,9,213,314
2693,30.13633226697106,27.21994306720329,3.628765888815713,3.205944690929929,1.4357749213433437,9,214,313
2695,54.65393012817871,39.05310062274121,4.031488800527161,1.92608696846512,1.525301800428349,9,215,312
2696,28.99260709455997,26.205519115271507,3.5933173128728138,3.1820544759046,1.5235565624330083,9,216,311
2697,54.152949724280695,38.41375319607374,4.030424136743857,1.9774094380313447,1.5124873617113135,9,217,310
2698,28.38784745273713,25.75171191559363,3.5856696206559824,3.176753257818806,1.5139278414724326,9,218,309
2699,54.53515875704883,38.46902673499884,4.03138524080446,1.8428005555738187,1.5134071079626779,9,219,308
2700,28.238179116575434,25.580162276604494,3.5789920151229184,3.174889128723206,1.5165671684326036,9,220,307
2701,54.77734925210607,38.5100324254832,4.031183913719146,1.7746653306163975,1.5173014864063994,9,221,306
2702,28.09168255413839,25.456381795634478,3.583342443396602,3.172637945833898,1.5149459533086875,9,222,305
2703,54.64702813763124,38.40063671961678,4.031896597974894,1.8460476497404992,1.5046727495537957,9,223,304
2705,27.718185388789333,25.133730340539937,3.560019129961385,3.156725205053238,1.5076541201496665,9,224,303
2707,54.505104228610136,38.39044541549165,4.032512009214244,1.95995016678396,1.495853848250785,9,225,302
2708,28.053980492526875,25.399227306972072,3.5732005077835214,3.167755074400424,1.5006449449463535,9,226,301
2709,54.4213321925581,38.413629652125955,4.031454503778134,1.9111619475065968,1.4982949077796515,9,227,300
2710,28.00068717260121,25.344691758984684,3.5921599218714246,3.175298945081853,1.502937046025872,9,228,299
2711,54.599932749715,38.44024987650422,4.031553638984478,1.7914848144741025,1.497457578777577,9,229,298
2712,27.96885539984366,25.319276066420542,3.607522958907885,3.184453502409498,1.5023901323250635,9,230,297
2713,54.621715057959925,38.18714693456589,4.030568780479417,1.8461845656811997,1.4923129229209442,9,231,296
2714,27.91277866863059,25.283276927817834,3.598059776638522,3.174717342521298,1.4914786037313632,9,232,295
2715,54.55731341596549,38.18649962226669,4.031930484527798,1.8424801617142232,1.4894013973347051,9,233,294
2717,27.562709411234508,25.018552224193442,3.566219572973171,3.1554502141357488,1.4874042833022025,9,234,293
2719,55.041315475822266,38.536213089297746,4.031179334434039,1.8293764049247,1.490278067163726,9,235,292
2720,28.098404754765337,25.458588159429965,3.581188311188783,3.168473301135584,1.4917706924322724,9,236,291
2721,54.87421915377841,38.552272664006516,4.032120605609321,1.7818288008009142,1.4934753048186955,9,237,290
2722,28.040635625760533,25.401682016658146,3.583855548905996,3.163291930435524,1.4920676412936609,9,238,289
2723,54.605029117345865,38.455511167512036,4.030698456939857,1.8799745135000576,1.480567180794717,9,239,288
2724,27.989198340996523,25.351021807458146,3.579452450037345,3.1615432481720944,1.4854115099398495,9,240,287
2725,54.77196645266215,38.45383838785278,4.031396914149324,1.8632410129416257,1.4830372510239085,9,241,286
2726,28.000251634892148,25.33816887280592,3.567934747335392,3.1578255912433577,1.4821943264494357,9,242,285
2727,55.081324460303485,38.59571101696619,4.031628150086961,1.7604885282268967,1.4861025179628389,9,243,284
2729,27.50228467524251,25.21084255889022,3.554931077864984,3.144066925389391,1.4846457962244188,9,244,283
2731,56.28817834549751,39.84838963202565,4.031721300872744,1.8980864731881968,1.489014570886573,9,245,282
2732,30.132167819727243,27.61212951781078,3.5554799010289018,3.155519946038738,1.494797606016448,9,246,281
2733,57.27354368026744,40.8588418858713,4.032692621747669,1.765463647928582,1.505876081126152,9,247,280
2734,30.310700434430743,27.616481596272365,3.5456899192492606,3.144738220105443,1.5104414045722327,9,248,279
2735,57.2291922074886,40.645674557350794,4.031807157333931,1.7789329307031558,1.5090013467273917,9,249,278
2736,29.592141679761287,26.52058165232816,3.5336015505561886,3.131704961713157,1.5039831792905864,9,250,277
2737,57.19704022437858,40.22816795562337,4.030914484032776,1.9751406850610131,1.4976064848560655,9,251,276
2738,28.62796198993188,25.83902162866771,3.509826191061641,3.113581246052623,1.4941060531288854,9,252,275
2739,57.01987269382395,40.06014962782639,4.032022945808555,1.7718580087129037,1.4979600792488958,9,253,274
2741,27.792653361067227,25.23040139997316,3.464918952077484,3.0874623013784617,1.4940685893744634,9,254,273
2743,55.93330356332492,40.062941403566036,4.031185839742219,1.9154948072138345,1.5150415534248791,9,255,272
2745,28.84325005515693,26.37611329450895,3.568859431739772,3.167621562225042,1.5312300242972132,9,256,271
2747,56.299084505467846,40.262388264621016,4.03143308473883,1.9395710043147305,1.5082925188193634,9,257,270
2748,30.274859886409185,27.199391951777383,3.564029629317912,3.1695297645801936,1.5126115296875229,9,258,269
2749,56.50951504855041,39.997401224885536,4.0333360487412335,1.9213252989145688,1.508361335176188,9,259,268
2750,28.83073809337109,26.110347867142693,3.567641532885897,3.1692975756325144,1.5116043934866186,9,260,267
2751,56.69165778744567,39.574089613864224,4.031093353153527,1.99784512954192,1.496180347125383,9,261,266
2752,28.37645919266808,25.695226327351513,3.5886087168319034,3.1798811774827502,1.4958625179920293,9,262,265
2753,55.51714083426434,35.98333032061264,4.031452965753613,1.4425192802033469,1.1227114840821968,9,263,264
2754,28.652778411760018,25.453996779038537,3.471924170722596,3.095868541108939,1.1245195862613198,9,264,263
2755,45.807200259053744,30.119688488829738,4.030231487651757,1.5585045696383768,0.3383899375487037,9,265,262
2757,25.839445262072896,25.255689413316194,3.7030640745790624,3.270953860147741,0.3593572329448666,9,266,261
2759,46.03459549176176,30.940513967139797,4.029552223712936,1.203791745361808,0.27134742817785507,9,267,260
2760,28.110539744892023,26.51576037385159,3.735125534004516,3.3077474954138224,0.29273107185812786,9,268,259
2761,44.981619190674095,31.002948619577534,4.030756009707639,1.5484910888494308,0.22625441375129293,9,269,258
2762,28.70153626994182,26.47600083508807,3.7554521010879607,3.3180322450521125,0.24494708391116038,9,270,257
2763,44.437719613927904,30.353188245577265,4.029588332092749,1.9233358352697387,0.26197591986103796,9,271,256
2764,27.487114244886463,25.294014821475386,3.742733065657571,3.3061550928275505,0.2772978059598889,9,272,255
2765,46.16094346830902,29.92194766382464,4.029344942221334,1.477441018016571,0.2745465610044294,9,273,254
2766,26.70002141453726,24.692465449354145,3.757001092005895,3.3158581381331533,0.2910718967623617,9,274,253
2767,51.875290776017344,32.39035931572692,4.029460110530672,1.7051348869638063,0.5199235818304594,9,275,252
2769,26.355216689861415,24.675239614069095,3.659029050894547,3.2258737698308475,0.5259049405181541,9,276,251
2771,51.767777887259,32.954165794905116,4.031115621681116,0.9861339962587278,0.5320506217246367,9,277,250
2772,28.386823673279256,26.185820874401525,3.652019186765031,3.2268233137679694,0.5483729325663625,9,278,249
2773,51.02675215928651,32.988995755051256,4.0305675228368925,1.3263821081867295,0.45367807360030477,9,279,248
2774,28.664619968527653,26.83190666471278,3.671555023800301,3.2404770118799013,0.4645693271946979,9,280,247
2775,61.13715999731606,45.33521672468352,4.0317416053878485,1.8345225826317897,1.6016223033699488,9,281,246
2776,31.299768789970777,27.726517888161936,3.407729227996451,3.0644716646416685,1.5929602387303856,9,282,245
2777,56.348749401178914,40.620147730266055,4.030688221689322,1.9860807469381487,1.5240095916002068,9,283,244
2778,29.421258295927863,26.373421066329865,3.5091560465187803,3.1233780369581456,1.5249526888352842,9,284,243
2779,55.51777727453801,39.68399574640648,4.032404761480388,1.8841219743920603,1.5080526059046069,9,285,242
2781,28.113176399616925,25.446847101537987,3.5254028645404056,3.1325547056248277,1.5065862327394992,9,286,241
2783,54.98845662264607,39.047236578784684,4.031245891627729,1.8129527074235323,1.4941932708899683,9,287,240
2784,28.235719564944144,25.392887479292874,3.555355885436325,3.1560162649040997,1.4955580535500146,9,288,239
2785,54.53862414235327,38.66855198329813,4.031735458078508,1.964418985321,1.480828216608476,9,289,238
2786,28.13137117307126,25.419414470410427,3.557586033055937,3.1552059388752194,1.4812889722531994,9,290,237
2787,54.72686731387149,38.84148471879362,4.030243674381958,1.854641378834996,1.4825049689272698,9,291,236
2788,28.22095804385234,25.514726565665562,3.5620631240294625,3.1543641854707625,1.482908805859782,9,292,235
2789,55.0046224518596,39.052551352201455,4.031560389126078,1.7877573640818558,1.4852214474661944,9,293,234
2790,28.352064753735743,25.490688608006554,3.545939661697281,3.1519908493715136,1.4852838409320266,9,294,233
2791,54.71731449617404,38.79448240276511,4.03102892027672,1.9183209167927544,1.4757659540994672,9,295,232
2793,27.611569249309312,25.047221831944732,3.527930211407151,3.1372681423031947,1.476080179736537,9,296,231
2795,54.428778601713,38.509868638012954,4.03134750995214,1.8528656809384136,1.3137630442411026,9,297,230
2797,30.576978172520423,27.891715798837495,3.502764719177245,3.1309181846405347,1.6353965493025302,9,298,229
2799,54.890003781719805,40.15830993087354,4.034595325058306,1.948475871638004,1.597299722578562,9,299,228
2800,29.99082305216067,27.111295548910068,3.549319856061816,3.1560846077539164,1.5984488195234645,9,300,227
2801,54.47368119654309,39.45022733421382,4.031575801276517,1.8283531317172368,1.5824489799230896,9,301,226
2802,29.097187458013213,26.35110061547962,3.5459869407830147,3.1485889496470114,1.5889582351576608,9,302,225
2803,54.12307476528604,38.94097771129498,4.0307713804325,1.888528315752074,1.5684669268993725,9,303,224
2804,28.62285758202543,25.96441878015059,3.545626224261696,3.149873990513397,1.5707204057946351,9,304,223
2805,53.77302966651148,38.66654129149028,4.030207437491865,1.924025874710363,1.5537865390463108,9,305,222
2806,28.511685174948337,25.942557286278568,3.558962437538691,3.1581108679814585,1.5572558005240473,9,306,221
2807,54.609405212648525,39.33636206194418,4.030412870193714,1.800492506386291,1.5566861878284526,9,307,220
2809,29.44645126706539,26.911554046754322,3.550541513963507,3.1505288811867205,1.562751402322971,9,308,219
2811,55.29324534393817,40.21246241286748,4.031449814259553,1.793120582655924,1.5606641412543854,9,309,218
2812,30.398177540552982,27.638096156458626,3.571295706370109,3.161738221100044,1.5649903511270813,9,310,217
2813,54.26200652741747,39.15441493084491,4.030133558981981,1.8969132609228212,1.535901144525184,9,311,216
2814,28.843911152594885,25.91139723005708,3.5896030317005394,3.164519230184194,1.5440088106157774,9,312,215
2815,54.01880189925328,38.472340837695874,4.030903189622477,1.8056023837774515,1.5283397143554402,9,313,214
2816,28.16201182890576,25.39351762624176,3.5758286731403746,3.166270742725037,1.5306570858945567,9,314,213
2817,53.57147874982123,38.10278800382275,4.0308406565332655,1.862859289057269,1.5135195283869636,9,315,212
2818,27.960621767080017,25.197433603128076,3.580600489012463,3.1684390363089485,1.5171410939272958,9,316,211
2819,53.4828168564585,38.13961733869117,4.031388046198441,1.9520601805312336,1.5031970491698015,9,317,210
2821,28.137225604249657,25.528084825684484,3.5547450435919057,3.156594967249454,1.508477599299491,9,318,209
2823,53.87014040301519,38.75498314355583,4.03043168767532,1.9878541604164133,1.5035504242047615,9,319,208
2824,29.058739494670768,26.42329301339483,3.585126717321249,3.173113453948025,1.5106904521617293,9,320,207
2825,54.16164128030712,39.165872874745595,4.031090413194844,1.9566455890224008,1.5094074049304473,9,321,206
2826,29.53913318033497,26.878314053038473,3.586016420665044,3.175715707651305,1.5143069989250022,9,322,205
2827,54.16534435153781,39.025069457187186,4.030676333677516,1.8936715311451315,1.5070032349939222,9,323,204
2828,28.870557440888373,25.928905605500137,3.593078042071115,3.173479519716991,1.5077378124621628,9,324,203
2829,53.79228026466776,38.3251245457817,4.031048376700338,1.828763483963188,1.494202832305005,9,325,202
2830,28.154033759744745,25.34254811977047,3.5818515542057408,3.172915100205997,1.4965326528247163,9,326,201
2831,53.22509160340434,37.878182669376734,4.030741393214865,1.9584399411299585,1.4765619612706924,9,327,200
2833,27.49434710088342,24.779136108141174,3.560669953841289,3.1601857984503905,1.4798683633371497,9,328,199
2835,53.57857958784029,37.905840036253096,4.030600936103562,1.8220675972367208,1.4810122040390434,9,329,198
2836,28.029299544731096,25.658025941717725,3.5867556208674856,3.177393009446275,1.489407947072783,9,330,197
2837,54.49825501084428,39.1223902532353,4.031272201329734,1.7715995765672343,1.4976496279073552,9,331,196
2838,29.284811632994977,26.71566863046802,3.5887089099501472,3.179340682952162,1.5027330880813852,9,332,195
2839,54.46813289210952,39.39196447810482,4.030774601922593,1.8584436263684132,1.486534553962311,9,333,194
2840,29.729009393284976,26.9289593856638,3.5908770498450826,3.181606053497463,1.4985319187287527,9,334,193
2841,53.89419947351141,38.80564596554866,4.030353569731922,1.9792800716788903,1.473308736244477,9,335,192
2842,28.80219677229658,25.889486505175565,3.5912905928615317,3.181624444031238,1.4821464520626046,9,336,191
2843,53.782251370205934,38.29516028833109,4.031215449055759,1.846857607499265,1.4719077905469944,9,337,190
2845,27.654721055224943,24.92093615367765,3.570389776467896,3.164960164525705,1.4729698688457262,9,338,189
2847,54.80009542618075,39.48206657960875,4.030724924949867,1.9297681149166703,1.4752671761514382,9,339,188
2849,28.871620860324075,25.93389027095123,3.574796198578153,3.164388087739466,1.5062609632815018,9,340,187
2851,53.59426450012642,38.22420789035359,4.0312040045445245,1.9404476337602208,1.4759627438578944,9,341,186
2852,28.122075172577595,25.342052447707992,3.589289172602963,3.1792182034972027,1.4815094995016858,9,342,185
2853,53.860038336831,38.212225319933545,4.030896618235125,1.8078076221500168,1.4775726480290836,9,343,184
2854,27.94330594440148,25.17817679663082,3.5911991666220797,3.1779882449383114,1.4812190177588447,9,344,183
2855,53.50394440240513,38.03726842877258,4.030353141551276,1.901348395168944,1.4628791939378119,9,345,182
2856,27.884269674160524,25.168020342916467,3.597458131900935,3.178749498324718,1.4707185381364125,9,346,181
2857,53.71091736477066,38.08745383569629,4.032772105959685,1.820065501803385,1.4655078798850527,9,347,180
2858,27.857305779756988,25.20675318788132,3.5993015674936344,3.178902745126005,1.474335168492741,9,348,179
2859,53.96609282803159,38.371162533264,4.031639319345703,1.781542687267246,1.465905431275059,9,349,178
2861,27.722271517097862,25.052010734186023,3.568210842364566,3.163041004999975,1.479946913571782,9,350,177
2863,53.89601837110568,38.21500087152169,4.03064555997338,1.8027051007685868,1.4560913720584736,9,351,176
2864,28.056662106994224,25.283814676651854,3.5913281897481637,3.181191678883045,1.478379390236351,9,352,175
2865,53.58335886886063,38.068361542357145,4.030235349806215,1.845120981293168,1.4545357656635973,9,353,174
2866,28.05979240047223,25.312727111019083,3.5989652309975964,3.181461203356203,1.4768393059900442,9,354,173
2867,53.35830232724686,37.98761504071771,4.032323959410741,1.9386542857041755,1.442200008587304,9,355,172
2868,28.085227492443263,25.34438220448517,3.608287547364442,3.1815867512697946,1.471645944828096,9,356,171
2869,53.56872781314004,38.3556643629041,4.030963918482138,1.8652024206914877,1.4437417326951032,9,357,170
2870,29.151934854382983,26.26538239873283,3.597252949218002,3.180266696784847,1.5341251415663841,9,358,169
2871,54.028944257752215,38.587739723836165,4.030066693660676,1.9741597310368288,1.4335037019553745,9,359,168
2873,27.375117344729567,24.71721183505234,3.574082207578416,3.164981111886,1.458732924045115,9,360,167
2875,53.32084823607714,37.84946765760722,4.03209652047346,1.9140482800494216,1.4324501608538642,9,361,166
2876,27.83324618985217,24.999820310707694,3.6070763703097786,3.1853789407427238,1.4471299209449524,9,362,165
2877,53.15804525272694,37.81892879614016,4.030614948818057,1.9249905185886904,1.4325279624562146,9,363,164
2878,27.915361788467965,25.12285117472656,3.6119622458964096,3.187067615029454,1.454536419486054,9,364,163
2879,53.44440984728841,37.98975162560657,4.030716672310753,1.848326319700026,1.4327385035985072,9,365,162
2880,27.89805911114108,25.09213435868636,3.61439588301756,3.187510568435532,1.453893319535789,9,366,161
2881,53.71116793928585,38.110497566784815,4.029789852416358,1.7964863123561203,1.435415194955339,9,367,160
2882,27.97964966157056,25.133331668218503,3.6083662386112665,3.187793110247208,1.45822823688456,9,368,159
2883,53.18757385880901,38.158711514227996,4.030772474345855,1.9550178000855185,1.4199853022331068,9,369,158
2885,31.18141694783326,28.98922716977949,3.5827343452618687,3.16962105103396,1.609382108845861,9,370,157
2887,56.49572691828426,41.901714617344744,4.031537357097997,1.9991954704388997,1.408868538396004,9,371,156
2888,31.807490949134746,28.727331863733582,3.592597367799649,3.184772486701735,1.5707555182794501,9,372,155
2889,55.32081069602003,40.72593783748325,4.031834027940411,1.982805388419431,1.4439628656627963,9,373,154
2890,30.561888059848663,27.352912389061874,3.60368132297844,3.1911623270999088,1.480346237400934,9,374,153
2891,54.57622829352292,39.388005009279006,4.031562224810096,1.80889512605386,1.44370306789226,9,375,152
2892,29.413599649247747,26.099528892298363,3.616393498021841,3.1888397743272083,1.4524863907947965,9,376,151
2893,54.008789265404765,38.64570917130626,4.031762836798674,1.865543717364217,1.4274506959149165,9,377,150
2894,28.66958855387702,25.605076990152373,3.6022559404684307,3.191091612636149,1.437208961157126,9,378,149
2895,53.47500454222108,38.3036813037848,4.030287733516317,1.994367058308584,1.414117223030759,9,379,148
2897,27.81964399814576,25.162896927734725,3.576833429637155,3.1772358777513747,1.432557166501527,9,380,147
2900,61.11438949471705,52.450611378612734,4.02642257980551,2.1274170450668684,1.703316443986384,9,381,146
2901,58.7620557871727,45.42371660764962,3.2901963915166523,3.021820265546222,1.8564355244593649,9,382,145
2902,61.9990871891876,54.113241117794225,4.027659504109606,2.1401060472348874,1.8184713298775959,9,383,144
2903,58.04547667853552,45.57575640522429,3.4348081839908544,3.125027324490124,1.8302095797266207,9,384,143
2904,61.89071493502735,54.157828260748424,4.0263997172904,2.1657237815883463,1.7990871584478743,9,385,142
2905,58.11799544233632,45.63280912752357,3.478683803637385,3.161116174719925,1.814655566156153,9,386,141
2906,62.214205409958005,54.212018750385205,4.027127991303563,2.095376108282347,1.7890879772156745,9,387,140
2907,58.30861430923471,45.65819164482254,3.5064267790537977,3.174680203830736,1.8033877557010554,9,388,139
2908,62.31179793095802,54.19837692352459,4.027089196239373,2.12524665517798,1.7756990608875518,9,389,138
2910,46.55584916287252,44.936662721176226,3.702088737702508,3.3173941180029534,1.7915353367657159,9,390,137
2912,62.29994268441351,54.14161744851121,4.026801519572001,2.0759632130565406,1.799150125994209,9,391,136
2913,59.13606642936436,45.6377432711598,3.39231489460315,3.1043783386287,1.820346312705945,9,392,135
2914,62.48134926186261,54.21167948917778,4.026685043731495,2.0440070679316857,1.787151934031394,9,393,134
2915,58.999576274745614,45.64791040909879,3.4830812752007585,3.160018772586096,1.795969895094562,9,394,133
2916,62.158212651524295,54.18634900836399,4.027008162529609,2.173948548947525,1.763292788759829,9,395,132
2917,58.289812097738775,45.723639856603405,3.551810622303182,3.2074548149493527,1.7837281350644991,9,396,131
2918,62.11029841216025,54.15360140656882,4.026835815972069,2.1712631392036204,1.7498293860197338,9,397,130
2919,58.47255002800483,45.731067802273145,3.568337335547963,3.224504767672062,1.7683262812218623,9,398,129
2920,62.21537292970592,54.168189231806274,4.027530832099604,2.1722790601698723,1.7375627638725126,9,399,128
2922,46.59843945415404,45.03022509129146,3.766742214119789,3.3537009143883725,1.7634367296848394,9,400,127
2924,62.42078136779365,54.22057063412252,4.026804684381526,2.1399140868464497,1.757583663065688,9,401,126
2925,58.937518500419486,45.676897394476796,3.537067985981954,3.1996205087803253,1.775147644205201,9,402,125
2926,62.42541404009337,54.24400266886001,4.028658336876764,2.112329336316492,1.7421468525242563,9,403,124
2927,58.62858781798702,45.6873061113965,3.5813353471094413,3.234368064863164,1.7571092635698304,9,404,123
2928,62.43136471336018,54.24150010859244,4.027635336965244,2.1141726056716275,1.7286155357581376,9,405,122
2929,58.61967564084126,45.666532500667245,3.5971577202528846,3.247480086239904,1.7416777110261685,9,406,121
2930,62.27459158639179,54.183697227073836,4.028103263729137,2.1697054636702,1.714874719270547,9,407,120
2931,58.39274546214928,45.68166527470184,3.632324187987426,3.26245228232741,1.730245251441048,9,408,119
2932,62.57843700986901,54.22886640157327,4.0291043008663845,2.0502203248956845,1.7111686742302061,9,409,118
2934,46.62955646925781,44.989982142684745,3.7968445913265647,3.372278268216847,1.7300203342515637,9,410,117
2936,62.47198799326229,54.15865206479903,4.027517719449719,2.056845844411806,1.7629484184905935,9,411,116
2937,59.61059292522578,45.662861949075335,3.406465806697557,3.1281616194561943,1.7864053225114624,9,412,115
2938,62.67828739920007,54.242750421230845,4.028208252016326,2.002654873353824,1.7490369224053917,9,413,114
2939,59.00731237260911,45.66545977051779,3.5393365936224668,3.199527899984999,1.7556643164465682,9,414,113
2940,62.48426799373123,54.26601179807604,4.028530108942317,2.098247338071892,1.7238896794732703,9,415,112
2941,58.39749710695152,45.637274839353786,3.5873622213236045,3.241287626190024,1.73076882176652,9,416,111
2942,62.520660259063135,54.24164371768822,4.028059956110559,2.095250035916422,1.7093736313272534,9,417,110
2943,58.400370464567416,45.68510933422458,3.6099140035565314,3.256370446898404,1.7215836726056157,9,418,109
2944,62.83792318174592,54.32282816477177,4.029736567587315,1.965222517702767,1.702467620734536,9,419,108
2946,46.63591606468484,44.97702270793838,3.770878465275968,3.362436353339254,1.7179064487097804,9,420,107
2948,62.47596510401283,54.27566161448939,4.02892193533513,2.1649300939348857,1.7090943183653906,9,421,106
2949,58.48963213324171,45.649512451703814,3.5967296206286936,3.250255088215731,1.7221474612247312,9,422,105
2950,62.54340291733675,54.34652062246305,4.028238890396407,2.1107101939003567,1.693427504943195,9,423,104
2951,58.14918845387104,45.71583530012687,3.6426033381890712,3.2766819905552893,1.7052274180322116,9,424,103
2952,62.54253781933885,54.369563893787316,4.029657303351485,2.154272422860638,1.677624851565453,9,425,102
2953,58.18671890380029,45.69109327271774,3.655496494961554,3.2886927669363035,1.6895591460892383,9,426,101
2954,62.63316972633199,54.38101073340462,4.028147301835234,2.056878607135279,1.6718488228778465,9,427,100
2955,58.31031109852277,45.70986032805625,3.65845901363842,3.291040264749679,1.6872638059642062,9,428,99
2956,62.63885708285674,54.366222070376075,4.027460243343909,2.0619330487714467,1.6644160182328536,9,429,98
2958,46.65876164559872,45.05699430148575,3.7876801552595305,3.385397309619764,1.6828970014914915,9,430,97
2960,62.50972828784737,54.36082826974155,4.028374864371009,2.182829076635093,1.683793630603027,9,431,96
2961,58.10041954010085,45.69915773281681,3.617310724729268,3.2714549845666423,1.7073685772122391,9,432,95
2962,62.41430430344205,54.329082038301124,4.0280399278365575,2.152270345667462,1.6681745220500943,9,433,94
2963,57.95558156005007,45.68348070965939,3.661194911151401,3.2947461411000987,1.6797710808064035,9,434,93
2964,62.71706660837061,54.350797312061744,4.028759921717576,1.98536642488698,1.6603399719840537,9,435,92
2965,58.37737091883785,45.6252010227337,3.65979033765345,3.2927606699859817,1.6662304278568312,9,436,91
2966,62.554566036297686,54.30570319180818,4.028912968695677,2.085108474542319,1.6432646063985634,9,437,90
2967,58.03816251784615,45.69198463973793,3.680346772512757,3.305286499676264,1.6631462568010038,9,438,89
2968,62.48691429447336,54.311769035681074,4.028240237923387,2.1156809695843,1.636543183553072,9,439,88
2970,46.61308319158858,44.94065637768161,3.803962236398824,3.3898570349047565,1.6496557507844616,9,440,87
2972,62.59235284434121,54.31694947968931,4.0292228155278815,2.08588060415804,1.6439609096341088,9,441,86
2973,58.13958830865933,45.655812691237195,3.678383558599024,3.3047081721679894,1.6597573307487368,9,442,85
2974,62.84622214879507,54.37602664745592,4.028629666143592,1.9452863886536,1.6384902454543357,9,443,84
2975,58.3683299755569,45.6823782046167,3.680605098486825,3.3045030387463634,1.6511411361275166,9,444,83
2976,63.0242156686281,54.40922760509474,4.028807042725253,1.916660490161616,1.6310311888643734,9,445,82
2977,58.503304246158415,45.69604997299652,3.688771802658076,3.307776335343533,1.6437667729457812,9,446,81
2978,63.00027240816272,54.43118438830086,4.027678632162258,1.927250989755404,1.6227574931794861,9,447,80
2979,58.4332880107998,45.7963018259265,3.688351560031561,3.3130048100555425,1.6486396291048167,9,448,79
2980,62.80130766887856,54.42543761419732,4.028626046511251,2.051939170845275,1.6151108760762554,9,449,78
2982,46.64450422755612,44.956817441707656,3.79640569780302,3.391419558348145,1.6266332527358134,9,450,77
2984,62.737405296482684,54.40878572720797,4.030594809378983,2.0447593292567268,1.636472195588536,9,451,76
2985,58.1685845940881,45.629366392097026,3.667967021362167,3.3024578406312184,1.6471928596915284,9,452,75
2986,62.57852749153667,54.42284720424547,4.029376137378532,2.1123670299751245,1.615672241773029,9,453,74
2987,57.56779185226476,45.625444218582054,3.691070214830464,3.32480610486125,1.6297570909522332,9,454,73
2988,62.84908045214772,54.38754363122996,4.02789957320431,2.029028311417829,1.6093977381965725,9,455,72
2989,58.215366540635415,45.69063679114315,3.686212894355529,3.3214409500892463,1.6232407503578654,9,456,71
2990,62.7284644620379,54.45246463683033,4.027280488641001,2.0574175231777425,1.601683035910998,9,457,70
2991,58.08468702438392,45.66864061344697,3.6941482843115856,3.325537672022999,1.6109157774738818,9,458,69
2992,62.69299470731855,54.41109814733754,4.027633935183195,2.068863283525511,1.5937783241973997,9,459,68
2994,46.67613074135932,44.95842950550725,3.786558064575579,3.3941706869792694,1.6026334530832156,9,460,67
2996,9.925006929139911,7.85677103517608,4.027231208258329,1.948761932682621,0.07411221405276677,9,461,66
2999,10.752582877071836,7.793067309492064,4.027860931751215,1.9012002130732608,0.08569871910656583,9,462,65
3001,10.859754872978824,7.471857159027487,4.026399571595533,1.964899016000036,0.0743744061140946,9,463,64
3003,10.755318068306904,7.8427380417497545,4.027903394302233,1.9253389098858815,0.07464347679158513,9,464,63
3005,10.897588103290213,8.729861757639965,4.02702139786563,1.9131372213178368,0.07459355736752164,9,465,62
3007,9.341307040097297,7.667746337954232,4.027019202895542,1.8627826858792496,0.07492748623794089,9,466,61
3011,10.393349980789248,7.7591749084721195,4.027353321308967,1.91439695870045,0.0753724502297467,9,467,60
3013,10.096648262126736,7.595487830652279,4.026893291710312,1.8935647470508337,0.07530538329827152,9,468,59
3015,10.90616342735489,8.243992753511499,4.027233078412571,1.839446966520227,0.07511954521327613,9,469,58
3017,8.568134800681483,7.468945958924572,4.028689923407233,1.976983963738619,0.06370492061158614,9,470,57
3019,10.723989411834728,7.530653071201209,4.025593484182172,1.873021814547241,0.07586120102887486,9,471,56
3023,10.069265727154304,7.508014036482144,4.026608825793279,1.9477419384591268,0.06639236844727057,9,472,55
3025,11.678125966059154,7.7964600722995465,4.026925565198509,1.848331298599493,0.07578078387638185,9,473,54
3027,10.184555541046697,7.80345244909983,4.026220736016629,1.9596888390790304,0.06434440172535393,9,474,53
3029,10.778359079693514,7.338169121535551,4.026600353147187,1.9992324205815248,0.06486100550771853,9,475,52
3031,10.339342995308634,7.996082185455724,4.027650788959281,1.9251333188603237,0.0648679343894839,9,476,51
3035,11.13650452054683,7.616516148546487,4.027227829304676,1.974005533207924,0.06501581113099442,9,477,50
3037,9.695569312291523,8.20486682580586,4.026713712659612,1.8695092344510635,0.0649639987974526,9,478,49
3039,10.5100184115379,8.601584414303469,4.026997259040961,1.9264050760509093,0.06498257440791512,9,479,48
3041,10.61900706852965,8.142046999932631,4.027300892979811,1.9303413820598547,0.0651373406457344,9,480,47
3043,10.81117656025071,8.360837093570488,4.026869354986675,1.9192879295943024,0.06521918467950691,9,481,46
3047,8.406830339250588,7.424942900733046,4.026286824191878,1.895888999773776,0.06567644835220952,9,482,45
3051,9.345446470246117,7.9013472750820934,4.02722660963012,1.8503922251966067,0.06544810325150131,9,483,44
3053,10.959408995323104,7.528844792233565,4.0270290979278105,1.918957726187492,0.06625789459745793,9,484,43
3055,10.83821929996881,8.951655882288602,4.026309388573787,1.8900554775200376,0.06578017530356643,9,485,42
3057,9.713734913231036,8.178079824357086,4.028003656373331,1.8174460639575951,0.06598861303934155,9,486,41
3059,11.338971542207569,7.858156748807482,4.026666130577684,1.8839750015583077,0.06666227792469036,9,487,40
3063,8.874610339188825,7.290664996377677,4.027056277337461,1.8734696416805767,0.0665541755594023,9,488,39
3065,10.892975819528624,7.329912113720836,4.02788379150145,1.886110144063044,0.06671562320210546,9,489,38
3067,9.921480417012177,7.554859379508905,4.027336921885771,1.873963241781132,0.0669522578196938,9,490,37
3069,9.340703602759724,7.849809440149771,4.026557611997337,1.8016696485993335,0.06658468289119374,9,491,36
3071,10.415323507314886,7.70135529903965,4.027961352078785,1.8542865324237547,0.06716738091429701,9,492,35
3075,10.395152109274877,7.894047750295666,4.026432454109703,1.843811769338875,0.06739337833435466,9,493,34
3077,11.381000616023892,8.037186019526875,4.02660823219147,1.838701263626609,0.06741384823965788,9,494,33
3079,11.200598645773905,7.949369169721323,4.028071616576014,1.839823604952559,0.06737366880738199,9,495,32
3081,10.936042652403566,9.047225819573063,4.027982365911394,1.811117308582499,0.06735182897215433,9,496,31
3083,9.652988520428655,6.867303793453594,4.02709431360029,1.750577605139322,0.06650271048338753,9,497,30
3087,9.298616166335734,7.376798555753924,4.026687510880628,1.7948775590357675,0.06731736003445495,9,498,29
3089,8.441835425382303,6.443867741135219,4.026915576815353,1.975138784399138,0.05463643474973359,9,499,28
3091,10.811071564713467,8.159447293088878,4.027342355246391,1.7728949542450014,0.06692734265195477,9,500,27
3093,7.830975218816948,5.5290205453691215,4.027238471110434,1.930210649441756,0.054359659634464985,9,501,26
3095,9.120173569834156,7.124961498497141,4.02635645614634,1.9650910927147995,0.05490934840484848,9,502,25
3099,14.806765885071044,9.154846882609299,1.0084814254402212,1.9984945380049617,1.3310011410919456,9,503,24
3103,13.99744937533934,8.881539906101905,1.0102145854313622,1.9980483774045472,1.26358038502137,9,504,23
3105,14.356275659290002,8.750669611128531,1.0150463617879395,1.969259944196061,1.2288745980523719,9,505,22
3107,14.518586105925962,8.86215516188506,1.012201146303343,1.9711826686049976,1.1903464918768234,9,506,21
3109,12.628628797798616,8.671218071184747,1.0155779321659608,1.992456853950006,1.1502950692331584,9,507,20
3111,14.249076739876308,8.757399436040695,1.0096426599672783,1.9860813942080051,1.1307787641658777,9,508,19
3115,13.400963787224589,8.639658664137915,1.0091487810629698,1.9641170559105663,1.1039617773986725,9,509,18
3117,13.143596987494345,8.65548107609068,1.009833327026415,1.9738816345942325,1.0885666670944367,9,510,17
3119,14.777209247015293,8.759984675272241,1.009193591238253,1.96202217374659,1.0781743233463137,9,511,16
3121,14.304402604245366,8.830297151200996,1.0088082268326934,1.9654140118768375,1.0572528988573942,9,512,15
3123,14.331273599738246,8.799768115250679,1.010320954977875,1.986312676889039,1.045426356252825,9,513,14
3127,14.563719307573445,8.745105198865453,1.0124340477235452,1.9630747982406385,1.0338265729141327,9,514,13
3129,13.829855263617011,8.946917298516645,1.0090835879550415,1.9779431503032716,1.0235003891750158,9,515,12
3131,13.737164003906685,9.040543925569377,1.0105284011067648,1.9639398858129091,1.0148869056101542,9,516,11
3133,12.81091218035467,8.532733645586704,1.0086893503366123,1.9702983324374248,1.0029753085144228,9,517,10
3135,14.671197747849568,8.782675041661408,1.0089940440238492,1.9730383300739127,1.0105038704772225,9,518,9
3139,13.038382746716444,8.560357801003482,1.0115567754248007,1.9838761544280687,0.9858977635727992,9,519,8
3141,13.71449439237538,8.764133478033603,1.0167179389820475,1.9788346452939312,1.0000263678703807,9,520,7
3143,14.575589138075149,8.765404824218605,1.0092383149208406,1.981400280220432,0.9953036329980781,9,521,6
3145,13.067203225526349,8.755093905294753,1.009966218358327,1.9709138772975625,0.976445943551193,9,522,5
3147,14.838581695723231,8.893802155578395,1.0090929337978087,1.963309434324626,0.9868925293428313,9,523,4
3151,14.14400886283852,8.81827276383748,1.0114348379697002,1.969632856814267,0.9706976599242254,9,524,3
3153,13.627764711730384,8.817889726396931,1.0109225916210234,1.9745500537070804,0.9704449338960132,9,525,2
3155,13.996072333026769,8.813349159884925,1.008247978169289,1.9757714925691647,0.9680581830611309,9,526,1
3157,14.227945473001952,8.798028132789177,1.0087841111125984,1.9845398354520496,0.9635964649567831,9,527,0
3160,29.86261187528957,27.572556781407965,2.2580306043594067,2.919266786110106,1.881430845539052,10,1,15
3162,42.07194057268294,33.531461449042084,3.9783143078898098,2.4407952016086623,1.8636903433435101,10,2,14
3163,29.900680585554188,27.426506912059374,2.2577161510149906,2.9935673827421247,1.8694524175443652,10,3,13
3164,42.526459613766654,33.768115475386416,3.976892542613384,2.4193060956450503,1.8661945387970589,10,4,12
3165,29.737943483552232,27.367887358203692,2.258049224284272,2.978398844179535,1.863892118304805,10,5,11
3166,42.65704114936764,34.0575363030056,3.97684768172696,2.4982363525248754,1.8539908280761823,10,6,10
3167,30.045818447384573,27.683525850245356,2.2582507546107364,3.025996574835,1.854664651267391,10,7,9
3168,43.07456793109374,34.34311925332076,3.977001193359909,2.47983581845354,1.855888414058129,10,8,8
3169,30.020368486305088,27.711883966676037,2.257560424957145,3.01951567587714,1.855625289766233,10,9,7
3170,43.12836631992577,34.3900563067441,3.975861081535826,2.4669313816061296,1.8543265826279645,10,10,6
3172,29.940215678646812,27.621253412790008,2.2584143358132294,3.026006440608932,1.8561887880291483,10,11,5
3174,42.9279467397339,34.16207101391941,3.976047513456661,2.492471012096456,1.8364999558012722,10,12,4
3176,30.210941357697745,27.457331771062783,2.2579628740533155,3.016401946410429,1.8654802169066416,10,13,3
3178,42.34490965860999,33.65117316898919,3.976869439992001,2.4232193266263646,1.8702433208474532,10,14,2
3179,30.49677169072192,27.880433672185177,2.2572601335323284,2.9826932062303464,1.8711508241025783,10,15,1
3180,38.07825386314376,28.662816373135662,2.256549827004724,3.385830471846611,1.3682079262014153,10,16,0
3181,42.50145921854708,33.993154419553875,3.9771945719805046,2.4791120561344835,1.862645393023613,11,1,30
3182,30.274659085750457,27.648509159182588,2.257977731242096,3.017822101489728,1.8593805684343316,11,2,29
3183,42.75456095698592,34.121102900157744,3.9769324995805095,2.428102703648056,1.8599766022522768,11,3,28
3184,30.247345624119312,27.71423443658919,2.2565065501574497,3.013774931864697,1.8601064160800436,11,4,27
3185,43.20868549225104,34.521504581092735,3.9758459422284784,2.4202095510772232,1.859848887108965,11,5,26
3187,30.74581964202981,28.045747000161104,2.255823058946468,3.013253213606789,1.8614355918456296,11,6,25
3189,42.59572185384836,33.91883669839733,3.9761066659419098,2.3998890148152445,1.8573582005584124,11,7,24
3191,30.06782356139694,27.380863355757604,2.254390992470537,2.999638026048905,1.8648929382837964,11,8,23
3193,42.63365730314649,34.20379110985749,3.97580379555999,2.483742346997907,1.8540095615256278,11,9,22
3194,30.633300490937163,27.991728113587282,2.2561556579494124,3.0365459515107287,1.8553051605532724,11,10,21
3195,42.89197473994752,34.48622307207775,3.976485689239373,2.382935984422233,1.8633225729190508,11,11,20
3196,30.688464138913563,28.03845869109343,2.256752849978386,2.9921705272634203,1.8634800185772453,11,12,19
3197,42.73670303920533,34.40141739485764,3.976936142536244,2.4903839742860163,1.850683917742552,11,13,18
3198,30.530424300740552,27.90932287798169,2.2574954222449084,3.0450920233867587,1.8514069349739162,11,14,17
3199,42.71819238433457,34.3150259504104,3.978429203873616,2.39789040439265,1.8567561792753855,11,15,16
3200,30.414027047634487,27.82249628303924,2.2583771503832955,3.00992365072994,1.856480542636077,11,16,15
3201,42.87852551010068,34.450526992415796,3.9781812521692537,2.41937557251393,1.853981920522025,11,17,14
3203,30.610402497070076,27.923175717822673,2.2550195038018845,3.027174449911604,1.8530960063372568,11,18,13
3205,42.99196482622249,34.74150404461673,3.976050497666082,2.444119634453687,1.8269477640007237,11,19,12
3207,31.236937423286445,28.435350059384103,2.2565372548896483,2.975368339696841,1.8592217607520498,11,20,11
3209,42.920147884014575,34.663008920131865,3.975790795970914,2.395925863485738,1.8603141127216158,11,21,10
3210,30.945135475970847,28.25597239488237,2.2558687516072933,2.9497831151957885,1.8620081586623183,11,22,9
3211,42.77821015998406,34.47643463041281,3.978211822678376,2.408349641748691,1.8541750465176325,11,23,8
3212,30.766021072798942,28.10277979814242,2.2578318353269284,2.9753713950004608,1.855883856674926,11,24,7
3213,42.71393681070588,34.45771838499012,3.975995723123535,2.399239705167686,1.8517174233780374,11,25,6
3214,30.625663811403143,28.018127977648717,2.2556700769201563,2.988320674531281,1.854227741523559,11,26,5
3215,42.66066961608101,34.276431502022604,3.9770352078730906,2.378335964879865,1.8477632306036178,11,27,4
3216,30.429990735435087,27.785336494387973,2.254836862949404,2.992704339489463,1.8513438094204004,11,28,3
3217,42.64239690775237,34.35292925698558,3.9760554400518497,2.437999478526856,1.842048480567564,11,29,2
3219,30.650464477944176,27.94901643994146,2.256753192645451,3.030892659240795,1.8437128346549994,11,30,1
3222,30.151523919097222,27.318376966501937,2.254513581398787,3.501787524195586,0.9325141765865648,11,31,0
3224,41.86831727976231,33.64812848797218,3.9743844585266417,2.484818012933219,1.8424454093340457,12,1,124
3225,29.94915608221045,27.288837445898064,2.2544818483114346,3.009334013369628,1.841165087274306,12,2,123
3226,41.97207960495628,33.75077258934032,3.975516779186955,2.456168013420922,1.83776067857589,12,3,122
3227,29.94155164449019,27.28298872748812,2.258487483263082,3.0136401874752794,1.8411835478943095,12,4,121
3228,41.92250461031742,33.72038549007088,3.9768226550322394,2.4697995830050976,1.831857874741064,12,5,120
3229,29.798463863317156,27.197780853852997,2.2565488797972355,3.03280122813153,1.8347198852005693,12,6,119
3230,42.14300769699952,33.812030459081335,3.9771390967306823,2.491582666091738,1.8272209500584042,12,7,118
3231,29.774146390062835,27.146854822454806,2.255649676066845,3.051229173203144,1.8297816461766507,12,8,117
3232,42.43039551713637,33.79680193008211,3.9746886011207567,2.394485973926669,1.8341779773743052,12,9,116
3234,30.190441272534045,27.496716007814644,2.25916155292876,3.019368267834836,1.8378158168402086,12,10,115
3236,42.033372446715575,33.92036482801563,3.973177131970501,2.4249816079125552,1.8173541858528734,12,11,114
3238,28.750062677971854,27.513883197245043,2.2560908578909227,2.9507100164794964,,12,12,113
3241,37.78004007704112,32.08333169533252,1.9964791277692224,2.6909422904080547,1.6893051844930358,12,13,112
3243,37.37920163006831,31.44294016626267,1.996937518623866,2.685251535316881,1.6652594537069596,12,14,111
3245,37.15907806475986,31.149900898073525,1.997287749488606,2.6435613323767395,1.6562103539183726,12,15,110
3247,37.12091726941865,31.12954746264574,1.9967295286630409,2.6433677125804977,1.6480317546643675,12,16,109
3249,37.70825289621454,31.513994261671055,1.9979913128709892,2.684789036307898,1.6384748823695143,12,17,108
3253,35.59949904890386,30.9572734254796,1.996209551562781,3.289658492617856,1.4574247466990697,12,18,107
3255,37.649599494653536,31.634787338016164,1.9967897857151824,2.6725301429926103,1.629575540244386,12,19,106
3257,37.14337821498799,31.273656122735403,1.9971940723453785,2.69384241497005,1.6187906996206416,12,20,105
3259,37.11952925248905,31.0513882525287,1.9966888809490444,2.6763379244951917,1.6104239128490199,12,21,104
3261,36.8278472964388,30.825315603911406,1.9967525939808977,2.667857305000976,1.6032247769997805,12,22,103
3265,37.07362320866197,30.772306222074594,1.997645249612211,2.651692148341609,1.6007530368690064,12,23,102
3267,37.27343452416563,30.77793162980491,1.9974850325068685,2.638384304971687,1.5929450644809102,12,24,101
3269,36.92555325153096,30.734077377574607,1.997253452430168,2.633572972853497,1.5846028708644482,12,25,100
3271,36.82542072716141,30.711931701692418,1.9973962391444864,2.670554577314724,1.574439042863488,12,26,99
3273,36.86402084995953,30.692223526355477,1.9986091240587895,2.662418584963947,1.566212361347777,12,27,98
3277,36.85447944747772,30.656716513936473,1.9964580129835687,2.656737093913297,1.5636953173959818,12,28,97
3279,37.00807199261186,30.677651249958302,1.998262725597201,2.645608837998441,1.5554441688077496,12,29,96
3281,36.85691194751145,30.670401222972917,1.997119290009149,2.657434360611611,1.547528058608103,12,30,95
3283,36.933977837728406,30.695903900430444,1.99785698826369,2.6700448196473143,1.5396238158537445,12,31,94
3285,36.96952216360131,30.693601629277207,1.997575789473797,2.6538669632174807,1.5338575147422522,12,32,93
3289,37.880341936530016,31.3317805416781,1.996154584194868,2.679338771098678,1.5483569947446427,12,33,92
3293,38.4338113726962,32.003093392777586,1.9969183804123916,2.6880235920055937,1.542798364101995,12,34,91
3295,38.62527616952544,32.229129548420126,1.9973605086578847,2.687370056924405,1.5336552218406116,12,35,90
3297,38.54196067361033,32.11597218782518,1.9964576467808028,2.6893554366992016,1.5231546355391208,12,36,89
3299,38.50117611497123,31.969087731359647,1.9975793253781036,2.633690741780774,1.5168240231115186,12,37,88
3301,38.43383998472231,31.87470050843518,1.9961193009923857,2.689158212130464,1.5044400734772696,12,38,87
3305,38.70474156110448,32.24329057966032,1.9962084053853808,2.682936321683332,1.5055784156008107,12,39,86
3307,39.13185799913766,32.62193857776337,1.9967029680268844,2.6587209985414955,1.5013097129142423,12,40,85
3309,39.06117424677476,32.534721843990155,1.997103683848464,2.660938360343116,1.4939062124684912,12,41,84
3311,38.900911326239694,32.315090431633784,1.997186957551534,2.6382065057381183,1.4876708820586635,12,42,83
3313,38.637548513661336,32.11227103017126,1.9960209799250943,2.6803751950872314,1.4758060101917174,12,43,82
3317,38.14612160171512,31.74433650446741,1.9968995033172356,2.695456060678521,1.4696337934292343,12,44,81
3319,38.41020545726171,32.11351047936838,1.9963246097670304,2.658317830680757,1.4704350780849018,12,45,80
3321,38.342879393411714,32.04801967333395,1.997150820770342,2.650498351064384,1.4627023537774968,12,46,79
3323,37.97725957749192,31.708021910539802,1.9973020414669824,2.688935729076874,1.4501211327413006,12,47,78
3325,37.79705513935421,31.467203186429348,1.997028487870564,2.687761244178016,1.4424149049752168,12,48,77
3329,37.93561044482721,31.560453436032944,1.996553527240556,2.668468130193828,1.4422871805313662,12,49,76
3331,38.32554543437737,31.887709097598353,1.9982510496408243,2.642056455668292,1.442011888803486,12,50,75
3333,38.55610999749079,32.164811812502585,1.9967399870670337,2.6780728769094244,1.4346975896828449,12,51,74
3335,38.62165239845955,32.13295425226488,1.99737913916284,2.6917750634373303,1.4263507292193227,12,52,73
3337,38.18800348171553,31.751336888270355,1.99678550219575,2.68001440979752,1.4183909487146376,12,53,72
3341,9.757496138930122,7.057089335323658,3.9896989741694777,2.5311035775191533,0.06404083069462385,12,54,71
3345,9.760471127293034,6.945113627374995,3.9906931282455655,2.5372412665469883,0.0641159050022883,12,55,70
3347,9.69821406411427,6.969210950143102,3.990789539982711,2.5608994701667624,0.06431453969611492,12,56,69
3349,9.00106106019679,7.1320933104899575,3.9914245848072887,2.487518572801469,0.06450793980229885,12,57,68
3351,8.446753567938917,6.9052479876970985,3.9916882386949055,2.652711478763571,0.06163103900925855,12,58,67
3354,9.004482980571387,6.719645217752847,3.9926490229101614,2.567871692937443,0.07389391978372481,12,59,66
3356,10.10838939092693,6.752194119869617,3.9909440128041087,2.537541377739229,0.07419100784577476,12,60,65
3358,9.084345421523768,6.682861474834709,3.990888784116204,2.699632089744985,0.062171533650526134,12,61,64
3360,9.9732818280256,7.805372903557112,3.990777296546928,2.502639203032668,0.07477692498837167,12,62,63
3362,7.130613484534643,6.452537181339348,3.991727704958517,2.645057195756969,0.06263277659678658,12,63,62
3366,9.420302039012588,6.89796196003197,3.991158236131923,2.5457909784374686,0.07540808907803896,12,64,61
3368,8.596928821276874,6.643140512754006,3.9909330027161993,2.525156138635263,0.0755239410759127,12,65,60
3370,8.914167582596768,6.823596011664432,3.990997288294168,2.6675668355109194,0.06313011867973804,12,66,59
3372,7.468130255797678,6.621700828774675,3.9914062156576913,2.6214259323214453,0.06349137020009749,12,67,58
3374,9.34228820478629,6.654177389025503,3.992122190709,2.5339139586135624,0.07621449192499938,12,68,57
3378,9.296386526511638,6.691030736897561,3.9931560142753657,2.645937277014869,0.06639673657437399,12,69,56
3380,10.402010089986526,6.789742456285512,3.992595683096178,2.5126783310210183,0.07666084634128131,12,70,55
3382,9.139614420555528,6.652607169727167,3.992785917898217,2.676683003373552,0.06424450081240847,12,71,54
3384,10.577915316418856,6.727197790202005,3.991697440625882,2.509819479017468,0.07735951853282275,12,72,53
3386,9.153655205612418,6.704744929431838,3.9922087112758975,2.659947287863178,0.06491819513931424,12,73,52
3390,10.601194386353557,6.688129486124422,3.9930053753030488,2.502902423851419,0.07766228911498822,12,74,51
3392,8.524863523744626,7.135311524033081,3.9905824714445863,2.597947039498895,0.06516825654169826,12,75,50
3394,9.440256551104172,7.514206392471801,3.992407076231904,2.688243972514366,0.06515459929377554,12,76,49
3396,9.577062674735402,7.105939545905624,3.992461574821749,2.6997767051836083,0.06527826756946443,12,77,48
3398,9.571995894192735,7.121133621766568,3.9906773895407737,2.6926916057581445,0.06540331293266118,12,78,47
3402,7.124889090041003,6.525840333846862,3.9900184345675953,2.6700548004006626,0.06591231572637887,12,79,46
3406,8.324153740739145,7.0347000891113804,3.9919951224872414,2.610708527753601,0.06608213390204538,12,80,45
3408,10.63955759206541,6.8973768386013505,3.9922653535751937,2.500114336550371,0.0794932173658231,12,81,44
3410,10.376173431482592,8.12797412482593,3.990796915640813,2.463640728476522,0.0795356984798071,12,82,43
3412,8.316021086973787,6.951583874586089,3.9911388227447215,2.5987325707723405,0.06676466469896383,12,83,42
3414,10.655557073631597,6.953046195579622,3.991443615973067,2.4742429443982785,0.08044696243623262,12,84,41
3418,7.631714348736341,6.413311987885646,3.9937289569249135,2.693112294857156,0.06692886769312861,12,85,40
3420,10.509625598200184,6.779577103952525,3.991810733048436,2.476301013332819,0.08066696176553194,12,86,39
3422,9.204729619835248,6.978468873690951,3.990343191482173,2.455959621392259,0.08088765788515173,12,87,38
3424,7.96351554428054,6.809785593582902,3.991055043675492,2.595966933411927,0.06745822378199431,12,88,37
3426,9.367163499816083,6.971049837313714,3.993323501641109,2.4476887634196065,0.08131760502455536,12,89,36
3430,8.36281681813677,6.579881562367587,3.991161876623272,2.696514442504613,0.06791790892709382,12,90,35
3432,9.833929266126528,6.690126647286674,3.9915962217441727,2.690051793810678,0.06804962087206666,12,91,34
3434,9.82294821385076,6.925009518097775,3.991136960671815,2.682527208849319,0.06809160625360071,12,92,33
3436,9.64729446630716,7.831469751479566,3.991424193255269,2.652291441667637,0.06835532937602606,12,93,32
3438,8.475214897845488,6.3578218287881425,3.989885469699493,2.546878970446884,0.06833291317029541,12,94,31
3442,7.906766993792881,6.5954208155010985,3.992242021387917,2.645930219491384,0.0684925128142518,12,95,30
3444,8.628110902694925,6.324536214740793,3.991625583043432,2.5366466461777906,0.06851179734046305,12,96,29
3446,9.541833690746394,7.644851838660085,3.9917742802321072,2.619612898646795,0.06831960035364562,12,97,28
3448,7.890349591233944,5.10818141008298,3.99341095347209,2.48420676655347,0.06865301469258339,12,98,27
3450,9.207557697837885,6.978200107513246,3.991569924612713,2.5492794097929745,0.06896116807696157,12,99,26
3454,10.171915363933092,7.831586108538486,0.9996908932907372,2.6987042664288663,1.4798783233670778,12,100,25
3458,10.296016892383854,7.730546352316417,1.002764391386482,2.6902025456609366,1.4960897385112952,12,101,24
3460,10.396418259744522,7.787963683864436,1.001809989064009,2.682194069736634,1.4899493536890052,12,102,23
3462,10.675119900160505,7.849823078169805,1.0010193795008968,2.698791325109984,1.4768229030886384,12,103,22
3464,10.562265269293302,7.863220580243154,1.0008333686989588,2.6972261726105518,1.4623914439390298,12,104,21
3466,10.76625471358321,7.930106785779635,1.0006757296253446,2.6816548421625512,1.4543512380974248,12,105,20
3470,10.911129725577434,7.888437545923743,1.001584094423824,2.6758389635879234,1.4431081959334036,12,106,19
3472,10.81913572086399,7.818043363205418,1.0011109661354312,2.6766750362925413,1.4320210326342884,12,107,18
3474,11.006306031992889,7.830974235734798,1.0013667929909769,2.695622084623807,1.415986359559116,12,108,17
3476,10.614675024239112,7.878562179371438,1.0031105310166462,2.6908429071948605,1.3993328428115572,12,109,16
3478,10.78731375840829,7.960251571512366,1.0004034898094731,2.6963132256039875,1.388602591855461,12,110,15
3482,10.646148713943534,7.825815360855775,0.9998017351246392,2.688965230347589,1.3745420878108325,12,111,14
3484,10.149343674038578,7.871717073752719,1.001001283053754,2.697702269918439,1.3619737717377547,12,112,13
3486,10.269672545542075,7.872850841533409,1.000535766089263,2.6908621173584564,1.350789362347985,12,113,12
3488,10.511836729394169,7.787673589037049,1.000130333451389,2.6956578221948044,1.3355033202652324,12,114,11
3490,11.2498423901219,7.997910807563725,1.0006996840010498,2.683891843696469,1.3408505003296867,12,115,10
3494,10.478668312226782,7.881896352735887,1.0012478773196167,2.6861736439095387,1.3174818051446588,12,116,9
3496,11.276068425006786,8.022448822976777,1.0000486043905183,2.6915218489806785,1.3250665533494481,12,117,8
3498,11.18488048040138,7.977920186292173,1.0000156861218927,2.698223036073629,1.3108353535786217,12,118,7
3500,10.572845919227095,8.016774436428086,1.0003532671448447,2.6884148666237397,1.2918693840727125,12,119,6
3502,11.286420953867148,8.104364904391632,1.0001270037964975,2.699098319484438,1.2926971087198702,12,120,5
3506,10.532008688910055,8.021367388918382,1.000377670213083,2.692387025960113,1.2773728084164082,12,121,4
3508,10.49676940873906,8.012944452376887,1.0013725571006211,2.684075358151804,1.2707248707424459,12,122,3
3510,10.219372011443095,7.944197776199544,1.0005394687347553,2.687825351809013,1.2587193762496978,12,123,2
3512,10.307592528834146,7.904886527570053,1.0005198847037151,2.6932435794466025,1.2507797308968882,12,124,1
3514,25.25510878948548,24.89207373300309,2.0038601695058262,2.692363558999662,1.0019825881753313,12,125,0
3516,26.593328103198346,25.907985663073088,2.2364643262172192,3.039123465768076,1.8164650097448298,13,1,408
3518,26.547068220384585,25.959062630105592,2.00280826348544,2.685636595881031,1.8011007566288921,13,2,407
3519,25.55080261730528,24.727306081931474,2.235241948526664,2.9392286761762976,1.8143106190856275,13,3,406
3520,26.495839445842005,25.802571879383937,2.004317840985689,2.662489466857697,1.8044492506597847,13,4,405
3521,25.29995783127731,24.50397181900134,2.233035383557091,2.9319019308039778,1.8115623017847386,13,5,404
3522,26.383869073507284,25.60229945293067,2.006820885715504,2.6573808763123017,1.8043918441346882,13,6,403
3523,24.99840674559816,24.348885868090353,2.2306510707517444,2.9331330897069745,1.8082454525211222,13,7,402
3524,26.038513721787695,25.340807182068417,2.009500231963076,2.663543957344219,1.7989305990187627,13,8,401
3525,24.80194888525516,24.137597579957855,2.2375927167885497,2.9491525862898578,1.7954926180763293,13,9,400
3526,25.52893924273116,25.066700521969093,2.010118970470753,2.6678994227263173,1.792996521672392,13,10,399
3528,24.456011546718287,24.151580151392057,2.237424925985169,3.1307142742883,1.7872556339793462,13,11,398
3530,25.434898613415253,24.87901399238054,2.010514808331086,2.6568692251182435,1.788550798562189,13,12,397
3531,24.584307994008807,24.037343987814612,2.2389997434708824,2.9736407709539043,1.7844685660757522,13,13,396
3532,25.49992828339642,24.962178834594535,2.0087014787729163,2.682881821919537,1.7890856930727703,13,14,395
3533,24.7146834652272,24.065883368033738,2.236457002307939,2.9852616693966967,1.7818884609313248,13,15,394
3534,25.538807420659257,24.97176766201835,2.0083926934667744,2.643495320901669,1.7893137312833287,13,16,393
3535,24.70771812464181,24.094275797672235,2.240361089156552,2.97240885091728,1.7817244232602432,13,17,392
3536,25.42021899627584,24.904899107239256,2.0080365229044976,2.6529146015025358,1.7860759459480864,13,18,391
3537,24.634570712042468,23.990752129883173,2.2399355019085703,2.9829623382077357,1.7778450790437685,13,19,390
3538,25.3761734466722,24.82894570331574,2.01068659468518,2.664007043795248,1.7836324249650815,13,20,389
3540,24.285118039975963,24.058654010731185,2.240728156699609,3.148010570703134,1.7736808751167048,13,21,388
3542,25.609167303887254,25.10525347823647,2.008652299030336,2.652869862545629,1.7829728738072719,13,22,387
3543,24.85970168265572,24.245444516410142,2.2390337393621382,2.987271558321814,1.774370135535147,13,23,386
3544,25.488141454729305,24.951154809529978,2.0085875375423945,2.668361985066912,1.7813775963259666,13,24,385
3545,24.655500908751367,24.09959341575549,2.2378939452534783,2.9959434522198056,1.7712248957280767,13,25,384
3546,25.39250622395775,24.904434158959226,2.007649933368399,2.6856316852084854,1.7785359545932942,13,26,383
3547,24.671649332854354,24.088392047468204,2.236178281360772,3.006657573447092,1.7676821860369643,13,27,382
3548,25.45190297763985,24.887170444449442,2.008607853673341,2.683085255855837,1.7759043090943398,13,28,381
3549,24.620905335043865,24.10645885566613,2.2376047716222134,3.008828475478836,1.7645259622578335,13,29,380
3550,26.00580839279124,25.527212929862493,2.0086196509255365,2.682117615527785,1.7780426649905914,13,30,379
3552,25.48913775791659,25.253573022518065,2.237008471332746,3.154537774537945,1.7668180703273866,13,31,378
3554,26.845307972510515,26.409994049975936,2.0076953086780285,2.659668132739057,1.7830029333591655,13,32,377
3555,26.40246088498704,26.15698722576941,2.2380760787645277,2.9795681429072784,1.7741878086614224,13,33,376
3556,27.81505202908745,27.24956363748299,2.008081368217133,2.6726649868851067,1.7883000424613877,13,34,375
3557,27.150500973474,25.98975036793198,2.2364212542283,2.9738428807280237,1.7752571002719004,13,35,374
3558,26.20275128566912,25.79213906476866,2.008162082198497,2.650694350880205,1.7792947125780263,13,36,373
3559,25.50574981355181,24.75490648177289,2.240708598828613,2.989117810800952,1.7654334650135075,13,37,372
3560,25.704404765618435,25.237865068781456,2.0075377155882173,2.6668651734647586,1.7709235500451854,13,38,371
3561,24.95717823325924,24.365787864975356,2.238834117420444,3.0039558602306298,1.7596066695164023,13,39,370
3562,25.46083879423276,24.99097283085835,2.0083438501355797,2.699376305602087,1.7659050180801104,13,40,369
3564,25.19923392821779,24.375971403997298,2.2392959320006747,3.1738059615160044,1.753912399249179,13,41,368
3566,37.62543555779899,32.80125252337081,2.0057770721024144,2.627373237504619,1.7826929241469245,13,42,367
3568,29.584244421000804,26.76704877771103,2.241482420881105,3.039378599510718,1.7885249823229274,13,43,366
3570,36.14360152332376,31.56958368042232,2.004156260870839,2.6486517814110364,1.7964662072920201,13,44,365
3571,35.64069485491654,26.025074259777117,2.233742219303345,2.921839781726116,1.7998754992787793,13,45,364
3572,35.625609247013934,30.90999308530252,2.0004115908491005,2.6240374089622858,1.7909083533422896,13,46,363
3573,35.14697255576354,25.59675244451564,2.23400536295376,2.928178429199272,1.7948886337298187,13,47,362
3574,35.57170100720283,30.76520980990786,2.0072075263014764,2.626618792448541,1.7851800280887398,13,48,361
3575,35.083585617246314,25.534433563379483,2.2343460412160074,2.9424826434204787,1.7894761038918812,13,49,360
3576,35.70160875626844,30.827871356237775,2.0011835530290827,2.6336670386490053,1.7811343176546526,13,50,359
3577,35.203114688609155,25.669703594534173,2.234774438375558,2.951464986255587,1.785291110900672,13,51,358
3578,35.94641088579465,31.04477819361822,1.9997810779112133,2.663548100827095,1.7755589097317528,13,52,357
3580,27.85200752230311,25.40951944011961,2.236833013312224,3.125495233128615,1.7796904485142688,13,53,356
3582,36.334410213773005,31.495558048290054,2.001353888897329,2.645759955186599,1.776885870616115,13,54,355
3583,35.85521785544136,26.275163452506014,2.2354331131303447,2.957440066923773,1.7823645406463209,13,55,354
3584,35.97981353599547,31.22858520243483,2.002938928489475,2.682232775431839,1.7713100826558386,13,56,353
3585,35.46938769733185,25.817009436245133,2.233886788988188,2.97746144927444,1.7761530230545244,13,57,352
3586,35.59540889841283,30.77808307184711,2.0014781325623847,2.636976729427503,1.7713348840874137,13,58,351
3587,35.12264958974275,25.415992598327335,2.234228731349204,2.967400699562145,1.7751822514523226,13,59,350
3588,35.45428075393079,30.558421734854203,2.0000787195640046,2.625473231549502,1.766084286640505,13,60,349
3589,34.99849526157512,25.35904282292891,2.2359839676597697,2.9708162022148272,1.7714608327767132,13,61,348
3590,35.64366066127881,30.72558468538039,1.9998831268277344,2.6876812013759497,1.7592793663412325,13,62,347
3592,27.554465083798444,25.11005539282735,2.2373223270480147,3.1596757862171096,1.7654754315615628,13,63,346
3594,36.101132129359335,31.23295964013785,2.000169457336012,2.68500337747393,1.761036881376242,13,64,345
3595,35.61628727714831,26.003423611549277,2.2352672198342263,2.9944694396869145,1.7663415861841123,13,65,344
3596,35.918627450147724,31.072817634800376,2.00085802240166,2.6519664988321767,1.7602427673657055,13,66,343
3597,35.45524114591514,25.662282014884894,2.233877418298704,2.9820766010086746,1.7649994633678823,13,67,342
3598,35.53291026153138,30.6408857593701,2.001185036651928,2.6336440877825646,1.7555899416034397,13,68,341
3599,35.06609477399477,25.377102435138223,2.2355222035333515,2.985867454955641,1.7614065301541773,13,69,340
3600,35.58661163053266,30.615000516436165,2.0031177298192384,2.627746605322606,1.7545653494106348,13,70,339
3601,35.120186070590805,25.40232455792833,2.233552859853191,2.985983712008073,1.7587209208870274,13,71,338
3602,35.60387176093939,30.62198587167864,2.00104997373674,2.635679662070204,1.7499108336094895,13,72,337
3604,27.69746087966468,25.426471046932814,2.234668613011274,3.168408817957218,1.7573634095398507,13,73,336
3606,37.150900989394586,32.233363947568954,1.9993340625649576,2.6450931525551966,1.7610225525303755,13,74,335
3607,36.69145774165176,27.479590475624086,2.236154882902277,2.9643688005845976,1.768457830255744,13,75,334
3608,37.80882382148786,32.95844838713035,2.000008736535748,2.6704116794436663,1.7624094574337117,13,76,333
3609,37.35209565946317,28.108552471224623,2.234108443441002,2.970712776094388,1.7685359397338234,13,77,332
3610,36.91705917872692,32.33796562819801,1.999145364864924,2.6837393111584085,1.7536170397120676,13,78,331
3611,36.4077133376737,26.49558076326607,2.235760768345318,2.9954811736701377,1.7586900123717306,13,79,330
3612,36.08766208839117,31.201004004004968,2.0009460733693505,2.654784886935533,1.7462044775191679,13,80,329
3613,35.60237751154888,25.81489249545392,2.23456756533568,3.003397657793697,1.7506465960585218,13,81,328
3614,35.833124475553674,30.844212128034435,2.000441618004775,2.650821200008131,1.7406205224487898,13,82,327
3616,27.35909965704441,24.826540845181007,2.2335891904579754,3.1854355443375155,1.7473389181349137,13,83,326
3618,37.01706025174733,32.19294879984907,1.9997650450659448,2.676194561155316,1.750690404425682,13,84,325
3620,29.249710479522317,26.79970691155581,2.234332311603111,3.121910584879745,1.7662346727561957,13,85,324
3622,37.72356956982813,33.061467350604964,2.00201926010616,2.679442027657799,1.7651120551539154,13,86,323
3623,37.19880561586897,27.74958674732433,2.235508547800108,2.9441722707452738,1.7722495826952591,13,87,322
3624,36.98324646085538,32.35366819628823,2.001610275127748,2.656640378340114,1.7631888267564881,13,88,321
3625,36.48824921964661,28.70028082287561,2.236529370224051,2.9424145393938845,,13,89,320
3626,39.35953919640877,34.70040609904863,2.002785284914044,2.697143455219266,1.9854929528970957,13,90,319
3628,30.75507888229979,27.8391403851944,2.23636727325396,3.139892810073604,1.761636658909379,13,91,318
3630,37.02707505372143,32.421923396380706,2.002300585252637,2.661271238713629,1.7653557308133236,13,92,317
3631,36.53028947524009,26.77689277733354,2.238419603059881,2.9426421821163737,1.7647777088597354,13,93,316
3632,36.34456840908186,31.609192155405946,2.001465969186636,2.6908838763824483,1.7571880383127276,13,94,315
3633,35.84592736676736,26.324795740744577,2.237185159903219,2.9694141956812534,1.759570586458336,13,95,314
3634,36.1535770040422,31.31596403602263,2.001496102641748,2.6365640724626367,1.7573770661844437,13,96,313
3635,35.66303074002797,26.316659103181216,2.235872854347104,2.9525347737218475,1.7680118840354098,13,97,312
3636,37.00649086775502,31.998588265349394,2.0024012820224604,2.6235919177171154,1.761737612797981,13,98,311
3637,36.544175506062544,27.517415935326273,2.2397124387510416,2.9351025369519683,1.7643521909382038,13,99,310
3638,37.85686718856992,32.98892411466723,2.002520901659237,2.66145718134933,1.7606892547636666,13,100,309
3640,30.34079029704549,27.68369504016409,2.2360469473696822,3.1089009399987715,1.764418926478962,13,101,308
3642,37.45005504798,32.83558656237567,2.001235039662058,2.640601067759597,1.760669562156983,13,102,307
3643,36.93579053764056,27.14599765338197,2.2347832738415083,2.9384052514213805,1.7623956185899448,13,103,306
3644,36.77795934417618,31.97863874379167,2.0006531469147206,2.6732282064652693,1.752963802649152,13,104,305
3645,36.27284002472665,26.736635319558303,2.240482140130677,2.961687654654952,1.7554241058451194,13,105,304
3646,36.644215074090106,31.7958885352369,2.0032893275629737,2.668754575341305,1.7505357080241473,13,106,303
3647,36.13094250483658,26.588071671581062,2.2369175073846885,2.962390408874666,1.7531949495875596,13,107,302
3648,37.138598100953445,31.804649399184477,2.002146271467598,2.658195971284472,1.7500761995337284,13,108,301
3649,36.67899801622471,26.92697713466223,2.2371869920561185,2.954914424261545,1.7532442418011562,13,109,300
3650,37.11821986816654,32.18425444090601,2.002911547065684,2.684649370373972,1.7465957802278385,13,110,299
3652,29.66229996912213,27.01835874964169,2.236098855006698,3.1362496594200944,1.753798187657568,13,111,298
3654,38.21028860245779,33.27019350164624,2.000461299971232,2.668665957651981,1.7536142867887068,13,112,297
3655,37.71095722672097,28.55924287940608,2.2367908167072814,2.948212029307656,1.7585990781342806,13,113,296
3656,37.5096400873081,32.91813190932092,2.0031635045230707,2.6672344803975685,1.750725029920349,13,114,295
3657,36.98132110984918,26.907112086603266,2.2361678952538138,2.952597569633057,1.7541102504308277,13,115,294
3658,36.38797733722857,31.48100878915281,2.0017017371036148,2.627654590987336,1.7433055732501639,13,116,293
3659,35.880776929217895,26.09160348392822,2.238373232224246,2.954793381995371,1.7451314851490713,13,117,292
3660,36.0550831310012,31.127100398792322,2.0016383842160304,2.6888969070187216,1.7336625052776184,13,118,291
3661,35.526515753028875,25.81639306361117,2.2375749751098457,2.989905222353142,1.7367396691313852,13,119,290
3662,35.91912656959304,30.925481627228724,2.0017049702320837,2.6648936078550007,1.7319207051538925,13,120,289
3664,27.75997184519109,25.421987428824455,2.238480985252792,3.165629349014892,1.7371922108639446,13,121,288
3666,37.598391918046985,32.53816915596416,2.001207887684657,2.652977190328466,1.7428604522751463,13,122,287
3667,37.13283248816505,27.878470846196947,2.237142641839446,2.955522279907448,1.7494091963727418,13,123,286
3668,38.473409883226125,33.5082870689835,2.0007340815697723,2.69728379874788,1.743306971099712,13,124,285
3669,37.98319588705851,28.57735195207146,2.231900896624575,2.963797983598881,1.747732631720093,13,125,284
3670,37.37835847467748,32.72223824057796,2.0010982344783117,2.666438804228148,1.7385245062726962,13,126,283
3671,36.86281733046096,26.68075938974654,2.2358253382348163,2.968342064675465,1.7396350902999898,13,127,282
3672,36.32515383321495,31.339643544788586,2.002809251194904,2.644225504233063,1.7295622663746975,13,128,281
3673,35.817735783167414,25.970152637366542,2.2357997730290013,2.979746636832157,1.7335152532566391,13,129,280
3674,36.17136327433497,31.09122546658414,2.002674380722973,2.6270672485920983,1.7273036765742085,13,130,279
3676,27.631378095425497,24.985892248387724,2.2363242972098814,3.1699550892424444,1.7307460171226707,13,131,278
3678,36.94271187003511,32.074525923461515,2.0008253955001223,2.681073460503821,1.7449370491071912,13,132,277
3680,29.457238184421836,26.829506608753892,2.2385161036849173,3.041716754390599,1.7623786839643205,13,133,276
3682,37.96104323229247,33.167208512161885,2.0015065236323597,2.6173518629094725,1.7642432071133693,13,134,275
3683,37.422509927232575,27.808723306936354,2.2366492585492086,2.856565615286532,1.767037059270448,13,135,274
3684,36.73214755581345,32.14047774193924,2.002256958212359,2.6882522902609858,1.7504882032049591,13,136,273
3685,36.144588476078994,26.4593708063853,2.237854072478757,2.9246449203147384,1.7530856607799212,13,137,272
3686,36.08238955313576,31.245399132402053,2.001756985222924,2.639398647353621,1.744271081547992,13,138,271
3687,35.5239344310835,25.826904523705508,2.2386304954468086,2.9212314717467955,1.7478256777449792,13,139,270
3688,35.84834420893077,30.941808328244683,2.0013369678430784,2.6623791019309224,1.7365413923373954,13,140,269
3689,35.2972904169999,25.545630364302028,2.237171769025553,2.952293085029592,1.7406004807393523,13,141,268
3690,35.70394071930231,30.729579296950984,2.0049715818869926,2.6561014633579925,1.7332230931057557,13,142,267
3692,27.6117972897856,25.267064116063818,2.236617647163672,3.126052541760997,1.7381568161031642,13,143,266
3694,37.23120350609712,32.241219078736684,2.0012836292683827,2.6878503046332485,1.73860622908762,13,144,265
3695,36.68229562457736,27.53533172646927,2.236324108196822,2.9595027451496785,1.742193231766721,13,145,264
3696,38.21827936701842,33.273484981762124,2.0018795801112828,2.606635521236163,1.7432134953746197,13,146,263
3697,37.72537527111067,27.77912293716307,2.23955526590396,2.9081526920511225,1.7507391067627514,13,147,262
3698,36.626274908995,31.82186022608825,2.0029462861761083,2.684954312438798,1.733269821483297,13,148,261
3699,36.05581108491759,25.98623560621165,2.234361583590159,2.968938428885683,1.7368038738198308,13,149,260
3700,36.01597323994527,30.953485299150877,2.000410764991185,2.62963250026716,1.7298906291663267,13,150,259
3701,35.479955962040414,25.526674588200482,2.236242253887012,2.9557022919172105,1.7338781175263083,13,151,258
3702,35.64214686208444,30.594113322212998,2.0017891626777025,2.676552998785705,1.7204403348841348,13,152,257
3704,27.187496033412835,24.476907011878026,2.239108320440667,3.1530662768875177,1.7252197586942286,13,153,256
3706,35.82141559167005,30.621050708667628,2.002006842786516,2.62514939238803,1.724425600328322,13,154,255
3707,35.31219681534127,25.438741902383168,2.2368833695922907,2.9733977391796818,1.7273800793385707,13,155,254
3708,35.84687241575459,30.73760557478901,2.002435123952101,2.628502877540015,1.7214872814061164,13,156,253
3709,35.31876521028076,25.139793567313763,2.234886428212683,2.9704690678056984,1.725981052020878,13,157,252
3710,35.6948403215532,30.475687104433288,2.000876302512133,2.619866867748,1.7197448773569264,13,158,251
3711,35.18098915884179,25.21695704936807,2.2354713446506147,2.977423121198981,1.7255996582054365,13,159,250
3712,35.819676472043525,30.665478038053948,2.001371004807907,2.6612878285284127,1.7164304142145894,13,160,249
3713,35.280943012862004,25.220295793709035,2.237058582249167,2.9952417390495274,1.7210514965301846,13,161,248
3714,35.629734084261784,30.48169086494209,2.0017748549858165,2.6699917743429817,1.7112029253299619,13,162,247
3716,27.16438297784128,24.45054096346435,2.23803421235471,3.177663269654701,1.7152474692413409,13,163,246
3718,35.66196676336087,30.501790386236014,2.0016093124428225,2.6688661295694205,1.7102343231599222,13,164,245
3719,35.15765426448862,25.116648501071623,2.236262710077013,3.0141085158941125,1.7157182244829852,13,165,244
3720,35.75183992747387,30.48295279202987,2.000651458121082,2.6222751020303923,1.713096882151029,13,166,243
3721,35.26735562674982,25.302872598610957,2.2367623629849134,2.9893549510947817,1.7181667966399687,13,167,242
3722,35.77783462667514,30.592002581671938,2.001660451447316,2.643376209522438,1.710370861720813,13,168,241
3723,35.273917853671925,25.07063010108727,2.2338765829573277,2.999610348490965,1.7151717699814377,13,169,240
3724,35.713721223369035,30.424569049276556,2.0021616961773727,2.6362266436030413,1.7064617296121436,13,170,239
3725,35.22769356985072,25.10424730564541,2.236263093352216,3.0024956328986216,1.711631514139181,13,171,238
3726,35.725860691702124,30.570652220376168,2.003300958949492,2.6753943315026825,1.7029429979110946,13,172,237
3728,27.074866231848205,24.370918771536083,2.2366297670027806,3.1909167127784706,1.7079945141421373,13,173,236
3730,35.768527567848494,30.460459721443804,2.000588867008761,2.626280067476453,1.7072612643840062,13,174,235
3731,35.28895129510385,25.11595057252523,2.2368514252876186,3.006754711426224,1.7104877219128913,13,175,234
3732,35.84926876193408,30.547691944309644,2.0009417894069323,2.6699754309728454,1.7038637196766078,13,176,233
3733,35.37183993543965,25.468538364225786,2.2356748488446523,3.018595897333327,1.7094314061045315,13,177,232
3734,36.56783936040424,31.189572257243857,2.0016782403661075,2.6485692977117936,1.7079617948422274,13,178,231
3735,36.074389171993744,26.362374229354483,2.236854483631276,2.99461441655667,1.7144028340128556,13,179,230
3736,37.22026804863562,31.8980817857202,2.000349526256562,2.652784779103966,1.7113022833627787,13,180,229
3737,36.74966978061112,26.956738275219486,2.234955073401681,2.990177272096904,1.718249800911975,13,181,228
3738,37.24354714231705,32.32306890954346,2.000050219919945,2.61112320884266,1.7141220574722438,13,182,227
3740,28.122318422392247,25.297191974426802,2.2348380716081286,3.154216514569188,1.7200324906469016,13,183,226
3742,36.101954503621805,30.83436798904695,2.002235017468337,2.6171931724123265,1.7053324925701605,13,184,225
3743,35.62818988644997,25.17125538970103,2.2372570567357264,3.0048705412793653,1.7086024290615833,13,185,224
3744,35.590895284221084,30.287043848864634,2.0029223930258224,2.6630699292303373,1.6934609472531403,13,186,223
3745,35.11660656053784,24.78213732406969,2.2360506833908502,3.03498233138267,1.6990354637316405,13,187,222
3746,35.41708929698686,30.072000414523774,2.001361539543119,2.659720848238619,1.6905244127230226,13,188,221
3747,34.956064668465345,24.853530764290635,2.2376322983749657,3.039174162356604,1.6971280731915928,13,189,220
3748,36.54228598490352,31.093661069729663,2.0008765508581288,2.6273527452578365,1.7007774858498306,13,190,219
3749,36.09271178679357,25.818727441591122,2.236095287825847,3.0080715083870126,1.7054944854822025,13,191,218
3750,37.06815080209899,31.60762351123511,2.00062745119498,2.679397409659904,1.6971104467944578,13,192,217
3752,28.8302151026352,26.143610281296123,2.236078427169917,3.195884522488299,1.7056282389804434,13,193,216
3754,36.82684422999281,31.68782676208534,2.002252540622426,2.6638409912727004,1.6997924522951837,13,194,215
3755,36.35307380776047,25.800442318862693,2.2371974190098136,3.01922996644426,1.7044743617866238,13,195,214
3756,35.92988720620677,30.64130472367544,2.002183949867592,2.638750759665419,1.6912704773954121,13,196,213
3757,35.47010926282891,24.993564612879585,2.2364336231600923,3.02932571916621,1.6968230480807023,13,197,212
3758,35.781290058222865,30.35775664232519,2.001526634621741,2.6521564133104056,1.6857127009469868,13,198,211
3759,35.32528158317988,24.91922282699866,2.2374781503908463,3.040692980500898,1.692439152613104,13,199,210
3760,35.83938701624516,30.46760275047683,2.0011249665699338,2.6736629264226712,1.6832093771286156,13,200,209
3761,35.36964225136146,25.58887590625053,2.2369472725480777,3.047301783807748,1.6920213630001564,13,201,208
3762,37.17156479403066,31.690335464880064,2.0009993271431443,2.665966871855665,1.692886364169521,13,202,207
3764,28.53395634085454,25.94553013564419,2.236744381095688,3.20058225560374,1.701167819308355,13,203,206
3766,37.84191340591018,32.58002111430288,2.0019187157474807,2.6818321771597287,1.6984668174144635,13,204,205
3767,37.35919822285406,27.077231295094183,2.235634036546074,3.016812424901817,1.7053401209211971,13,205,204
3768,36.94021929474592,31.69291039725797,2.0007727144601377,2.6354438765341697,1.6935813413828427,13,206,203
3769,36.473928280486426,25.733041491781904,2.235673903384627,3.0162313962028566,1.6995991414593674,13,207,202
3770,35.979852438003704,30.60840039029274,2.000751773750977,2.633581331346773,1.6830951253781286,13,208,201
3771,35.53784572132813,25.016780647725728,2.236135887952861,3.037649405912054,1.6893961677315565,13,209,200
3772,35.91143435448471,30.399652022711006,2.001600027914263,2.6164895194312585,1.6850462226942986,13,210,199
3773,35.46590672895853,24.975091635446812,2.2388286979410283,3.033364171338317,1.689283924116178,13,211,198
3774,36.0224357923641,30.547315574796166,2.002715175952081,2.662037646915503,1.6803098840017598,13,212,197
3776,27.637651262595494,25.381212479554385,2.23819665163763,3.229492122724853,1.6872174754584797,13,213,196
3778,37.65075812929836,32.47851626978816,2.0021347290579303,2.670589438884728,1.6944038437227715,13,214,195
3779,37.1926537921422,27.509581436128197,2.2372741872092785,3.0214752631925994,1.7032775011180479,13,215,194
3780,38.27191158762031,33.085111849545555,1.9999099102761289,2.668638829617292,1.6955686127180103,13,216,193
3781,37.79364766490138,27.52697445668887,2.237038590604525,3.0125564157542506,1.7059575741031168,13,217,192
3782,37.26845925037034,32.12056072268224,2.002549456337823,2.6931351824491827,1.6841854728350407,13,218,191
3783,36.78035361473449,26.0517260996013,2.2357051292242693,3.042934580065669,1.6927188259476371,13,219,190
3784,36.23919416621716,30.90915966232928,2.001711879687912,2.6913462011853904,1.6722180144870118,13,220,189
3785,35.778193698959434,25.31536083202422,2.2373110802796066,3.0641348204273253,1.6825334248482184,13,221,188
3786,35.989930424393194,30.586499493516442,2.001654493324268,2.6988025346836504,1.6675976965747186,13,222,187
3788,26.96739420475568,24.32889071354923,2.2353727129409213,3.2488699145352573,1.6765997939178714,13,223,186
3790,36.752805224654765,31.078305845971443,2.0002866611264074,2.6523436778902467,1.6781873787039017,13,224,185
3791,36.32590746072963,28.575614060371645,2.2349287717319584,3.0415905083376344,,13,225,184
3792,38.49714613607372,33.98757612493629,2.0022312748692235,2.691307184686052,2.4440624320786553,13,226,183
3794,29.78484776127965,27.075956598915845,2.2358841828679554,3.301491461861544,1.6496902962880005,13,227,182
3796,37.31224141481378,32.26010764297862,2.0014196256892336,2.6565288043863395,1.6913403148932205,13,228,181
3797,36.87239520086967,26.479499381374726,2.2363595561763434,3.0114187251767968,1.6987430595293083,13,229,180
3798,36.59740421257035,31.42619925446257,2.001357263558416,2.680162151919943,1.6802787096613283,13,230,179
3799,36.17201669775298,26.02254059045754,2.23619442983224,3.0444074536724077,1.6877851354751103,13,231,178
3800,36.44126696853565,31.20956154006514,2.0017591814515625,2.686423419926791,1.673147301023026,13,232,177
3801,36.03602682388552,25.863088462880437,2.237024008882169,3.0576940023538746,1.6835224735501184,13,233,176
3802,36.32670051789851,31.078110221174402,2.001103261123144,2.672431142055385,1.6704292090032429,13,234,175
3803,35.93934141790238,25.750676431171872,2.23668962387688,3.058998437646345,1.6818334616972963,13,235,174
3804,36.29811998606583,31.053614094154142,2.0028682109184794,2.690675565426353,1.6659903350115992,13,236,173
3806,27.42820318264376,24.965158630346426,2.236187295530311,3.2335391078373177,1.6734864342659024,13,237,172
3808,36.31566540517328,31.060532833540666,2.000358859987671,2.697829479340451,1.664241575272447,13,238,171
3809,35.91374463578076,25.65545067135616,2.2368354482135957,3.076355749182267,1.6737127287291134,13,239,170
3810,36.31712206468977,30.97728291917627,2.0016029724530995,2.6506127411002423,1.6668450767774967,13,240,169
3811,35.93203282116499,25.633810814345832,2.236629526343287,3.0554144018953595,1.6755267391963211,13,241,168
3812,36.228571111440864,30.93918723715448,2.001572594962202,2.690672074169337,1.659450156066754,13,242,167
3813,35.83726433755472,25.602007150020775,2.23772729287099,3.0753541385252032,1.6688474617420241,13,243,166
3814,36.35810336081934,30.926289651305336,2.0029223519412267,2.62722492525996,1.662412523067319,13,244,165
3815,35.97300489127079,25.566069311147785,2.236536679058991,3.0533862205163675,1.6721446280141303,13,245,164
3816,36.29901438256062,30.863054927475556,2.0012842672903166,2.6243035932050947,1.66035260832257,13,246,163
3818,27.347710710329075,24.862180524716134,2.2359931464029112,3.23987742975532,1.6694257718925039,13,247,162
3820,36.42868217427085,31.038017243387284,2.001199210852871,2.6669662761212,1.6610231379633236,13,248,161
3821,36.0208142405918,25.711824903984965,2.236428082497803,3.072293670203753,1.6683861850843702,13,249,160
3822,36.39664144336581,31.04050751190746,2.002800542011826,2.657342749492438,1.6575187557321611,13,250,159
3823,36.015650956436865,25.639597616570825,2.236857028090994,3.069669609909638,1.6665610467577276,13,251,158
3824,36.31743524658528,30.957302786226403,2.000941324904744,2.6914302974482167,1.6507877959674548,13,252,157
3825,35.90385446793067,25.59123026810333,2.2341063642743677,3.085878316081552,1.6602925673075701,13,253,156
3826,36.40596657880105,30.945276932009087,2.000552819210372,2.641029666264374,1.6532570062110141,13,254,155
3827,36.01667953004308,25.572145040970046,2.236845260620006,3.0685847025368767,1.6631331921089196,13,255,154
3828,36.28093983069052,30.888914324823496,2.0053749047084093,2.6663067674348446,1.6494214846772683,13,256,153
3830,27.17392279740832,25.04569747293475,2.2365288836168893,3.258976347837605,1.6597363350065872,13,257,152
3832,37.95295717388789,32.321489418619095,2.001066605318924,2.652024511951085,1.6678591915666705,13,258,151
3833,37.547203052805926,27.74534114624764,2.235470010452076,3.047419757952139,1.6781534993571394,13,259,150
3834,38.41829396059596,33.23510488083581,2.002186569861677,2.650846498933422,1.6708627643249667,13,260,149
3835,38.03838007420174,27.835438221704962,2.238315741495089,3.038275699731649,1.6818260578791282,13,261,148
3836,37.82488704281872,32.672384089467116,2.0017749202505266,2.636443131108017,1.6658118164053368,13,262,147
3837,37.45809997574364,26.755144690293683,2.234843722748792,3.041488734532374,1.6754402447792702,13,263,146
3838,36.92206046060923,31.627875999689845,2.000716988237041,2.6573768263158466,1.6532998517617,13,264,145
3839,36.54182412710542,26.04853863662082,2.236265231749946,3.069416496679837,1.6626590695372074,13,265,144
3840,36.61884081007243,31.234092745007935,2.001325557175692,2.661750337550587,1.6468787023528522,13,266,143
3842,27.501542745883093,24.991544008898256,2.2352240831979677,3.259583269817626,1.656330621007875,13,267,142
3844,37.26760229905419,31.95070753872921,2.001284732598154,2.676647507144037,1.6718953249703756,13,268,141
3846,28.669455862333923,26.2361135354094,2.2369107163289565,3.177913464947799,1.6887192756930618,13,269,140
3848,38.25722659181597,32.94223311807837,2.008795403935178,2.683234032060573,1.6807743463585727,13,270,139
3849,37.82549893529748,27.405554822784833,2.2375606778471218,3.026194762909981,1.6910130894740016,13,271,138
3850,37.22999793294153,31.941852555671353,2.0031957722825595,2.622356052772389,1.6737717086703077,13,272,137
3851,36.8014648296025,26.343103480560828,2.236496108853425,3.0339024513931787,1.6841096031570604,13,273,136
3852,36.750095375605376,31.44720711271493,2.002178261848821,2.6656468752025866,1.6605773762487392,13,274,135
3853,36.34891517412301,25.960204801823828,2.234306229169115,3.063920037160411,1.6711816232070564,13,275,134
3854,36.46133969406453,31.12482497372082,2.0011693562380435,2.6416903037262225,1.6559877811460857,13,276,133
3855,36.09543017818525,25.78792619646039,2.2353054865598647,3.0634173664555338,1.6656184623024228,13,277,132
3856,36.121581178683655,30.75545169222773,2.000533909313961,2.6595878021770023,1.6468623183898439,13,278,131
3858,28.036985142965303,25.924212788366738,2.234695250843874,3.253107738561714,1.6593086610305814,13,279,130
3860,37.62901534109348,32.32491302674166,2.0017889891565974,2.687257575540443,1.6574621175432847,13,280,129
3861,37.21261841631427,27.663905355859097,2.2355873732456666,3.065171444330893,1.6697065009064038,13,281,128
3862,38.17206500603514,32.9527098749988,2.002031476486703,2.6749338603361448,1.66039911752169,13,282,127
3863,37.78373164754429,27.61717524455868,2.236645717264297,3.053167184931342,1.670808664021264,13,283,126
3864,37.0744174656725,31.963338156822644,2.00172153934365,2.6883490982654625,1.6460789092837114,13,284,125
3865,36.67128673978225,26.46991789105188,2.2369324553904484,3.0783555180252424,1.6562343817975933,13,285,124
3866,36.55596040748888,31.192560893948695,2.000574694144919,2.6341133806914536,1.640836646265932,13,286,123
3867,36.17541755270883,25.895112324326472,2.2345638574116355,3.0708764909583808,1.6518779968962891,13,287,122
3868,36.35822055804636,31.011896164180595,2.0014919406194838,2.6535520046660226,1.63444089202816,13,288,121
3870,27.50598587036786,25.163318742843128,2.236296970422325,3.2754654281792552,1.6452906201636466,13,289,120
3872,37.04815005782166,31.59342641124915,2.001201969879881,2.682065697865543,1.637403918650421,13,290,119
3873,36.69360534455646,27.14156312414779,2.235051746416361,3.0830455693105017,1.6501372759769588,13,291,118
3874,37.78142773101782,32.451352345308976,2.000826197482675,2.623022825320866,1.64738207540524,13,292,117
3875,37.42546059055164,27.86049185200816,2.23674561795435,3.048433470437336,1.6605037485228118,13,293,116
3876,38.98412239569435,33.70907658061942,2.0019806638375117,2.638877668106794,1.654564644162235,13,294,115
3877,38.60522008155312,27.791798616878506,2.235567653245628,3.0365640853138407,1.6663661760292994,13,295,114
3878,37.65911041193654,32.3628652503866,2.001594188579669,2.6345026369215763,1.6408965607299353,13,296,113
3879,37.29256649709715,26.57602708077459,2.23637121367843,3.0584491524787167,1.6525130546603486,13,297,112
3880,36.92167189475025,31.558941182174713,2.0004095548319234,2.6856425973144904,1.6265229979339635,13,298,111
3882,27.83357833195806,25.269387762925398,2.2328933895462493,3.289083502446081,1.637255687081799,13,299,110
3884,36.59954969750561,31.135887556686384,2.000900382690503,2.68786797873656,1.6217349144630455,13,300,109
3885,36.19248743463794,25.650349774359256,2.240111639680257,3.100432574756339,1.6338497339477869,13,301,108
3886,36.62217023847058,31.04112225235265,2.0016097915484665,2.6302060684262494,1.6248200059639546,13,302,107
3887,36.27810514135916,25.68512288893137,2.2351579338067373,3.0801336281123826,1.6360031918539466,13,303,106
3888,36.59089881260896,31.054879323980543,2.0020912722122786,2.6641914790243417,1.61880119736137,13,304,105
3889,36.22222862659803,25.752828799921502,2.2320342297775464,3.093510039741359,1.630550927436603,13,305,104
3890,36.59234456560626,31.10833607101402,2.001445817763721,2.689303373660729,1.6137403605861436,13,306,103
3891,36.222971242480895,25.713456398601018,2.237046017719514,3.103589622774347,1.6244903006054954,13,307,102
3892,36.48018480302178,30.944663670795183,2.000167970309902,2.65147651386545,1.6120158396724633,13,308,101
3894,27.301673642249813,24.84462164180059,2.2345044520610107,3.3080629550501395,1.6232954118710798,13,309,100
3896,38.23567263982747,32.6791979812127,2.003950808278935,2.6896892125914618,1.6671032556887178,13,310,99
3898,30.3511294017444,27.658426062765713,2.2381752935996757,3.1212460877767545,1.6971017218630653,13,311,98
3900,37.930952706812825,33.03296653786076,2.0015010947067746,2.6628469651561684,1.6850133383886252,13,312,97
3901,37.40074798103556,27.32162309022555,2.236477025431414,2.9712405401775785,1.6967763955602138,13,313,96
3902,37.19257582780181,32.14080730031082,1.9999016673464969,2.626900680068646,1.6786654987614698,13,314,95
3903,36.70119166309031,26.54578737520252,2.2355766616144352,2.9768996892638,1.6903789759120118,13,315,94
3904,36.76201438343683,31.54659714469647,2.000618099416812,2.6081515730092875,1.6729763502191375,13,316,93
3905,36.29184937239101,26.170483326429252,2.235946908335849,2.984294093425569,1.6859307494355684,13,317,92
3906,36.54833629882202,31.32211217550974,2.003239061725877,2.635733198142088,1.666489034299654,13,318,91
3907,36.08062558711026,26.154904890053253,2.2374818301525408,3.005194709373746,1.6800866766959015,13,319,90
3908,37.37954300419149,31.944476209251814,2.002639753916218,2.629018498984386,1.6698424436460064,13,320,89
3910,29.227387823757105,26.652287874696576,2.2348319732673074,3.155289642645236,1.68301000738477,13,321,88
3912,38.17965570439169,32.95970790517297,2.003823480038933,2.6266603184816235,1.6746744228027035,13,322,87
3913,37.73954459548379,27.80962892697604,2.237428647842694,2.976328084410085,1.6878959825882167,13,323,86
3914,37.06880928199277,31.94954978552722,2.0015896507781563,2.602450788874241,1.6665045335145643,13,324,85
3915,36.61197128803382,26.040452152985708,2.237190684040777,2.991604692607841,1.67806266026689,13,325,84
3916,36.3207199175235,31.016509562928245,2.0013924851522065,2.662872873818505,1.6522220848347278,13,326,83
3917,35.85498747155291,25.520665829283526,2.236082046610093,3.0332138968767457,1.6643177624859786,13,327,82
3918,36.10688426616758,30.717850318637232,2.00099190176043,2.6641259048235493,1.6462718275099526,13,328,81
3919,35.634013037517825,25.355358000653577,2.23549171465053,3.0425820118027884,1.6604671452130844,13,329,80
3920,36.31248307899438,30.879779806825745,2.000855609900936,2.6980994427054057,1.6423992346925211,13,330,79
3922,27.93089875915221,25.27050590536366,2.236517653839918,3.2242972765016185,1.6560719289699788,13,331,78
3924,37.07549861586275,31.650221324336044,2.0021284907747647,2.649240292513478,1.651178607099992,13,332,77
3925,36.62342408065661,26.587763387769108,2.237584652153468,3.024944367698791,1.6659382535694895,13,333,76
3926,37.414877687125575,32.06625589927076,2.000822145661288,2.691344905562854,1.6481683120281931,13,334,75
3927,36.95958715836811,27.014638512012567,2.235166117741144,3.038919592574882,1.6623585606497642,13,335,74
3928,37.09639528593206,31.895952062496796,2.0017549416670004,2.6312837349184783,1.6478892380480552,13,336,73
3929,36.65878634567259,26.071968918543185,2.235312533751791,3.0219643453824747,1.6601205034022468,13,337,72
3930,36.36605166703309,30.985495506316067,2.000542886554803,2.6584363442335084,1.635843650915682,13,338,71
3931,35.92693127681835,25.48626278355567,2.236326002981241,3.0452274478952712,1.64817172311441,13,339,70
3932,36.234238027710575,30.72140290899611,2.001933129636368,2.623199819387988,1.6332362811945516,13,340,69
3934,27.22273446751386,24.520136193021575,2.2345899845555017,3.2392112725816986,1.6464353999772692,13,341,68
3936,36.13330283566238,30.525764579406868,2.000836252082105,2.633671931011382,1.6299264676829872,13,342,67
3937,35.721426694868256,25.826781428902297,2.2375892197167677,3.054100385402832,1.6443802027138674,13,343,66
3938,37.40631592104371,31.861104818689885,2.0005565957229483,2.613160298710749,1.6387862629287226,13,344,65
3939,37.01459649918612,26.888580944227535,2.2382092705619963,3.0278535575887435,1.6541421913711674,13,345,64
3940,37.77076533558071,32.31201872670814,2.001606404211715,2.664776371262019,1.6359654863840773,13,346,63
3941,37.33141555347586,27.108997657964647,2.236104468165294,3.0431563857039565,1.650049390743224,13,347,62
3942,37.14813436098321,31.79301024802491,1.999731674892746,2.632939371611515,1.6311370439675659,13,348,61
3943,36.73685074625057,26.072244620179383,2.236499752200442,3.042591068211343,1.6437578582127028,13,349,60
3944,36.53239990681521,31.01748043918613,2.0012097377908966,2.628283415842944,1.6220189720888463,13,350,59
3946,27.38870353399882,24.68306700665263,2.2346597040764444,3.260978115922012,1.6349526787384767,13,351,58
3948,37.81511547301817,32.52627247756125,1.9999922943569637,2.638269533539896,1.6416044978422157,13,352,57
3950,28.56882035118916,25.648405297569635,2.2366006497070234,3.204467143115698,1.659865400163693,13,353,56
3952,36.404593910301536,30.971239918679984,2.00062580916902,2.666855394758346,1.62530902314578,13,354,55
3953,35.98634868082344,25.484505263620903,2.23733852488729,3.069903352455064,1.638374567139459,13,355,54
3954,36.31178502135717,30.76463270446893,2.0014979554620878,2.645771603606621,1.619613452223948,13,356,53
3955,35.898604211598006,25.324729433596886,2.2371256300678235,3.0675505758770663,1.633996519990445,13,357,52
3956,36.180551238597374,30.660177115279623,2.0001940144005674,2.6749192828697232,1.612423617477437,13,358,51
3957,35.76216312146638,25.286773528596807,2.239426218909906,3.0858022802760443,1.6262903660038621,13,359,50
3958,36.10348020899565,30.586674094126863,2.001710053938121,2.6772635289500464,1.6077860680903546,13,360,49
3959,35.68485758067564,25.293993028527314,2.2358665699944917,3.088996259112624,1.6209261132227462,13,361,48
3960,36.39815845242428,30.83253477381729,2.001450125981973,2.651409246777448,1.6088084155973785,13,362,47
3962,27.34303625609071,24.66227198922587,2.236161760688665,3.2832773272267644,1.622067326376005,13,363,46
3964,36.34867749615663,30.68860522383244,2.0003216371109183,2.6359845840555653,1.6083556258734268,13,364,45
3965,35.94580144535173,25.27865246580887,2.2356905300440224,3.0755884735876124,1.623763092835315,13,365,44
3966,36.30340414585353,30.620490468656016,2.000496172241536,2.6203632515294,1.6068202519011536,13,366,43
3967,35.91214327995392,25.230941497368907,2.238045092448696,3.074565623963551,1.6207487103588902,13,367,42
3968,36.26566178605087,30.598226708173872,2.000440096213439,2.6353503124760125,1.601770977206713,13,368,41
3969,35.87543516120307,25.178502213778266,2.235569414196262,3.084283786542625,1.6159256083323015,13,369,40
3970,36.17313667131571,30.522404975221356,2.002385208107432,2.665160202735034,1.594911734692208,13,370,39
3971,35.76317035295558,25.210595894784095,2.2349196243214977,3.097758274129772,1.6088627533577584,13,371,38
3972,36.20038317528244,30.572012594415884,2.000686110880547,2.6439462094074133,1.5938139125387372,13,372,37
3974,27.05840882370624,24.40349825466442,2.2359405359943545,3.3062228223502306,1.6085341202774104,13,373,36
3976,36.12974352283867,30.525594309542488,2.001943170893987,2.680823910703161,1.5920273129504598,13,374,35
3977,35.7497624923257,25.12196127793317,2.235115395766183,3.109459776723322,1.6025885189976128,13,375,34
3978,36.15128962766672,30.460152624234137,2.000646231962556,2.6584332895177942,1.5847361549778747,13,376,33
3979,35.77434533101379,25.068917248551628,2.234943569617326,3.103692451192228,1.5987561802847798,13,377,32
3980,36.06503580876304,30.42634729502671,2.0006735329251524,2.68581364438656,1.5763429363936803,13,378,31
3981,35.66268753515729,25.054096460963237,2.2376984313270083,3.116179263976046,1.58999965385698,13,379,30
3982,36.12802521407918,30.477932880980596,2.000079772723629,2.686590802386354,1.5720229174642284,13,380,29
3983,35.72829004625884,25.059677134570837,2.2371988028343464,3.1171128232921257,1.5868878681527605,13,381,28
3984,36.26774799217623,30.473709628947084,2.00109190486848,2.656968060548768,1.572987428551235,13,382,27
3986,28.284388812724625,26.514478603409806,2.236466561857761,3.338402036292292,1.59311034627858,13,383,26
3988,38.43630283495838,33.14386747805384,2.0025068680909213,2.676038889381632,1.5969854003890187,13,384,25
3989,38.071181886197294,27.65227457148966,2.236987981545459,3.0823563892595742,1.612526482747263,13,385,24
3990,38.52063845392343,32.934539010545976,2.0019322952392344,2.6188084347235887,1.595726023703856,13,386,23
3991,38.18535812637009,27.298490775631517,2.233497409984785,3.0672067098710536,1.6106798044863162,13,387,22
3992,37.489412293667954,31.954024468442526,1.999949850664628,2.645949573946669,1.579500338340559,13,388,21
3993,37.138267270661,26.19964340428033,2.234339421272048,3.093152986471027,1.5924123970424062,13,389,20
3994,36.78751789975617,31.19189073934152,2.000910525563825,2.6883439532038187,1.5629469877520186,13,390,19
3995,36.39756228905121,25.72468708618515,2.2335778773349206,3.118216506034303,1.578467458097567,13,391,18
3996,36.62637340717898,30.99297651094941,2.0009899510970475,2.67894320816739,1.5591129431541175,13,392,17
3998,27.39619348433834,24.78945378046688,2.234586148890981,3.3548539455568083,1.5738798234871472,13,393,16
4001,30.02498708812653,27.601880729189944,3.0406188825036686,2.8024182979189662,1.9179419833010185,13,394,15
4003,41.81748104839704,33.13281956573637,4.027931217882849,1.9182683747066007,1.8990134427579635,13,395,14
4004,30.000531528748443,27.38584128851125,3.1839916596970586,2.904228582133696,1.9082519482946882,13,396,13
4005,41.50441060959557,32.848310333012144,4.0283470601196845,1.8939610306669548,1.9008919355022849,13,397,12
4006,29.75204112376427,27.273146136414194,3.210226686795107,2.913431354788873,1.9061126522939398,13,398,11
4007,41.67077619357013,33.07297579198606,4.028306841028089,1.82462740970999,1.899861372042907,13,399,10
4008,30.02296835105506,27.5997337960561,3.2135721164958406,2.9167312479932743,1.904975345010156,13,400,9
4009,41.58349706133725,33.12836651135456,4.028897912512196,1.9612044915457985,1.8910940594680612,13,401,8
4010,30.000352076100203,27.60991500672991,3.2691439676197067,2.953942001292806,1.8923969105949379,13,402,7
4011,41.82908827830225,33.20066590827124,4.029600870864891,1.7869386268841287,1.8897879185827937,13,403,6
4013,30.01810832008208,27.567698231324204,3.240983048106685,2.9352341592593136,1.897089483801579,13,404,5
4015,41.15307253815554,32.8030291471027,4.02823190197934,1.9399607811955053,1.859895406107539,13,405,4
4017,30.41932749961281,27.400391956697288,3.246555413542271,2.944081569152224,1.895242618495609,13,406,3
4019,41.167510218490015,32.70663040910488,4.0284426372332245,1.7632585904014149,1.8930230445373395,13,407,2
4020,30.79240400263001,27.832891698953947,3.211056859082636,2.915734351423532,1.8987728075991563,13,408,1
4021,36.79836493546556,28.63758082535983,3.7651057985668497,3.345202947375141,1.390538254678963,13,409,0
4022,41.40744159178738,32.88774741633189,4.028591260100669,1.7411634552856723,1.885096409795169,14,1,30
4023,30.56346654181748,27.573905692343555,3.238824154042292,2.949134362685496,1.8878347125047132,14,2,29
4024,41.089112912518665,32.85054388832057,4.028787836120025,1.990361763373611,1.871427715131706,14,3,28
4025,30.56752973525114,27.622570366734195,3.3059224079520924,2.9935976747987207,1.8769536564425764,14,4,27
4026,41.56081694228564,33.21344988692114,4.029715142311533,1.8524105657072527,1.8710237605160627,14,5,26
4028,30.967538591782915,27.927723094234953,3.308028299652924,2.997168514614688,1.877421357165571,14,6,25
4030,41.027186904575295,32.54793058844526,4.027391825734414,1.7970500760271888,1.868124898060321,14,7,24
4032,30.30371001431053,27.31739628534589,3.258219802425376,2.963533333901152,1.8808172274765673,14,8,23
4034,41.20659187421087,32.95568065114475,4.027595208325832,1.9099130781506344,1.8648632518380648,14,9,22
4035,30.94104267160379,27.923737756525576,3.3089167523099423,2.991983687857867,1.8726972446825612,14,10,21
4036,41.45812420664237,33.31259035127085,4.028474225036271,1.934448897147264,1.8622139816161478,14,11,20
4037,30.989928257875437,27.991144023888037,3.3163883424721066,3.001940725066447,1.8694916131320432,14,12,19
4038,41.50830652935,33.27639301328207,4.029721928809883,1.8425883947903756,1.8614133168400504,14,13,18
4039,30.824512758825595,27.865448411282674,3.306745469987595,3.0036834987787624,1.8648532363432002,14,14,17
4040,41.36968179986157,33.13052620279671,4.028724169575779,1.828585254411004,1.8545370106358046,14,15,16
4041,30.706105951827254,27.78208920988999,3.3201663382668585,3.006222338256246,1.8615521870316587,14,16,15
4042,41.46226760798129,33.262538649813465,4.030782136338009,1.8355395996102943,1.8521552802049301,14,17,14
4044,30.918718254553035,27.893226653984314,3.3437452273010138,3.018120599885197,1.8602849565034483,14,18,13
4046,41.32045149274522,33.4559068625216,4.027991609867125,1.949278391612896,1.8254445018652299,14,19,12
4048,31.3144559017896,28.404317059039222,3.219559491515643,2.940748418034675,1.8645031600443098,14,20,11
4050,41.29100352861782,33.359161719231366,4.027755663691591,1.7363301713780446,1.857245398056822,14,21,10
4051,31.027467228830226,28.205903555121708,3.202588866191741,2.923607950094844,1.8641380975949349,14,22,9
4052,41.08913600776219,33.19907517017467,4.028543330165215,1.7105280581137303,1.851149438258203,14,23,8
4053,30.888592234451423,28.035582266367587,3.228672790404013,2.9480598188695635,1.859385616318255,14,24,7
4054,41.02067280816404,33.10915637159371,4.027516600690674,1.6755342791432477,1.8482058686192384,14,25,6
4055,30.670123380473928,27.892061168844513,3.242778614383341,2.960586928619445,1.8568866188306417,14,26,5
4056,40.73588950026045,32.8730319628199,4.02700237666114,1.6704419000715314,1.843917964146473,14,27,4
4057,30.462426559937136,27.674973932898357,3.275644103778037,2.970852822724473,1.8513595298776768,14,28,3
4058,40.76227622359968,32.8903015920882,4.027487021545032,1.7016507714607274,1.8382875556146863,14,29,2
4060,30.72318127975227,27.878905895810533,3.301158724872029,2.994890667503028,1.846898159100899,14,30,1
4063,30.105337589631624,27.386276594335452,3.9135371238784464,3.4420333144974986,0.9540487931585099,14,31,0
4065,39.71112605386658,32.07013291213046,4.029754792125187,1.8891035060983297,1.8406434561469656,15,1,23
4066,29.978307217210865,27.17296535458324,3.256569692950616,2.962756534962657,1.8438654527048322,15,2,22
4067,39.797043058510575,32.18349666127279,4.028900600933191,1.756482386846181,1.8352576680090003,15,3,21
4068,29.97967928346839,27.172085395912806,3.247697147326971,2.96013071668388,1.844096621026577,15,4,20
4069,39.64019141128942,32.133961271398654,4.028134432056257,1.8323981556137667,1.8291842085074914,15,5,19
4070,29.835765163370844,27.07411423519754,3.283948388961706,2.9780891250394625,1.8388194641733189,15,6,18
4071,39.75344188854835,32.19734869129393,4.028496319452566,1.89712686584404,1.8249205189242441,15,7,17
4072,29.81210829696941,27.02158868367837,3.3035073236713206,2.988270287424487,1.8339730060388193,15,8,16
4073,39.57317189988566,32.128660226085096,4.030782393095651,1.9934958310371556,1.8196935375583267,15,9,15
4075,30.22482648108026,27.408670485127217,3.337799094574325,3.012171205203728,1.8286599033767545,15,10,14
4077,39.45687787991913,32.16680073898097,4.027217905704875,1.9679550948765452,1.8019185062409036,15,11,13
4079,28.064044653283627,26.933721544862717,3.1860912577616056,2.928555681844546,,15,12,12
4081,29.712547889456097,27.491919620285874,3.0711430147814576,2.832776795265265,1.8838129566759716,15,13,11
4083,40.711455499237935,32.764485625071856,4.027935564812271,1.98069037313681,1.865255115977613,15,14,10
4084,29.723589161365588,27.32074949672835,3.196598874168277,2.9246526016841714,1.8801691158706384,15,15,9
4085,40.56984371986605,32.560591865941106,4.029362314258353,1.9296821070764223,1.8674920967744928,15,16,8
4086,29.475019707607043,27.361389878771373,3.224705889644605,2.950410883770796,1.8845860203902118,15,17,7
4087,40.42073541309615,32.70948277164228,4.027846247982629,2.169258771295841,1.8549848745093362,15,18,6
4088,29.777412181263617,27.601206488801058,3.296027590611385,2.997375231525837,1.8623662207175995,15,19,5
4089,40.839359753382105,32.89402601565415,4.028749226179444,1.898741105703338,1.8568933377532453,15,20,4
4090,29.77882612386636,27.556033865247304,3.273301036900925,2.9731465276425744,1.8652966587820365,15,21,3
4091,40.762597974826,32.88851048708752,4.028704122042971,1.9095478812878095,1.8563404119907208,15,22,2
4093,29.74536095758909,27.483089825071854,3.284921216334164,2.9958003675226386,1.8619294362411274,15,23,1
4095,39.78739652537364,31.60887613480477,4.028710959917574,2.044256084427152,1.4283916818420916,15,24,0
4097,29.832426409777412,27.309402384402443,3.137083128145333,2.8849872666842904,1.8770149620684897,16,1,3
4099,40.12859054534907,32.4909596779559,4.028058491701451,1.8584184081271529,1.8586752720170416,16,2,2
4100,30.163184091041693,27.75605769768281,3.187907213348818,2.9214320667215565,1.8742538128892183,16,3,1
4101,36.57510909471598,28.527652725059767,3.743932693127008,3.332430691295955,1.38492444381226,16,4,0
4102,40.39287009990307,32.63416073863936,4.028495234172356,1.9288388497995343,1.8514682621398315,17,1,30
4103,29.936163495550577,27.47198035982237,3.2546875881533177,2.973629811457723,1.8541165938080317,17,2,29
4104,40.37811271633581,32.646683898798194,4.027850787866815,1.935441772448038,1.8481343994487947,17,3,28
4105,29.90319046738531,27.52843405854803,3.274243245052643,2.984531055157063,1.8475990793251862,17,4,27
4106,40.6345527951007,32.95341147758712,4.03024351282461,2.084244057146889,1.8366713881008283,17,5,26
4108,30.311865733626867,27.84553677808042,3.3254110633626706,3.019464697663897,1.8454921344916642,17,6,25
4110,40.0980220096873,32.14122281811957,4.0277523093513175,1.896444377630184,1.761187348724384,17,7,24
4112,29.75869066229592,27.23010445674317,3.241818151787191,2.96014879721541,1.8572378194072734,17,8,23
4114,40.34748376711444,32.73498021932445,4.028862296598938,2.039907733440496,1.8417182922444313,17,9,22
4115,30.335555995747477,27.833972253494277,3.2903580516745143,2.9984653712668656,1.847714908519575,17,10,21
4116,40.65512551876581,33.077725434853896,4.027646271570473,2.1312634408664395,1.8387113742232288,17,11,20
4117,30.42461030734828,27.9024692717537,3.3166842693346408,3.0166436371234946,1.839275661202757,17,12,19
4118,40.78648924035223,33.067457381369145,4.029328017656563,1.8782785619868927,1.8378218327546005,17,13,18
4119,30.265896241564626,27.777276852327695,3.2942604460344587,3.0076314714353134,1.8408237103897076,17,14,17
4120,40.64545029611132,32.902717226956746,4.029272047274109,1.9640553148703688,1.8318498485734964,17,15,16
4121,30.119244655829085,27.68879231661925,3.3160113739909387,3.0257151283362127,1.8327659704160888,17,16,15
4122,40.753548433947245,33.04143942038261,4.028750889542927,1.9028600928182504,1.8288674878297668,17,17,14
4124,30.37989941847062,27.80239625420814,3.326511162483801,3.0365924218482068,1.8328251771003083,17,18,13
4126,40.90407080657346,33.28920270851618,4.027668196882973,2.066791178782658,1.714525418330839,17,19,12
4128,31.265066104037302,28.31329904657268,3.1413407702818965,2.9079423803915856,1.8505226879432035,17,20,11
4130,40.76016987388447,33.31828122927918,4.027827958238032,2.1735697218309302,1.8338654879047147,17,21,10
4131,30.965980772157994,28.09713693269282,3.2205903131037648,2.9602739974322856,1.8451393937966383,17,22,9
4132,40.86760057065783,33.24546150252619,4.02962982115965,1.869998135001252,1.8404877471761787,17,23,8
4133,30.808506780361235,27.964173585934454,3.2213343315301035,2.9553031060736643,1.8469955487929484,17,24,7
4134,40.8457724786952,33.19381621015531,4.028266984927104,1.834360851438286,1.8374929559499802,17,25,6
4135,30.676154239638752,27.862827225518917,3.2540241868870248,2.975299581249589,1.845835697625415,17,26,5
4136,40.61328442378913,32.950371591621256,4.029480151507068,1.8588013920189888,1.8333503813940208,17,27,4
4137,30.47035274931954,27.64347468228405,3.288554864215493,2.9949295499050885,1.8329544834582656,17,28,3
4138,40.55411444614823,32.98142836772341,4.028789778263289,2.1656553710973343,1.815478409814986,17,29,2
4140,30.70834829170997,27.834202494028354,3.3582649250424783,3.0441197656790213,1.8242306845710927,17,30,1
4143,30.16481812376367,27.36130959129505,3.906619865547418,3.430961370310281,0.9512144825596566,17,31,0
4145,39.89740047610024,32.285643510120714,4.028805091889541,2.161441726851442,1.8292968670537262,18,1,95
4146,29.992122099546258,27.140579379785628,3.2695123614777497,2.9866017165076384,1.8275375730582164,18,2,94
4147,40.148009555945954,32.40988062398286,4.028118554798276,1.8357784756785411,1.8239933293569697,18,3,93
4148,30.013618055756247,27.155323832349467,3.2529044548962847,2.980175205124189,1.829344804377235,18,4,92
4149,40.16428171644192,32.395070835603484,4.032124737768037,1.7730752055194368,1.8172565111575298,18,5,91
4150,29.882162311058448,27.06797597183523,3.2944740487375097,3.002160250415568,1.8246755007066808,18,6,90
4151,40.34822918896084,32.48055490141574,4.029296562552747,1.803496921850417,1.8124564450173728,18,7,89
4152,29.835534186924647,27.020317442985014,3.323405905956533,3.0276617227202918,1.8181566511053842,18,8,88
4153,40.155136061235744,32.39831599080119,4.029143714811075,1.8019162984387032,1.806656676707282,18,9,87
4155,30.263424096318897,27.39029288041659,3.3626339476129306,3.053531528083009,1.811911750664196,18,10,86
4157,40.01460073648428,32.5316653403438,4.028758416480095,2.094755756018166,1.8028205151826027,18,11,85
4159,28.103272443062643,26.894283980817963,3.162911162531257,2.906628113346598,,18,12,84
4161,60.84632469517393,52.655011353024406,3.976879354793832,2.4944372580491163,1.68239729852878,18,13,83
4162,58.36513804123079,45.13937848363857,2.257060457540958,3.143775939213786,1.8719646938496874,18,14,82
4163,61.81769411336386,53.97231092767106,3.977675278876834,2.470379105199965,1.8488295015018863,18,15,81
4164,59.20179458441557,45.340622907624535,2.2568673236029317,3.156150507792646,1.8560732808966314,18,16,80
4165,61.82805706187581,53.99108510894419,3.977818121218368,2.432998201540817,1.8405124368915893,18,17,79
4166,59.651218201320575,45.40017892832245,2.2557636969404187,3.1566634170888923,1.8502992176904107,18,18,78
4167,61.95644236061217,53.996608338848425,3.977299190367607,2.455290559392926,1.831123770330734,18,19,77
4168,59.63906612785275,45.41314566755848,2.2562634427106194,3.1810116273932745,1.8401666624704784,18,20,76
4169,62.099570509363424,53.954262670522155,3.978022092833197,2.379788594335936,1.8290918786046033,18,21,75
4171,46.30084446644117,44.59097825616227,2.255569970561288,3.3604730354813577,1.836981932931765,18,22,74
4173,62.03750729435005,53.973288387308486,3.9767159781784978,2.3704531055353044,1.7986288997717712,18,23,73
4174,59.40376413909427,45.38997674136611,2.258452226019373,3.125080423899836,1.8669042299749319,18,24,72
4175,61.84294867967338,53.88993125496473,3.977184383768344,2.479852487101495,1.8303699776608493,18,25,71
4176,60.12073077625545,45.4323122037273,2.2558709785126467,3.163308564324321,1.8380050899080127,18,26,70
4177,61.8379476525885,53.87262295937195,3.977097467401381,2.4765516954388933,1.8177386997340945,18,27,69
4178,60.13273484957272,45.44461079692405,2.255555002833678,3.18304304746687,1.8262108444800855,18,28,68
4179,61.84646585876763,53.81893583109196,3.976862231789001,2.359674470455269,1.8103879507272098,18,29,67
4180,60.81356091634553,45.471819209753185,2.2570079968934107,3.1483214753662105,1.8231256105832154,18,30,66
4181,61.76013798618494,53.82033376097016,3.97911043245712,2.4195090802038206,1.7987863223989946,18,31,65
4183,46.33559313256987,44.60652171658323,2.254143934033556,3.3947408501096348,1.8140270521391433,18,32,64
4185,61.91960614794014,53.821133604090825,3.978347529374349,2.3489668209281325,1.8078818880588643,18,33,63
4186,60.86498157004616,45.49236252359181,2.2540556963157217,3.1326015067113424,1.8426853667764265,18,34,62
4187,61.86471031425517,53.81794815350033,3.9771521389968303,2.399709439291441,1.8039073720059924,18,35,61
4188,60.697232316954086,45.481486771431456,2.2535329561861346,3.1700516286932228,1.8208132234690988,18,36,60
4189,61.77393480386064,53.80194299620242,3.977691809263504,2.4168059304515817,1.7911311699408266,18,37,59
4190,60.61168054188811,45.47861599108777,2.2554537820491998,3.189732418567668,1.8071239734792282,18,38,58
4191,61.64539051089847,53.75880729814269,3.977537552103438,2.471072287476068,1.7780109105655992,18,39,57
4192,60.51471520212035,45.48086884575752,2.255123601401721,3.214150528519236,1.794023798751022,18,40,56
4193,61.88870329111738,53.78850848662172,3.978111649265431,2.404447263605832,1.7745234714122504,18,41,55
4195,46.31838727041323,44.613726059187655,2.2544369533815134,3.4260229204500985,1.7903215166541806,18,42,54
4197,61.98674236534618,53.8368863785077,3.977751186219502,2.405938768821008,1.7636936275088124,18,43,53
4198,59.59127505366295,45.39877060215698,2.253844981359929,3.15694434534249,1.8416181971791736,18,44,52
4199,61.73655452780071,53.773379186088945,3.97681234987642,2.386904670931757,1.8013893248360333,18,45,51
4200,60.6751102825431,45.4599287973747,2.2553088659255147,3.156573722768325,1.8179924104773355,18,46,50
4201,61.82230520583519,53.77386924606414,3.976912066880602,2.365034266156857,1.7883423422097826,18,47,49
4202,60.78786741869308,45.48051607680656,2.2529724122731065,3.173382163666823,1.8048128663524987,18,48,48
4203,61.70265737807168,53.754659591825344,3.978688647773789,2.4186775515647607,1.7743348064935556,18,49,47
4204,60.631016378627066,45.46413290587621,2.253453602756301,3.20114285033598,1.7898184643521915,18,50,46
4205,61.83339482415222,53.766677549195336,3.97903376287443,2.360775838409723,1.7679636981153708,18,51,45
4207,46.33613251819791,44.60342298627181,2.252777013970582,3.4188015123145137,1.784757177876554,18,52,44
4209,61.71886225058171,53.731744909320135,3.9780140451348855,2.4505597087782616,1.7746358254362653,18,53,43
4210,60.563797954159554,45.47330957979588,2.253780042337947,3.202170659088763,1.8005118031783907,18,54,42
4211,61.9456150656118,53.77927288646249,3.9779736389102816,2.3428829070219703,1.7717692221560204,18,55,41
4212,60.83865725763089,45.51817869282438,2.255920129335648,3.199394456576314,1.7875371440886787,18,56,40
4213,61.68681561807962,53.77940592279519,3.9784996176795904,2.411955819284382,1.7560849351318195,18,57,39
4214,60.646311993263,45.50740467687081,2.2544912949991915,3.2237249802456045,1.772712563726292,18,58,38
4215,61.72142337926525,53.7498055148608,3.978808047093823,2.3413222526109294,1.750808739031248,18,59,37
4216,60.74711513496493,45.50459155886418,2.254139602987673,3.219901254895785,1.7681036443282498,18,60,36
4217,61.922368397426354,53.75572683773813,3.9775428897202,2.328244465576847,1.7444632698810791,18,61,35
4219,46.38562699306963,44.61918652534829,2.2543302049957563,3.4509509094190145,1.760773989465572,18,62,34
4221,61.87504931919781,53.754287656200816,3.9805743604314334,2.318164845471509,1.7636708735896807,18,63,33
4222,60.98931112546895,45.4946083841906,2.255134800285027,3.188727974240158,1.79481458692359,18,64,32
4223,61.49120341342234,53.711431807207,3.979162923764102,2.4548236850102603,1.7489307966964391,18,65,31
4224,60.48175727678722,45.479198364066384,2.2526345026102548,3.238427461124177,1.765153107713461,18,66,30
4225,61.70751319442212,53.69342764953342,3.978306860506898,2.3584309858697914,1.7412990628253824,18,67,29
4226,60.67514289216621,45.457271511345006,2.2529728838859118,3.2310219460359155,1.7572841512197581,18,68,28
4227,61.49432037699378,53.61958378565316,3.977319747335911,2.4660401403368404,1.725078641626795,18,69,27
4228,60.381441147122665,45.447487245018,2.251799576870825,3.258144815257937,1.7425202937540507,18,70,26
4229,61.505904797603456,53.633628437869824,3.978351078081253,2.442554361335084,1.7184055502480335,18,71,25
4231,46.29669299942234,44.573099203521984,2.255160668153777,3.47801802466434,1.7343911115774295,18,72,24
4233,61.58650298757853,53.64298219337473,3.977915936469046,2.455972935605985,1.726074891480821,18,73,23
4234,60.56611843267715,45.45949860959236,2.2527457270156845,3.2595396514359183,1.7477378410696922,18,74,22
4235,61.66803036509911,53.640194623026446,3.979004823352766,2.3451886335989784,1.7216945289338905,18,75,21
4236,60.651647448028434,45.465513569894625,2.2521699713678043,3.2473384552240327,1.7380364927760728,18,76,20
4237,61.83745125268187,53.65373339276206,3.978994022429637,2.3048157078228537,1.7147977184025074,18,77,19
4238,60.79231447892265,45.476443020759035,2.2525050929528865,3.245421459670538,1.7317555289103135,18,78,18
4239,61.7791359328034,53.65355338521763,3.977360849056161,2.327904771892418,1.7071611234253437,18,79,17
4240,60.78236705462075,45.49391710636722,2.2549084739007306,3.251013523070628,1.7243157717312592,18,80,16
4241,61.63755727730526,53.647830742878845,3.98157731389867,2.3672431402232186,1.6994092312606057,18,81,15
4243,46.34262063933709,44.60299996049325,2.2556126328131945,3.4902346760901866,1.7165754676349545,18,82,14
4245,61.76541153453152,53.654715008055895,3.978371819312698,2.32931910043758,1.7206784049432187,18,83,13
4246,60.78336718775067,45.467258311672076,2.254909876504041,3.2391281462384707,1.7474830150357863,18,84,12
4247,61.71412204720752,53.66098543950281,3.979278165023497,2.313616978242905,1.7127742500113634,18,85,11
4248,60.73677888146221,45.46155635528227,2.2544460332932537,3.2468398004374643,1.7298153276121981,18,86,10
4249,61.46370523914892,53.59867010741405,3.979799695817293,2.464103908062826,1.6944986260505024,18,87,9
4250,60.42573083160793,45.46730601909401,2.2514247010336947,3.273932091359464,1.7115003561122037,18,88,8
4251,61.45868723262231,53.628910349751585,3.978467204430153,2.450218643464606,1.6875887803363856,18,89,7
4252,60.38852452289778,45.49006072061077,2.252925241474017,3.275757349092261,1.7042295856717427,18,90,6
4253,61.44540062417477,53.61379694880726,3.9775318525247543,2.4650879684691613,1.6799175146237812,18,91,5
4255,46.34786868112303,44.610259829586575,2.25446772293356,3.4984866894714046,1.6957666415218355,18,92,4
4257,16.380725919820748,13.052857746525287,2.020967008916884,1.992540128455469,0.9500014522947592,18,93,3
4261,20.824132297943244,12.628005551626734,2.0153014084095795,1.9882559316714203,1.6189361609769466,18,94,2
4263,22.127142494646403,12.625179528928726,2.014855437456021,1.999572792895172,1.6589792056960357,18,95,1
4265,17.45530915998414,11.462796138822771,2.01601295143096,1.9713959702644483,1.466057397262516,18,96,0
4267,20.096309819317955,14.669814873687034,2.016781837557893,1.9735165526751877,2.545275282223077,19,1,21
4271,20.530529696550808,10.159724053383584,2.0159486718933524,1.9779063196102415,1.2858106495379154,19,2,20
4273,19.605507267281187,12.747809437833528,2.0165552728134664,1.999505796022011,1.1987487735783258,19,3,19
4275,21.578292345131203,12.859387226194555,2.0160269331983307,1.9998676881173485,1.1565010098893036,19,4,18
4277,21.333411676684342,12.77865014417398,2.015682931257663,1.9942412611094629,1.1280705165955314,19,5,17
4279,18.65094643921925,11.60077882051404,2.015748607797613,1.9887929829692836,1.0437715501249796,19,6,16
4283,21.206691637037263,12.462166006182779,2.016079035961751,1.99394963168183,1.0774797994773326,19,7,15
4285,21.329570135453707,12.68524460660397,2.016783294487201,1.997025505884536,1.0564368442852585,19,8,14
4287,18.615958800969327,12.070917134385256,2.0153368862843237,1.990570708799589,1.0142305887971128,19,9,13
4289,22.131760657764843,12.931744232686027,2.0158427443639826,1.9874243707218109,1.0512022604600704,19,10,12
4291,21.0797561027406,12.53100572898693,2.015178417335196,1.989251737206632,0.9978234653172645,19,11,11
4295,19.66472404691272,12.33551372934191,2.015693117280659,1.9868911872895965,0.9652594420799983,19,12,10
4297,8.914965140326935,7.437341180783139,2.014259088676831,3.45435043151442,0.12387104743716604,19,13,9
4299,22.347809168975328,13.187367445445181,2.017126618248215,1.996058976050717,1.0537955436331563,19,14,8
4301,19.41196098209977,12.73854385905339,2.016129985116996,1.9811242583835047,0.944101349771968,19,15,7
4303,19.074608803884857,12.43174282130699,2.0162046577360044,1.991234767471124,0.937110634181173,19,16,6
4307,22.607671167433093,13.382353818734753,2.01581049777552,1.992352748796434,0.9984288088441735,19,17,5
4309,19.003281636478988,12.300881528020009,2.0160585309963657,1.9960897948919885,0.9050539607020983,19,18,4
4311,22.10154579807187,13.146013541941878,2.0163487950701438,1.9999963944412724,0.9632045423889777,19,19,3
4313,19.702963463668752,12.419820365387574,2.0153902683188014,1.9911540027307004,0.8945065760956548,19,20,2
4315,22.293655276575564,13.214727037699832,2.016217383011093,1.9924291348754952,0.9473130388287343,19,21,1
4319,17.700710235479104,14.106047002561935,2.0138841954536875,2.1766233079901336,0.9412071140306761,19,22,0
4323,19.05864532227174,12.882473241826203,2.014864087482442,2.17499719337362,1.7642316401843998,20,1,3
4325,20.111233999456417,12.442013542177062,2.0155624547698805,2.1911951483218752,1.744559647696314,20,2,2
4327,20.278735817853075,12.067451252934292,2.016192178653311,2.1942759978640183,1.696381841166174,20,3,1
4329,6.935918101259972,5.787557091529866,2.0134497447946256,0.3492816607816715,0.03682057387858585,20,4,0
4333,24.96276210259813,15.239769089136006,2.018766969100753,2.178400890970668,3.027215799957785,21,1,23
4335,19.265522316221983,12.391726056611569,2.016882367193576,2.1918281570306326,1.4716454927582472,21,2,22
4337,18.66332781758057,12.491970904185653,2.016230384723665,2.1945981119604814,1.5044856634710984,21,3,21
4339,19.24741197475352,12.223956310303723,2.0165268325750443,2.1871747097810523,1.461023416537924,21,4,20
4341,22.784422727870645,13.386384235573518,2.017293825164074,2.1918823058659096,1.6583188699967961,21,5,19
4345,13.887369323051947,9.39503756076183,2.014695797616069,0.3203299638987588,0.5275719023094956,21,6,18
4347,17.779357290699473,12.718196082251707,2.0203138964301943,2.184263094213456,1.4810851002501262,21,7,17
4349,22.23552363801744,14.939082954475598,2.0182354363143165,2.1762467490120763,1.5915695451977743,21,8,16
4351,10.434223507755965,7.209330122235992,2.0100328722713914,2.1381406475642324,0.10332837765502978,21,9,15
4353,18.15521296792552,12.119721382650447,2.0132843977975976,2.1260336204243564,0.617041035188097,21,10,14
4357,14.027851994614435,9.057556338502183,2.0132816182317166,2.186548090086204,0.3339162935497415,21,11,13
4359,9.290927916610505,7.604996558081503,2.0120442634592437,3.2123720225635264,0.12373424378044698,21,12,12
4361,9.918067818733402,7.204792493597744,2.014103231474595,0.1970552492968445,0.18083398607411683,21,13,11
4363,19.262784970646152,12.058448732368104,2.017632920268886,0.1927377074618698,1.2776355235657457,21,14,10
4365,10.698614481562748,7.604057088612014,2.0114062797913776,2.1295104990476927,0.13538311547952464,21,15,9
4369,15.425941131175092,10.185710952125977,2.012015024168927,2.199179035422044,0.3639795057725789,21,16,8
4381,16.429874854641657,13.147685384792432,1.9979778414937188,2.691234036028442,0.8633759401071218,21,17,7
4385,16.315701424377302,11.746281905613133,1.9975690832350856,2.694829986819334,1.4211840355746592,21,18,6
4387,15.689005573106092,11.375626826625542,1.99887278060858,2.6969580006046856,1.37365361944625,21,19,5
4389,14.97127576364998,11.242586382966397,1.9980539993077264,2.697283446718984,1.3544965116607626,21,20,4
4443,17.933039751399626,13.521306814955082,1.9904601456447133,2.469359676853076,0.6875440299038832,21,21,3
4447,17.97953483271074,12.329416092737752,1.99003056135952,2.494398109831089,1.3533576984058764,21,22,2
4449,16.976273689395825,11.786163300295161,1.9907652212254523,2.493737690186406,1.2791335008062426,21,23,1
4451,18.15291521418941,11.79177216318508,1.990224766082128,2.484825203522635,1.2649864242106768,21,24,0
4453,20.74350641722436,14.855344209164883,1.9923919648262227,2.481006838176381,2.409736041397775,22,1,21
4457,19.42896460124537,9.407360590589006,1.990655656298888,2.4989144012367213,1.0949540845275907,22,2,20
4459,18.9541455757646,12.00427347710193,1.9928667511122289,2.4909800416005967,1.0356059033297,22,3,19
4461,17.468709072861763,11.420322251577586,1.9902384975692375,2.494677278512384,0.9597595873270179,22,4,18
4463,19.153660408464766,11.80356781146328,1.990706372919536,2.4990630530936326,0.9753033443367041,22,5,17
4465,16.52477794467856,10.939133221658826,1.990986162648124,2.49110131411956,0.9363963809727666,22,6,16
4469,17.11375752268931,11.883224057630693,1.9921565534257668,2.487899627353052,0.8964878528591812,22,7,15
4471,17.63739523383682,11.104558398908889,1.9907118191391828,2.4928843010694406,0.8855069762801835,22,8,14
4473,18.52236923892433,11.406827135294929,1.99014628502916,2.4993609910440835,0.9226601145461356,22,9,13
4475,18.39923327528304,12.198436592525173,1.9918526087146264,2.498094046924129,0.8794090763884652,22,10,12
4477,17.275372082939334,11.825318185585296,1.9915285938625495,2.495501924298458,0.8439866037314976,22,11,11
4481,16.60444518809659,11.835979280716879,1.990859718937767,2.490477437469913,0.8456278409385249,22,12,10
4483,8.422696645654868,7.054471734319081,1.9900013859472847,3.546618065659587,0.12235154338654018,22,13,9
4485,17.682518901037938,12.009985166510232,1.994157229105373,2.491598912047876,0.8321614681173011,22,14,8
4487,16.94512387438401,11.689546036688197,1.9911277842699449,2.4869071541416994,0.8397645515233774,22,15,7
4489,17.545176388637014,11.987366110206718,1.990804461946515,2.499952602276462,0.8335669752021254,22,16,6
4493,18.870237090882178,12.368454802055908,1.990688448137932,2.4997210982004625,0.8226604564961814,22,17,5
4495,16.8501327260127,11.81014948809308,1.9935500054668205,2.491516785323916,0.8010250203771435,22,18,4
4497,18.12397455517185,12.09457421285805,1.993456926596487,2.496222014851971,0.7757932561447171,22,19,3
4499,16.26047891418261,11.79702749942571,1.9932734131292416,2.488325882818304,0.7614933411663034,22,20,2
4501,18.15350870977148,12.079392114792578,1.9937534992241324,2.495715251425015,0.7528916003525731,22,21,1
4505,27.35587045298397,25.318868966701046,4.05918455376202,3.4691133844121107,0.8536211530154705,22,22,0
4506,39.16298653238707,32.14277785992152,2.015537581193984,2.4757677568281857,2.0467027976309904,23,1,61
4507,31.874973194517526,27.09775038276125,3.198987575208708,2.889683954632841,2.0695847219039996,23,2,60
4508,39.2462026826329,32.29307515705474,2.0149020169266376,2.35152551190002,2.036565727155805,23,3,59
4509,32.149172607204065,27.24330950353038,3.218414661139416,2.902852620346504,2.066488014878597,23,4,58
4510,38.999202460252846,32.24414709253608,2.014434345552428,2.440479715106544,2.0247293324555025,23,5,57
4511,32.01707420321111,27.173138796303842,3.292338720611327,2.954283687556596,2.054292104121508,23,6,56
4512,38.84362777186652,32.14711742429942,2.0142051662535234,2.479155853900392,2.0132866329706425,23,7,55
4513,31.92107046426389,27.058181783567154,3.3364609367943845,2.987838916965929,2.0421147286735906,23,8,54
4514,38.97798888258284,32.06687277315468,2.013995769332238,2.280187848173442,2.01193411208748,23,9,53
4515,32.03240226041504,27.010664589975644,3.3137967168040245,2.97043974861278,2.0455350146719304,23,10,52
4516,38.83989920742278,32.03447836207717,2.0151519685741275,2.4392842568466446,2.0252745663966842,23,11,51
4517,32.00263278190103,27.092063790042364,3.3744527275705107,3.008689176717321,2.031732731558034,23,12,50
4518,39.04610837498471,32.11157496697371,2.0145081864690626,2.2812068449406446,2.0244845012390646,23,13,49
4519,32.2043613029437,27.295000789108386,3.351699173864526,2.998519886214339,2.0195657309030044,23,14,48
4520,38.87507521022778,32.112576242471775,2.0146816699579064,2.366410527029613,1.9801685861266676,23,15,47
4521,32.08909051113987,27.231094729512908,3.3881796770645662,3.0207768260705348,2.007966612252574,23,16,46
4522,38.7260539826455,32.03566207329278,2.015071955488147,2.436020049578708,1.9681661764334246,23,17,45
4523,31.997731444743632,27.153987730434693,3.411369813597988,3.0390725721586085,1.9980737675041316,23,18,44
4524,38.98629728904917,31.99527968872302,2.0155176072270926,2.1864377487643725,1.9685225510059057,23,19,43
4525,32.16534007453746,27.145539720170813,3.383890030675812,3.0195588850622266,1.9988832320087995,23,20,42
4526,38.65978861919643,31.874127571841353,2.014079047237871,2.3406023605912454,1.9568576537310198,23,21,41
4527,31.93681506588346,27.105127508769446,3.429242732135411,3.049543603683721,1.98230731638951,23,22,40
4528,30.352216278441432,27.100618830315568,3.877677512722722,3.3621186037175903,1.7284690992892457,23,23,39
4529,38.84979195732924,32.120959708576166,2.0134697854511865,2.4263021374140443,1.9347505044841131,23,24,38
4530,32.18060237026164,27.34643005152544,3.4683026218266377,3.074752946320282,1.9610953586693718,23,25,37
4531,38.75128344015104,32.11021168908644,2.0148749194363664,2.475369770000704,1.9232799539368028,23,26,36
4532,32.076511477048484,27.13044941257913,3.4889576433629683,3.084831793593397,1.9575006995371151,23,27,35
4533,38.76853764058789,31.989061278918154,2.0144081790374893,2.342364523655007,1.9231418479471192,23,28,34
4534,32.07848903390586,27.16494621497475,3.4845820081431578,3.07803209783664,1.946701106297334,23,29,33
4535,38.84686112344348,31.878814448635442,2.014472686005532,2.188400081882664,1.9123037750088223,23,30,32
4536,32.105341901779,27.122265060515833,3.463742687641832,3.070798895292604,1.9360658601075607,23,31,31
4537,38.8658897816528,31.767450711024402,2.0146756268214814,2.1206980945954057,1.9004733636832007,23,32,30
4538,32.085857911982885,27.091186922536306,3.4648259352010413,3.073146565986219,1.9332526075302616,23,33,29
4539,38.647578733807656,31.78991634963658,2.015931347705288,2.369981457799298,1.8894418521024605,23,34,28
4540,31.9088312502423,27.064754224863968,3.499632013614532,3.097164157179916,1.9146189235724498,23,35,27
4541,38.79218188173866,31.82883467218067,2.01432419683381,2.247991649924625,1.8787595848221554,23,36,26
4542,32.042697066607694,27.096833265509154,3.4835006927291863,3.0902358811238777,1.9097392231922623,23,37,25
4543,38.77022223929529,31.890449470827843,2.015920256743369,2.4115317107898875,1.8732149840310968,23,38,24
4544,28.597753861232963,25.621036972906786,3.80848063973618,3.298044789887601,1.8953922525074667,23,39,23
4546,37.54320599748628,31.51177053595285,2.0202081897757225,2.203355846859377,1.990949629313217,23,40,22
4548,28.99993909131056,26.018916084630686,3.3106686864075936,2.9623560721618856,2.0241571405896197,23,41,21
4550,37.90362577530197,31.874488497680712,2.014116181004981,2.35887751155593,1.9689347035586928,23,42,20
4552,28.95476707836872,26.11363000720855,3.425996614065579,3.038201994743769,2.0037404156404626,23,43,19
4554,37.6701605139887,31.53911453638972,2.014039356997488,2.218672914041916,1.9571028081380615,23,44,18
4556,28.573880662844974,25.760828939548123,3.4762145944957377,3.074718038034267,1.9861773950641646,23,45,17
4558,37.34166959188387,31.220866832188786,2.014851230713757,2.339723057947995,1.9356074980404325,23,46,16
4560,28.35410437907863,25.50924394673222,3.521092520859217,3.1166539987988418,1.972326581061997,23,47,15
4562,37.28979017254232,31.119005145018026,2.013606338093071,2.399750820894273,1.945981133142164,23,48,14
4564,28.29238390325409,25.50074158941563,3.573693724067037,3.145175850676279,1.9467337528632147,23,49,13
4566,37.16794481484507,31.033244078156734,2.014324216253238,2.491410879472442,1.9014079305530798,23,50,12
4568,28.21188042033004,25.447454039996355,3.600475741470342,3.165288926552873,1.924353476241612,23,51,11
4570,37.51577848501052,31.001249222460967,2.0138293357975146,2.1387303309558976,1.895507704327033,23,52,10
4572,28.181745758886848,25.351655963419258,3.5916260454245297,3.1585999408445216,1.927608973849876,23,53,9
4574,37.24165964092258,30.92143474404136,2.022139165928567,2.346064498302046,1.885139749897619,23,54,8
4576,28.07594911930376,25.2638879248557,3.6158836080589976,3.180078785782813,1.9094516746717545,23,55,7
4578,37.27233216178077,30.929360248207214,2.019521715890847,2.327337743316428,1.8727724718465881,23,56,6
4580,28.099632347736115,25.323443940163475,3.634273988175265,3.187272499172172,1.8901553939778828,23,57,5
4582,37.2071345030198,31.00810965793079,2.0145859231710013,2.486311723336632,1.850825166359206,23,58,4
4584,28.15103439695118,25.304305905815063,3.6429691233258272,3.2020554560840377,1.8844508029627145,23,59,3
4586,37.49607769896255,30.96779499306422,2.01454229289152,2.292166351092089,1.8740751609970479,23,60,2
4588,28.39475478203679,25.322091423663814,3.767495726995562,3.2786859289990598,1.8728148656633616,23,61,1
4589,23.941020332727746,23.820842661804228,4.480833764270697,3.77264930301967,0.04762764702317159,23,62,0
4590,37.25007396118109,31.10097217303459,2.015096988943597,2.434300686181212,1.9302725535450327,24,1,274
4592,28.482333092467396,25.536564067789637,3.5040748331325484,3.109376341232461,1.9209859596926564,24,2,273
4594,37.39699052067588,31.307368922041046,2.0246589334484746,2.472619908000758,1.8903755105957254,24,3,272
4596,28.58710834674342,25.56741667631952,3.56856401225435,3.1626443017597925,1.889561355482824,24,4,271
4598,37.2852066420257,31.131339987164562,2.014540253971324,2.403422072720937,1.8687043585221015,24,5,270
4600,28.29401082840092,25.15735403314838,3.5974004749593367,3.1806077746197734,1.873388558573749,24,6,269
4602,37.080390421974414,30.828713779105055,2.01409107585058,2.4006679782182205,1.85263037020511,24,7,268
4604,27.970800137688457,24.989538945227892,3.62371434929092,3.192399897100915,1.8464867255102846,24,8,267
4606,36.98024266357476,30.761533072057244,2.0132183154407977,2.3194299432177345,1.8318592092700148,24,9,266
4608,28.158791899243404,25.180745399490828,3.6170718429558018,3.1982284720629224,1.8404870942060845,24,10,265
4610,37.59874124546701,31.303056929415803,2.014277570695985,2.340173173498008,1.8268835356265334,24,11,264
4612,28.40104385792931,25.292235216630523,3.6184452044994417,3.2055381729712327,1.8275766007178813,24,12,263
4614,37.33680914521836,31.06432144678013,2.014866249205715,2.382960351080877,1.8105214250184154,24,13,262
4616,28.13223109806821,25.12354763553037,3.636268181299368,3.2128516923673693,1.8084572416385079,24,14,261
4618,37.39499820465976,30.96654665282149,2.014036681172477,2.351855540704836,1.794452250569754,24,15,260
4620,27.966969935040385,24.845898768603192,3.638539734633463,3.215181387752541,1.801383510362728,24,16,259
4622,37.35233964342659,30.826455697992966,2.013562007420154,2.3535104841115886,1.7844571245971874,24,17,258
4624,27.75957410527405,24.745480280733183,3.649826602701682,3.221237182213611,1.787086665630926,24,18,257
4626,37.58677381866742,31.080769482413952,2.0146073733834746,2.3948058223938364,1.7737266783224712,24,19,256
4628,28.315119077831064,25.29969472858799,3.657921068644745,3.226823142796513,1.7745050484310951,24,20,255
4630,38.20704456989348,31.69428781742534,2.0156412315711094,2.4418858444380294,1.7635421946147194,24,21,254
4632,28.759435057679752,25.719099276376973,3.663250342263088,3.232468571687962,1.7631023701501227,24,22,253
4634,38.340431886092745,31.875581783696685,2.014135597110891,2.391848815367812,1.7527224316529635,24,23,252
4636,28.681906125997056,25.607949607087512,3.662848620046153,3.2329595469160965,1.7530387092584507,24,24,251
4638,38.521539672721865,31.543288143901563,2.013918427729744,2.3166154227865463,1.7712668853166194,24,25,250
4639,28.544862281131994,25.15239521946869,3.7793272762446426,3.3056995710837054,1.7796542977619254,24,26,249
4640,38.03707160241571,31.420983409991024,2.0164764928559697,2.4110989960643794,1.7793486320201701,24,27,248
4642,28.227586320387815,24.956784398728235,3.652499186899819,3.224144518665935,1.7815611077552853,24,28,247
4644,37.9342856877206,31.15837149963786,2.014424639912736,2.4510125175432287,1.7470274349833859,24,29,246
4646,28.067108057487324,24.845753514136497,3.679516067662332,3.23786714300843,1.7472715338139853,24,30,245
4648,37.88470784051604,31.156614216998822,2.013684034338365,2.471216186082459,1.7265534634619577,24,31,244
4650,28.067128360555888,24.759253545817227,3.6818257982073193,3.2415481964497013,1.7330062812565004,24,32,243
4652,38.065368726791895,31.206611383963256,2.015243276008703,2.470968641396993,1.715622686224313,24,33,242
4653,28.576958595190668,25.385815273810298,3.852084607245219,3.330498374198485,1.7181103053145985,24,34,241
4654,39.788440481350335,33.61169282822636,2.014822027548639,2.4288023941361625,1.8370184167679948,24,35,240
4656,30.7089708928189,27.380478585615847,3.4977976183423696,3.108769944962185,1.857893238002943,24,36,239
4658,39.21290317800791,32.85630077141311,2.014147642384201,2.3551430866643166,1.8215641861193277,24,37,238
4660,30.106699115532894,26.646363956512182,3.5812607098712266,3.1705581489494783,1.8210149183856523,24,38,237
4662,38.66937823121345,32.210981559158874,2.013545732341586,2.365933525789291,1.7891456290974868,24,39,236
4664,29.363372970921308,26.100358589607755,3.6189003007560414,3.198666493757404,1.781156660020605,24,40,235
4666,38.5170065164806,31.965090081650274,2.0143501433980724,2.3481961394586457,1.7579731427659742,24,41,234
4668,29.053108404174974,25.64945648353055,3.638074413695663,3.213288865470046,1.768504706120673,24,42,233
4670,38.29250529949152,31.744801840189538,2.013955993405398,2.46945948630322,1.742411303831327,24,43,232
4672,28.824607780532247,25.593485336928943,3.665907694313529,3.230487674099927,1.7379203234562912,24,44,231
4674,38.52091685291118,31.876564068962466,2.0143598768040447,2.4666715880697576,1.7213372648582925,24,45,230
4676,29.04334125546153,25.80802143843077,3.6728332803135753,3.2367317080665323,1.7252078618104913,24,46,229
4678,38.95436345473558,32.24289319481841,2.0146981664689427,2.448293126278513,1.710809502066335,24,47,228
4680,29.041516878949157,25.690981294880913,3.680117211757426,3.241348430901042,1.7133465273459727,24,48,227
4682,38.73136385469604,32.07305565938816,2.0150505202774576,2.4745215382882586,1.695322722323797,24,49,226
4684,28.954766991435346,25.577958645380267,3.6817868852101214,3.249643836500577,1.6997638970329363,24,50,225
4686,38.74827601131975,32.030140929891196,2.016431910751689,2.469127855241356,1.6847468431795718,24,51,224
4688,28.82776402185161,25.46098104903186,3.6937410845811742,3.252714889471868,1.6857824232221659,24,52,223
4690,38.84227056628921,31.984935871368258,2.013961242413253,2.4177173347922416,1.674069028883379,24,53,222
4692,28.786886386344246,25.436993851892336,3.686688184656638,3.252539866604192,1.673689212599851,24,54,221
4694,39.22138199620832,32.23677365476226,2.0142789765419598,2.3775131079338427,1.6644759827403508,24,55,220
4696,29.207075464293982,25.938054463156547,3.6892686004043433,3.255601614126972,1.6652168234433142,24,56,219
4698,39.46651089916252,32.56097148037261,2.0170700253976435,2.443723814618984,1.653420335536575,24,57,218
4700,29.18554105903438,25.848663621482324,3.693360425502832,3.258534264087611,1.6547534163622186,24,58,217
4702,39.352653481724175,32.48984985901219,2.0153270924031044,2.4324278256917147,1.6424684803257832,24,59,216
4704,29.094562723441733,25.889479643087075,3.6978868847367,3.2615100283702536,1.6349303060429285,24,60,215
4706,39.31890647034385,32.42612199208859,2.0264444143525524,2.494085641889116,1.62220696889282,24,61,214
4708,28.972067174585955,25.70387833670803,3.712131968764991,3.265132034578369,1.6269456560792486,24,62,213
4710,39.47196886600465,32.29984271249387,2.014269976996697,2.382347172890769,1.6168547651180512,24,63,212
4712,28.849413778690614,25.559248674341752,3.705504506616076,3.264211000192049,1.6217192595576966,24,64,211
4714,39.74009698783903,32.610757585145336,2.0248983473305704,2.406668297987779,1.6123439203975136,24,65,210
4716,29.329113559805148,26.033525396777186,3.6967905925504496,3.267944828089001,1.6153893837071327,24,66,209
4718,39.03600072360686,32.25699351958767,2.0134062122749032,2.4204142690378765,1.6009508960827088,24,67,208
4719,29.1760417215532,25.992986590762236,3.686722131337808,3.2544469533294,1.6042055252397798,24,68,207
4720,39.16106395962828,32.47193402838835,2.014898941623113,2.4507845245525197,1.5962648834533302,24,69,206
4722,29.06181349745949,25.919135612812614,3.705916068394221,3.26988397989094,1.5911872585582059,24,70,205
4724,39.20051799483514,32.40219271195366,2.014097659688176,2.393032881923072,1.580471927962659,24,71,204
4726,28.902663443706384,25.692906565192622,3.710772416523735,3.2702997833218324,1.586613846519248,24,72,203
4728,39.15878418316098,32.30987415652578,2.01648199199959,2.3938995980718403,1.5746836978058925,24,73,202
4730,28.83769850148563,25.652455059158342,3.708882263474569,3.273667148356388,1.5750489432991286,24,74,201
4732,39.18225956809825,32.35440526839345,2.014359351341952,2.4373294683003053,1.5645634506395365,24,75,200
4734,28.8794927672878,25.71736135777053,3.713920244633497,3.276020013972198,1.5655588560400082,24,76,199
4736,39.38159156766375,32.4731363791227,2.016181081460114,2.3705330061374523,1.5593688691930068,24,77,198
4738,28.950383897583738,25.864876174531357,3.713906926144234,3.2746012476426976,1.550419707607746,24,78,197
4740,39.44712875501599,32.52334649341759,2.0224281819207026,2.351294851260762,1.544008175446032,24,79,196
4742,28.9326271382961,25.698809219589723,3.71082078732564,3.273166250805281,1.557914285971521,24,80,195
4744,39.40950590627068,32.518264823491045,2.015670909853089,2.436845595522602,1.5435556143394842,24,81,194
4746,28.908083251448843,25.687446717455636,3.724022582751752,3.27892491810025,1.545656573306035,24,82,193
4748,39.48443326993031,32.5437072434024,2.0154336980599203,2.39030487147494,1.5380705119141083,24,83,192
4750,28.89162012676732,25.67540034504107,3.722022314193328,3.2778793040923904,1.5390454575236716,24,84,191
4752,39.4416762582387,32.56222309600736,2.014176241235146,2.4892160721496315,1.5279879708209352,24,85,190
4754,28.906891490587697,25.668763538927504,3.7240786297616295,3.282528323487574,1.5304542755975101,24,86,189
4756,39.53866201326228,32.58978020040808,2.0151247064734266,2.450611393803655,1.5227316456556497,24,87,188
4758,28.8649994753146,25.63377638855461,3.7249541026012265,3.2821691530410773,1.5240711840825218,24,88,187
4760,39.5867547936938,32.57089563557426,2.0150071612077523,2.4111946043456745,1.5173692930206069,24,89,186
4762,28.79786265611228,25.625938785360578,3.722659239469784,3.2821563112618954,1.5160567441204849,24,90,185
4764,39.49975288442087,32.537854347094196,2.0158858292130217,2.4609139768640715,1.5068909540441695,24,91,184
4766,28.740807964185244,25.457904643596315,3.712600725039648,3.2846723040099906,1.511318019554419,24,92,183
4768,39.9686395722832,32.656450905205084,2.0170367841185635,2.378420264362521,1.5062638808897746,24,93,182
4769,29.03089109050934,25.836963360909557,3.75500778976295,3.315305037032042,1.4898897798598172,24,94,181
4770,40.42668250871336,33.180785234653264,2.015207980747731,2.3844697219937414,1.5488388153619477,24,95,180
4772,29.11199322326797,25.705316618203263,3.716582819664721,3.276447092572885,1.5578487464526694,24,96,179
4774,40.02451449021777,32.71220835503141,2.013340550431054,2.448639661640692,1.5174748645766736,24,97,178
4776,28.54802205868628,25.199061438892777,3.727192287204725,3.2826435724173706,1.52510015111682,24,98,177
4778,40.02167483360719,32.543943889007906,2.0143052426244057,2.362869757217078,1.5073692774128393,24,99,176
4780,28.44053977537628,25.244891582118854,3.7178619152316905,3.280494727674232,1.5058864545221935,24,100,175
4782,40.07821178158415,32.6655410721976,2.01522796444188,2.479712742728869,1.4916662070632016,24,101,174
4784,28.73984325523221,25.478299525410506,3.720350259623432,3.2862606278339714,1.5000593660660781,24,102,173
4786,40.56578932835109,33.160922870564626,2.0164424024266667,2.460990256984241,1.4918878140919223,24,103,172
4788,29.323806526810927,26.03924515455654,3.719659818097472,3.288103063162418,1.4945458137473555,24,104,171
4790,40.75221353269305,33.414445545408455,2.0141732645976056,2.4794507375590507,1.4866661982216098,24,105,170
4792,29.28336283016691,25.97604259369371,3.7361043865059695,3.2864892242104498,1.487213193404979,24,106,169
4794,40.71162611325717,33.3541679486525,2.014533312293864,2.421513989921717,1.4809067710327544,24,107,168
4796,29.144799251099133,25.919206758618333,3.7314326696173294,3.28561007295432,1.4770992669240341,24,108,167
4798,40.58721297402195,33.13634596100404,2.0150807231044525,2.392798962354417,1.470326932936196,24,109,166
4800,28.784111097347363,25.445615862630405,3.7359698146172473,3.2832134531371557,1.4773068946244228,24,110,165
4802,40.37035790264624,32.92241762841388,2.0151017082510445,2.410475236770924,1.465344540300074,24,111,164
4804,28.679483623785192,25.395678108430275,3.736570486434117,3.2849485831676315,1.467852219660383,24,112,163
4806,40.667923693760464,33.20338483123576,2.015773418279684,2.4915333699239977,1.4606132131193796,24,113,162
4808,29.19580828168184,25.907732220074237,3.7308436109738663,3.29127899623165,1.4631845073214778,24,114,161
4810,40.99035688395247,33.533950654066935,2.016566183590645,2.444861994529003,1.4603718106284507,24,115,160
4812,29.37304931450116,26.05226931839347,3.730299452682005,3.2913541777932447,1.4628528286926172,24,116,159
4814,40.99774402817452,33.5767934055627,2.018144057635402,2.484075539808225,1.4550578556129818,24,117,158
4817,40.77265883698999,33.224088400657315,2.0143333289759338,2.479017302613424,1.6069734834474942,24,118,157
4819,29.14752722153641,25.93431372564645,3.783602805806672,3.313706111247205,1.5074462647226134,24,119,156
4820,40.52220493430463,33.37083344726966,2.016338466932382,2.4820670710190385,1.5596829639731993,24,120,155
4822,29.818832673562348,26.51775579342402,3.7334837603402944,3.2844122662863158,1.5594126196189984,24,121,154
4824,40.57746834859555,33.43366634309322,2.0145951136219598,2.452449045714353,1.5280524986410895,24,122,153
4826,29.655105623519365,26.296792336298168,3.7456372760155343,3.29263531890526,1.531252501215966,24,123,152
4828,40.516963879873735,33.28676739403043,2.0144018884289827,2.4198491932573414,1.5123119806040248,24,124,151
4830,29.39030853998228,26.03904064199693,3.753407683849187,3.2936425274094803,1.5139762670464267,24,125,150
4832,40.34325381638243,33.14347737377552,2.015270624937178,2.4706823501191706,1.496489204117284,24,126,149
4834,29.20547768157913,25.90252654964816,3.7589381052953175,3.297524952446949,1.4964453759932768,24,127,148
4836,40.39341126895154,33.11021541795579,2.015800833534411,2.413759774558071,1.4864398791091686,24,128,147
4838,29.15321664867148,25.877092731363224,3.7456212649020735,3.2971122960076675,1.4869651036229705,24,129,146
4840,40.46341487442664,33.18991802149879,2.015384828991305,2.4562499847243027,1.476194495305401,24,130,145
4842,29.22524462438927,25.93141642274133,3.750365620802588,3.3000869841605884,1.4776549281989553,24,131,144
4844,40.5818264138806,33.26265398635676,2.017707476586292,2.401794655879554,1.4704983947284573,24,132,143
4846,29.2158057011926,26.008428132103052,3.7574072516860855,3.2982282177754296,1.4672703537593765,24,133,142
4848,40.61670777074496,33.299978841087025,2.0198780169470747,2.4087687236133317,1.4603098506210614,24,134,141
4850,29.22328146275053,25.9304594999863,3.763946782178309,3.298656614783053,1.4646886025235586,24,135,140
4852,40.63164766168104,33.31663547841367,2.0197856871193367,2.4308118485818704,1.45479251771015,24,136,139
4854,29.231872906886423,25.947381066960602,3.762720455293621,3.300089635477575,1.4560873679672557,24,137,138
4856,40.74323383889164,33.39150630507064,2.015287001210607,2.398886415333129,1.4498337715163376,24,138,137
4858,29.272600835493,25.97159894270595,3.752675025373125,3.299869457743646,1.450923525835105,24,139,136
4860,40.81715493531611,33.41522427488497,2.013949066691416,2.3814379490849835,1.4446620815753788,24,140,135
4862,29.24185694673003,26.033603358388206,3.755317908269853,3.2997744701611627,1.4427757073671108,24,141,134
4864,40.72877617289365,33.39690850726103,2.015065571425412,2.459885297095542,1.4338689055929381,24,142,133
4866,29.20398617248468,25.90982967799584,3.763354669678761,3.300219089371757,1.4387995662064443,24,143,132
4868,41.45494452672042,33.73731993653,2.0151971595728613,2.4007285025453995,1.4393596890702223,24,144,131
4870,29.530053408982685,26.41227975974544,3.7551825062891337,3.3087416652324677,1.4306682185998174,24,145,130
4871,41.39678877103747,34.08965316576344,2.0180838913239434,2.472830716079143,1.4656294419557323,24,146,129
4873,30.003136543658723,26.686445558767225,3.760096811017353,3.3025322242204087,1.474066285499795,24,147,128
4875,41.36669473718026,33.9987286593769,2.015157068463395,2.467318928642863,1.4449647347904266,24,148,127
4877,29.808177657882982,26.606458183179758,3.753802179206464,3.305263677487701,1.4419263959197568,24,149,126
4879,41.37787352037061,33.907397114007345,2.013917344838714,2.3692462667541,1.4337081215345788,24,150,125
4881,29.64273803651614,26.340043075472312,3.7552040488098095,3.3014087695778023,1.4385090449885616,24,151,124
4883,41.14095609169821,33.70518417605219,2.026182069042455,2.4482618595124874,1.4231960953793916,24,152,123
4885,29.424227040099296,26.10257345827895,3.751361742414546,3.302169236500692,1.4285960006272467,24,153,122
4887,41.2168813199875,33.7458832944166,2.01548065880372,2.4598632768748825,1.4183842067789225,24,154,121
4889,29.528181634019152,26.41341494885895,3.752342181589959,3.30216118095718,1.412482571116003,24,155,120
4891,41.40391881889191,34.01657212624259,2.014398878088724,2.497869764845928,1.408647489428361,24,156,119
4893,29.84144132106904,26.58456875391784,3.752726383746223,3.303253571552704,1.4158103425546338,24,157,118
4895,41.58657133119858,34.175023374593785,2.015379938834276,2.472236707252471,1.407965407022414,24,158,117
4897,29.81401566030922,26.46196190140926,3.752396012919458,3.303313630472931,1.4100062790771903,24,159,116
4899,41.43504077863728,33.976109677640174,2.024938600791225,2.427874990476308,1.4027609776931165,24,160,115
4901,29.43243893119,26.121216404378323,3.75349487649704,3.301747522279584,1.4032076101664004,24,161,114
4903,41.37436880579148,33.84150372451663,2.027018156432659,2.427590520023505,1.3973651022208544,24,162,113
4905,29.526379105226304,26.409310711304133,3.749528280453157,3.3021979348725896,1.3908139939358488,24,163,112
4907,41.66477948989921,34.1008464215818,2.014779909755338,2.37337869163978,1.3923928661516176,24,164,111
4909,29.785784828098866,26.554432319974733,3.75004525139233,3.3024101704423128,1.3996417551151457,24,165,110
4911,41.81816829502593,34.34663683304219,2.0151111715849144,2.4248604132549767,1.3921283985955233,24,166,109
4913,29.938016224006763,26.61726658220038,3.748634694316248,3.3022283025983,1.3939365239954786,24,167,108
4915,41.68664700078119,34.216231530637586,2.0151664181090267,2.426962848243194,1.38718961360724,24,168,107
4917,29.71578473466076,26.399750319384214,3.757400208385372,3.3021701395111345,1.3880083462318262,24,169,106
4919,41.565382893773936,34.041617020161176,2.016248522283907,2.417287750352038,1.3816435642879072,24,170,105
4921,29.466865883379437,26.124475808397165,3.755391679695696,3.3006994767472846,1.3826031186457675,24,171,104
4923,41.46394809540406,33.890212870710734,2.015018401452086,2.4185087281747166,1.3767680733904994,24,172,103
4925,29.44903955010477,26.26020263178304,3.746824939816289,3.301645636776092,1.3749731604022921,24,173,102
4927,41.6123634180086,34.116762412437,2.014808414619914,2.480937393224248,1.3715997399506397,24,174,101
4929,29.801856124521297,26.670370279195048,3.74663240885026,3.302014761306187,1.3699560368269863,24,175,100
4931,42.0075404495327,34.49049358941505,2.014994164220888,2.4078214169511205,1.372035215805313,24,176,99
4933,30.13644300471175,26.950570586809867,3.7548981889793303,3.303240846755316,1.37234354463844,24,177,98
4935,41.61679232360952,34.23744800906639,2.014889154962298,2.433234589649132,1.3976672133129613,24,178,97
4936,29.904596866451254,26.724546900957048,3.7524398308967344,3.305883574157327,1.4122526348047746,24,179,96
4937,41.80245062827161,34.41428886050454,2.021897889619746,2.440822893388958,1.418542004032935,24,180,95
4939,30.096384008359824,26.742962123720645,3.765024779245602,3.304878852070063,1.4194185517777305,24,181,94
4941,41.653004783464006,34.16445180476377,2.013990107965066,2.396078253891397,1.3973979029514154,24,182,93
4943,29.633427106758724,26.311611774381017,3.7581799935246383,3.304375893859719,1.3973904483907218,24,183,92
4945,41.36061809844917,33.877146811272176,2.0141794769710484,2.449306948268824,1.3817286028195048,24,184,91
4947,29.36231857880349,26.06284845842712,3.7612193870724,3.3018889696032825,1.384507960062897,24,185,90
4949,41.42815616511055,33.839566254190565,2.014245767720947,2.384185417166802,1.3760293127381156,24,186,89
4951,29.30429017195157,26.03827333584997,3.760569761635239,3.3019673787364305,1.376259488018439,24,187,88
4953,41.343265645039,33.818304796930946,2.013969299900083,2.4440756213040964,1.3659937664496005,24,188,87
4955,29.26647234925969,25.982571679078095,3.761798186882574,3.3015267018387213,1.368149853184393,24,189,86
4957,41.38118673567723,33.812621135472135,2.014779898380345,2.4296014294774677,1.3608521741120891,24,190,85
4959,29.274547562511103,25.98889751886105,3.751114478494223,3.3013445572178477,1.3621997554425456,24,191,84
4961,41.378450473707446,33.79894614410012,2.014211676143238,2.41022288115442,1.3556374972983631,24,192,83
4963,29.17342792067648,25.873817245148032,3.755937244233402,3.2997787610882314,1.3578706482943115,24,193,82
4965,41.306600641009794,33.702723745621576,2.0146307921789908,2.4098927032454966,1.3499332072349146,24,194,81
4967,29.05326191379302,25.86672557850644,3.764214981537595,3.299793545481923,1.345320864451083,24,195,80
4969,41.20408103671912,33.63562651984647,2.013369705800471,2.453938411405305,1.3393616664896304,24,196,79
4971,29.01835096054261,25.77918241614055,3.7643913523639103,3.2986596717827004,1.345606514106142,24,197,78
4973,41.32955629442644,33.690724061796516,2.0139825284473383,2.3940396792395253,1.3401963092185816,24,198,77
4975,29.05108553590188,25.779594856251975,3.771163058505037,3.298883819023501,1.3439395421344436,24,199,76
4977,41.300370296451625,33.71317033815573,2.01389215215322,2.45134737470238,1.3346417992040758,24,200,75
4979,29.033598285442057,25.739149646920637,3.767879659334081,3.2994453060638134,1.3370313727648662,24,201,74
4981,41.2436462295636,33.65376593260612,2.013710255019385,2.475014603796582,1.3290572326952677,24,202,73
4983,28.95340251429801,25.68008908964709,3.7623165002978114,3.2999025261115977,1.3310153615352773,24,203,72
4985,41.36464929786556,33.983578066068176,2.0145340492151043,2.4569179775419294,1.3343651261849259,24,204,71
4986,29.214892256060573,26.173174882929104,3.7745278082743177,3.307842656052423,1.3412939442866827,24,205,70
4987,40.89285784811417,33.816348135475515,2.01382438347875,2.438240626221148,1.360873808489467,24,206,69
4988,29.67320643675769,26.412927199212106,3.773416650845095,3.3055297993253854,1.364446915498468,24,207,68
4989,40.652964511118334,33.60692030225909,2.0133154561700204,2.4946397780995584,1.3394377678574836,24,208,67
4991,29.182521926296022,26.01498124223845,3.7775445664037823,3.3010107898362406,1.3411189185118093,24,209,66
4993,40.58410707337388,33.47350597721994,2.0139168871011672,2.4367455144223555,1.3287666002211338,24,210,65
4995,28.958962550469156,25.743698100268983,3.773806719518293,3.299499283842209,1.3318683656161117,24,211,64
4997,40.322783635307104,33.20917872762011,2.0142276812428177,2.485868996808533,1.318653201380414,24,212,63
4999,28.86335897061623,25.849366387166373,3.7659976981313297,3.300640608510676,1.3196408242361086,24,213,62
5001,40.78032921971219,33.58088963686094,2.014080368444908,2.395755020190792,1.3191009682587322,24,214,61
5003,29.24054616758047,26.160906049591357,3.766464220689704,3.3014523020307163,1.3228696991414346,24,215,60
5005,40.85731522464202,33.764008619560336,2.014831579693271,2.4504684570147006,1.3137391419694107,24,216,59
5007,29.27378233667616,26.149674507929515,3.7695784683360736,3.3017135841297534,1.314397974297511,24,217,58
5009,40.74860220857894,33.57003564415372,2.014857985605384,2.3942028718004007,1.3082852203397821,24,218,57
5011,28.967053882242595,25.88741440866421,3.772696541391716,3.2997696570652626,1.3079547890669485,24,219,56
5013,40.47227623020844,33.272050895552354,2.013906118562721,2.4303844034459368,1.2980105432452618,24,220,55
5015,28.663710651492863,25.497625818790677,3.7717136551873134,3.298725121814035,1.3044856462084087,24,221,54
5017,40.28187574900838,33.12740933210319,2.01480412850878,2.4755630989048205,1.29271674890541,24,222,53
5019,28.64444622823316,25.5837511055969,3.7729149181527832,3.299455252020041,1.295231312425075,24,223,52
5021,40.637565231244686,33.439116773449626,2.014522533445452,2.446712151873903,1.2927526254102126,24,224,51
5023,29.000180627198866,25.901434373433876,3.763320626966718,3.3003894787191608,1.2952835891179624,24,225,50
5025,40.64243349478575,33.482874768414376,2.0149438038428857,2.4607112018206894,1.2876062525418415,24,226,49
5027,28.850541540719945,25.812500717956773,3.768968092746883,3.300733298984257,1.283512095982499,24,227,48
5029,40.38713367022122,33.22136307064441,2.0150039133931816,2.46197885229738,1.2771907331177363,24,228,47
5031,28.54442368993556,25.418015652812915,3.7650021548950647,3.298760924440085,1.2846233502370228,24,229,46
5033,40.15316398972329,32.985627389014255,2.015129426588159,2.4999079970509284,1.271594362996909,24,230,45
5035,28.312507797337528,25.184158283341244,3.76625461075654,3.299608040225267,1.2747901724973039,24,231,44
5037,40.26211669866818,32.970182781539556,2.015749061229573,2.4061574188511727,1.272051977903845,24,232,43
5039,28.41096041777917,25.35578191720396,3.768062041882733,3.2991534317207654,1.2765878428263688,24,233,42
5041,40.65437976632703,33.31018716138479,2.014223314502266,2.40921365026611,1.2719850717832044,24,234,41
5043,28.710913065629946,25.68149669765411,3.769314017160631,3.299412629580261,1.2682924704703233,24,235,40
5045,40.41021687551566,33.23406652671602,2.016335249580649,2.4705399687343235,1.2616158782805698,24,236,39
5047,28.66950429176209,25.591813739883985,3.774311795673955,3.3001197034334897,1.2676531202490295,24,237,38
5049,40.49521984011741,33.117656712920734,2.01499403966668,2.4996841687041944,1.2669575254883128,24,238,37
5051,28.564337059732743,25.497613624329293,3.8207854425526673,3.32694960185412,1.2632813231093256,24,239,36
5052,41.357879741754175,33.784170366860046,2.0181368086516467,2.4839695531514434,1.3033465580435102,24,240,35
5054,29.13293364894342,25.84421874752408,3.779504953592612,3.30255370190612,1.3098764319512153,24,241,34
5056,41.37902988743146,33.806439563441614,2.014277449216773,2.4675402264113453,1.277082553212368,24,242,33
5058,29.0281267827944,25.742753320720922,3.783566014109638,3.302315430096961,1.2808028779460496,24,243,32
5060,41.20920760771975,33.63735785291911,2.0138128429431967,2.4946438160388325,1.2615517243518672,24,244,31
5062,28.824446138646483,25.638392621114672,3.778045283866205,3.301218734332336,1.260224011328026,24,245,30
5064,41.20630554355683,33.58195933847606,2.014917756386988,2.4577382116375843,1.2509034328816129,24,246,29
5066,28.73861109020366,25.49563276443761,3.7844105060535296,3.30077947337082,1.2555182553159336,24,247,28
5068,41.28239317323536,33.56245583951572,2.014930078850297,2.40986495422137,1.2457801096939924,24,248,27
5070,28.66945729023269,25.428938070318736,3.783966177604957,3.3001076045445026,1.2490102256403561,24,249,26
5072,41.1595683576961,33.5111267532655,2.0147963353542564,2.479418189447868,1.2352644153306773,24,250,25
5074,28.620406575828014,25.452360068893437,3.790406969207973,3.3009241894129024,1.2355614203117098,24,251,24
5076,41.230427315370186,33.53675907012135,2.015518745222527,2.434585389303289,1.229817718469132,24,252,23
5078,28.628153065717637,25.399233871624016,3.7852383299729215,3.300976187109429,1.2343216690764713,24,253,22
5080,41.21487873613708,33.498030695567785,2.0147884579094577,2.425682710641569,1.2244220253478801,24,254,21
5082,28.53948250596772,25.2820272954604,3.7829070124674815,3.301620255727303,1.228549351972925,24,255,20
5084,41.27439823262361,33.516977262709986,2.0146138657111945,2.417924401749313,1.219622468433224,24,256,19
5086,28.572516311766957,25.41799675980421,3.7878786914446536,3.301302176469802,1.2167690519088443,24,257,18
5088,41.237668013317766,33.531923269271225,2.0148417510809367,2.4541577949851603,1.2093335298167716,24,258,17
5090,28.62669459075133,25.454072385369948,3.7843489852839536,3.301915384586722,1.2127627663930904,24,259,16
5092,41.24068073261839,33.567636169584304,2.013981544237104,2.463616101176541,1.204001133414051,24,260,15
5094,28.63118685785876,25.429946661301255,3.7858512135022657,3.301732366112124,1.2082676359614504,24,261,14
5096,41.28133907077437,33.60493096509702,2.014023708028726,2.470375229475307,1.1983981921124975,24,262,13
5098,28.61233255056929,25.42050671654486,3.78787942201836,3.303220076248094,1.2003730106635397,24,263,12
5100,41.28338645880181,33.54281440778599,2.016504705213686,2.4357634426689945,1.1933753740556388,24,264,11
5102,28.542199304478256,25.397105626124826,3.792887682560993,3.302289699470916,1.1788999537205664,24,265,10
5104,41.14919304328959,33.472459360982775,2.0192733708647617,2.481190011798763,1.1726581892283787,24,266,9
5106,28.565426308382825,25.419424201944214,3.791331149776634,3.3018242995261127,1.190884963344019,24,267,8
5108,41.26268252018065,33.58210389885497,2.014625681416588,2.491537251958465,1.1780515275082348,24,268,7
5110,28.631428241793976,25.432459537239456,3.790433217834476,3.304408100521819,1.1828734766030495,24,269,6
5112,41.45791806300034,33.6634605108384,2.016243208356173,2.40904100737121,1.1776520335951335,24,270,5
5114,28.6588020031526,25.57546236674736,3.793168712061136,3.303560314065407,1.173687529649647,24,271,4
5116,41.11666214070682,33.730546074122294,2.013736316594881,2.475767645530351,1.1938603172395272,24,272,3
5117,28.229569454958643,25.30089012739764,3.805422431135953,3.314449838777972,1.2019350885946567,24,273,2
5118,41.36263766174168,33.8912822372509,2.014876364498059,2.4160441724133666,1.204588199235937,24,274,1
5121,27.445134031590747,25.32407901830568,4.030268477538787,3.479393559379272,0.7836578105698253,24,275,0
5122,38.98218133148803,32.572328114029,2.0180146876333027,2.612467347907089,1.8622028761760747,25,1,61
5123,29.34194895777482,26.63562262811608,3.361982908688226,3.001950570776504,1.8856013558752656,25,2,60
5124,39.03339796678704,32.72523522519307,2.016820542901454,2.587208728940726,1.852077780517496,25,3,59
5125,29.553300732538816,26.778175507896698,3.384407789097242,3.0358785775794024,1.8787377654597512,25,4,58
5126,38.81879668981741,32.64286193755933,2.016573862170142,2.65191689384378,1.8410487396827961,25,5,57
5127,29.456340289732644,26.70320405781683,3.4122633601213583,3.0661450551857485,1.8710412275536272,25,6,56
5128,38.7623045063458,32.51487646204882,2.0159359571668354,2.592947964776547,1.8409120078311922,25,7,55
5129,29.4813335075363,26.617004288392003,3.403625146732859,3.0637656606174013,1.8685532230437336,25,8,54
5130,38.66539257343368,32.38234901543077,2.017425579158831,2.547419651124539,1.8403599290669193,25,9,53
5131,29.39582042914756,26.51849450408942,3.3944513625869224,3.0593224041262927,1.869298009591491,25,10,52
5132,38.75169504640032,32.43418218230641,2.0162347618032066,2.5209480504077413,1.8413272042220796,25,11,51
5133,29.43842411948605,26.620706323978894,3.401390462320561,3.0533599221041614,1.868042573126096,25,12,50
5134,38.8207012322275,32.480416444757985,2.01583310669507,2.487927319492314,1.8408312978319132,25,13,49
5135,29.51081056398121,26.737918888901717,3.385806497377117,3.048720950345317,1.8688907259231156,25,14,48
5136,38.51713023385634,32.41046186109587,2.0166395518034546,2.665204904745877,1.8314394902034128,25,15,47
5137,29.668813794471543,26.741457030661458,3.43387007729948,3.0824222303522406,1.857253269354756,25,16,46
5138,38.526267904657,32.3461408313,2.018357230695621,2.603858472633368,1.83047598595165,25,17,45
5139,29.77928873582229,26.7021703105932,3.416543780338169,3.075795646323062,1.8580506271123867,25,18,44
5140,38.52698128472781,32.27679750791685,2.016071837814984,2.552853984885676,1.8302731671688202,25,19,43
5141,29.71100043300344,26.608132946993933,3.4217714333372964,3.06985284508505,1.856732743445014,25,20,42
5142,38.54143406601644,32.15709350345252,2.0160713863396573,2.472448301852732,1.8302456206859818,25,21,41
5143,29.79634895864274,26.63314786563377,3.4044907346629887,3.0612589860161115,1.8576396482891,25,22,40
5144,30.37677905152779,27.033644494333256,3.78388997609184,3.34157125606709,1.7314068497162716,25,23,39
5145,38.52197451768004,32.36407129853099,2.016851865845563,2.64956413267546,1.8198463697258194,25,24,38
5146,30.05302011094364,26.870618187745677,3.438089429131737,3.092615790717664,1.8449986463994243,25,25,37
5147,38.582485834057856,32.3181954403762,2.016393908986775,2.5724981777366227,1.8193431380498903,25,26,36
5148,30.168468843680717,26.738987031481408,3.4334448239833244,3.082964486167869,1.8465002862835944,25,27,35
5149,38.52029413487392,32.15709029211502,2.0158117255163046,2.5249886697730286,1.8190526034992687,25,28,34
5150,30.06078601207466,26.692190227813647,3.432001975216655,3.0770823404741723,1.8460379461269096,25,29,33
5151,38.21358592965045,32.044070003146096,2.0193509920362724,2.694621861688723,1.8082051440976814,25,30,32
5152,29.84105303532721,26.563313470921166,3.482051074636857,3.1099815648289453,1.8353980169119612,25,31,31
5153,38.1983618706913,31.931593674911532,2.0164420273602586,2.64010141737067,1.8077136446767843,25,32,30
5154,29.90236309006016,26.52595276450022,3.4790104488850004,3.1054460082871422,1.8349008263013569,25,33,29
5155,38.31926916027133,31.941655359029298,2.016465255161054,2.573903509838096,1.8082219386934335,25,34,28
5156,30.108307461804788,26.591676949772925,3.461446831236046,3.098521142673477,1.8346611815211888,25,35,27
5157,38.4787542519308,31.965008645476725,2.0181069603406625,2.4942396831720126,1.808641165126713,25,36,26
5158,30.32132377942574,26.645032205307864,3.450379445041623,3.089171188226161,1.835329673902751,25,37,25
5159,38.54659017774874,31.966241678512723,2.0170254305215485,2.4556793246645583,1.8083830170483512,25,38,24
5160,29.01875034428269,25.663244609650953,3.646980102654795,3.235784344365443,1.8288344945944341,25,39,23
5162,38.44749852224995,32.37143341978575,2.01684718332263,2.632142800798914,1.8526809517157845,25,40,22
5164,29.35647195784361,26.015018000119397,3.398836643486512,3.0683685778510936,1.88243653382891,25,41,21
5166,38.992275791716615,32.70024990461686,2.016190951623346,2.5027764692056795,1.853025370356926,25,42,20
5168,29.32754285404437,26.09181445728815,3.4078891045691866,3.062344528295997,1.882375027570816,25,43,19
5170,38.51424197364312,32.32266411829938,2.016760348146938,2.617507742871704,1.8418324666438906,25,44,18
5172,28.938506516868497,25.709030057450274,3.464130250924988,3.0904138909445984,1.8701735128097834,25,45,17
5174,38.165816144899125,31.98795810666763,2.0160230713598764,2.694074478000972,1.831469528491523,25,46,16
5176,28.754789972770777,25.473631563964574,3.493557124198189,3.1140130371184864,1.8616414126295429,25,47,15
5178,38.16526203587147,31.894456524691385,2.01719076462715,2.6237674644021887,1.8307608540862945,25,48,14
5180,28.688602374299094,25.427401199812184,3.4951011322233136,3.108464373403045,1.860069384502559,25,49,13
5182,38.27549578575718,31.78039681801023,2.016114862565665,2.5010798299873738,1.8311718976915743,25,50,12
5184,28.633407089003214,25.37095530984966,3.4904911773797043,3.099532736693632,1.860519291022216,25,51,11
5186,37.98216079918311,31.688747146342205,2.016863630474281,2.68499881852498,1.8196343413671214,25,52,10
5188,28.589954117359028,25.27368217034848,3.533181015655141,3.133150786659082,1.848220933845893,25,53,9
5190,38.11100191887773,31.596747992569153,2.024643671910137,2.547109116468133,1.8204078847966052,25,54,8
5192,28.50176643400805,25.188122631656277,3.513207367229806,3.119641559381448,1.8498397720271518,25,55,7
5194,38.18831137948753,31.565586498787077,2.017291134571006,2.471314764334132,1.819557980042869,25,56,6
5196,28.530897709955585,25.208644345593083,3.5054603250839507,3.117821882492223,1.8480525079269507,25,57,5
5198,37.99854111908584,31.59124667045208,2.01713712589233,2.6613903306108773,1.8083586231260709,25,58,4
5200,28.577658552419905,25.22309620072603,3.549071976059502,3.148580175410883,1.8373644744977817,25,59,3
5202,38.194201649765226,31.603485399391182,2.015946028510057,2.541762355407921,1.8096737051083276,25,60,2
5204,28.9596644463361,25.60871637467594,3.5621332354558053,3.158092598219353,1.8414974125262276,25,61,1
5205,24.01713143780734,23.904181418379917,4.4796596195981975,3.819395599301223,0.011721969163161611,25,62,0
5206,38.45796400011448,31.91556385491565,2.0167372379007014,2.628919415830567,1.8545398087791685,26,1,274
5208,28.988708015070493,25.487835720020833,3.44733089940877,3.0915429116168727,1.85192010719145,26,2,273
5210,38.49126351534004,32.081128118597164,2.0183057226929555,2.6312552691827045,1.833412741804115,26,3,272
5212,29.096040691287843,25.536147530542536,3.498723199877141,3.1353563535730373,1.8398338272214465,26,4,271
5214,38.31473393357882,31.849792632896243,2.016579511976592,2.654880745360911,1.822631621806981,26,5,270
5216,28.801172039065204,25.116393283510156,3.536407100583495,3.161072146515808,1.8289894011626648,26,6,269
5218,37.861934640176806,31.465690433362017,2.0193879194408373,2.6749688422803803,1.8120148684612114,26,7,268
5220,28.45707570576707,24.93654575305907,3.554660481050277,3.1817353485221376,1.8187135985128813,26,8,267
5222,37.90665575786083,31.409348956650316,2.015814483813837,2.6159705726789904,1.8073455778605045,26,9,266
5224,28.65264667440442,25.09997200587896,3.559444964364823,3.188736239230124,1.8143063290200079,26,10,265
5226,38.34003238560517,31.902247475518077,2.019901495893039,2.658447162110498,1.8021042210122726,26,11,264
5228,28.89882403975921,25.238210571113736,3.5612026877917557,3.1995494512602285,1.8081731547184299,26,12,263
5230,38.0745950590744,31.649024294808623,2.016522387288751,2.697942608427116,1.7911817401222407,26,13,262
5232,28.633513419804636,25.076721129383717,3.5948737369966377,3.2162013536262384,1.7985955336426296,26,14,261
5234,38.07252758016199,31.48874626238971,2.017112121704317,2.6617272246516333,1.785652785727741,26,15,260
5236,28.473512860821305,24.785407292651822,3.6018235936716247,3.223928529991111,1.7929780582061499,26,16,259
5238,37.80133585100446,31.329995610092634,2.018009988339822,2.699288287625812,1.7757680509403477,26,17,258
5240,28.25409621799234,24.684734315899224,3.629064335057617,3.239300973000498,1.7832703253883397,26,18,257
5242,38.39873985476869,31.569551201845574,2.017724236336294,2.612793240883853,1.775833082331695,26,19,256
5244,28.7817612001126,25.22288378016189,3.6131518500912776,3.2364581942530544,1.7819367055373578,26,20,255
5246,38.74929237918251,32.111426258867944,2.016792488625222,2.6637064901468075,1.7706263567624057,26,21,254
5248,29.23971116417461,25.651300573733486,3.629450443754744,3.24280663963839,1.776917363261119,26,22,253
5250,38.87275464755104,32.271676011112376,2.017255132631586,2.6668454289754746,1.7650847974128527,26,23,252
5252,29.20215112477588,25.56869332326285,3.6549536807328544,3.247480792255816,1.7717560483021102,26,24,251
5254,38.503541429116005,31.842291659678658,2.0159457514475405,2.684431051981017,1.7732304675886927,26,25,250
5255,28.994866075880225,25.077792180591818,3.669812076004864,3.2325525653503906,1.7830335024500183,26,26,249
5256,38.27009094548294,31.759815453754253,2.021877555086194,2.645224362345869,1.7654093987717652,26,27,248
5258,28.689379753778315,24.88199584693937,3.663267101527155,3.2460008786636303,1.7720514811988972,26,28,247
5260,38.11684755251712,31.41911167391793,2.0169903181968984,2.6603527244917,1.7545026581626977,26,29,246
5262,28.49879598287713,24.755786611089874,3.663064409747839,3.258925472084767,1.7612390409815155,26,30,245
5264,38.04152715355532,31.331626572312267,2.016185456554963,2.6926849789916263,1.7446238642540073,26,31,244
5266,28.4799079867521,24.655846530387144,3.684869412410472,3.2692690512059093,1.7515467638250122,26,32,243
5268,38.17980302242767,31.35934131425137,2.0170647431651068,2.670544734728978,1.738861928453165,26,33,242
5269,29.03785527005412,25.34567237446073,3.750655264382395,3.3033140359155366,1.7429935781568953,26,34,241
5270,40.71218198711114,34.31088483888259,2.0168134548386294,2.605158060541757,1.7963381260257314,26,35,240
5272,31.18771774040504,27.39475675387948,3.45723078561742,3.1336137688971912,1.8137948947557965,26,36,239
5274,39.88526123315293,33.43585640373787,2.0165540953857675,2.672012007453096,1.7858902481387526,26,37,238
5276,30.58205646098756,26.62662742896046,3.5412440147431115,3.194525311567972,1.7909892588533054,26,38,237
5278,39.18287352945846,32.66698125020078,2.022483480851903,2.674271233724938,1.7700748256296013,26,39,236
5280,29.82743733628493,26.046549681443857,3.5744732232808083,3.222452894613076,1.7756843148879577,26,40,235
5282,38.95156480403077,32.28423408691397,2.016804145903712,2.6309416727017187,1.7598023013937372,26,41,234
5284,29.510756491862573,25.581948046823246,3.61089870293044,3.235623629031344,1.7680476994881102,26,42,233
5286,38.607510759873634,32.00739178780946,2.0172800396238526,2.6629725743154204,1.7496586843283426,26,43,232
5288,29.242612704276365,25.491386446945988,3.639611422840837,3.253161660922962,1.7555306354008988,26,44,231
5290,38.920359903369054,32.06387071886056,2.0159193745006387,2.612942119873717,1.7444839933626877,26,45,230
5292,29.46211881227136,25.701157771778043,3.631031388483906,3.2592554494686565,1.750897081323918,26,46,229
5294,39.23273115358871,32.43754560319043,2.020605919573001,2.615719844266148,1.7392066611099657,26,47,228
5296,29.50834432489215,25.613934369346374,3.652558047852112,3.2649322937796708,1.7451617560022412,26,48,227
5298,38.9649270684008,32.16809876635083,2.017554048083073,2.6287695472774453,1.729119687729052,26,49,226
5300,29.374561267657025,25.46355915016756,3.6543670254141096,3.279483281471355,1.7348996422936604,26,50,225
5302,38.83927283461771,32.05752645824972,2.016416703030436,2.6655106679421823,1.7185794654135103,26,51,224
5304,29.242377848768918,25.33969655722996,3.671875049505212,3.291206125801604,1.7261687467652165,26,52,223
5306,38.82796377704433,31.97592092807272,2.0170229987437884,2.650495153350403,1.7133219026475017,26,53,222
5308,29.194410076554547,25.31525129117544,3.672509218918276,3.2971153140129523,1.7194374452195667,26,54,221
5310,39.14007944734004,32.21689335291319,2.016783933430818,2.643236235233877,1.7087878523122688,26,55,220
5312,29.65122582795794,25.828563716440225,3.697495904888725,3.300542688148963,1.7144045500621825,26,56,219
5314,39.349611598028886,32.55632993697177,2.0199829306240717,2.656450207001938,1.703090640264945,26,57,218
5316,29.592983253559662,25.734607118644377,3.699223631776353,3.305103439690288,1.7087444005302703,26,58,217
5318,39.29444535878087,32.40048085325998,2.016448312230377,2.626177688152069,1.6973763911840574,26,59,216
5320,29.51162108922301,25.761082967217042,3.709177335259149,3.3082686726641857,1.702831566507269,26,60,215
5322,39.10487658009542,32.29371860868794,2.026465491633473,2.6582230344240045,1.687655688706419,26,61,214
5324,29.367459158203413,25.571090931927195,3.715758585219568,3.3175201646841104,1.6942074027711427,26,62,213
5326,39.0462609369598,32.136071448067796,2.017330650607364,2.695100237338448,1.677283117965155,26,63,212
5328,29.23737726861414,25.430453941726714,3.740291077407621,3.325912676457561,1.6830855295962417,26,64,211
5330,39.398032192832,32.382685497234974,2.02257876070347,2.639091813583503,1.677367579447902,26,65,210
5332,29.660660346177963,25.88337057270213,3.7401919874760297,3.3224316122949804,1.6837390298219197,26,66,209
5334,39.10678394120843,32.30899951427638,2.0158674131052456,2.6857210282450983,1.6665168352970694,26,67,208
5335,29.685994740308107,25.87474661521862,3.733780688797436,3.323183986237931,1.6772942013896472,26,68,207
5336,39.44448954135193,32.56636929496717,2.016878594815316,2.69017866510873,1.661809408139977,26,69,206
5338,29.59730563243775,25.80758127668049,3.741021320410516,3.334317071119612,1.6669143500694774,26,70,205
5340,39.509602016775695,32.46542951751835,2.019019155129933,2.639895313359579,1.656667130803933,26,71,204
5342,29.46753663391266,25.5954074570814,3.739980501811112,3.334898622378469,1.6620341851497846,26,72,203
5344,39.33486536224533,32.347056454418095,2.0179820220655023,2.68991452927918,1.6454612041160956,26,73,202
5346,29.38033885422808,25.55053773186138,3.754749438788794,3.3402795328318957,1.650881371536419,26,74,201
5348,39.43723270017243,32.37153894064616,2.0158401305926343,2.65935818848874,1.6406631692652967,26,75,200
5350,29.43349608540407,25.612623072192534,3.752539379854498,3.340988893968416,1.6474073350811924,26,76,199
5352,39.51375235624076,32.45549347979197,2.0192083553177325,2.6657030585650423,1.6355225678534149,26,77,198
5354,29.478594943854127,25.748665763785176,3.756495517193588,3.3428891919042925,1.6407403071532118,26,78,197
5356,39.60170302810528,32.50017194695606,2.017754065523427,2.642986759012803,1.6305831995255629,26,79,196
5358,29.485508821517055,25.6042633567313,3.744765382806153,3.3438818828882586,1.6362357192416306,26,80,195
5360,39.68746359758208,32.50100298369444,2.016206764491147,2.631116911889304,1.624904173152515,26,81,194
5362,29.46840138001844,25.594290723516522,3.7512382618887,3.3442903966987885,1.6309509331359893,26,82,193
5364,39.53535075538898,32.4728927422438,2.018425729441905,2.696157404617167,1.6141735401360389,26,83,192
5366,29.44580647381156,25.571898601563962,3.760884531031473,3.348561399462872,1.6197922234958377,26,84,191
5368,39.6502371632164,32.50480154634882,2.0200094988659028,2.6667596238241567,1.6093783928934964,26,85,190
5370,29.461354450795127,25.578913233960286,3.749853410240243,3.349401479431822,1.6146680175492967,26,86,189
5372,39.69929058154853,32.51218336210202,2.0160906793454063,2.6403185448373043,1.6043484793426852,26,87,188
5374,29.419371934150707,25.533341503049385,3.760643706961573,3.3484111036158017,1.6109361170161811,26,88,187
5376,39.56076309770468,32.45692821941515,2.017218805788003,2.69892986372897,1.5932105903501057,26,89,186
5378,29.36719581714494,25.528501101408498,3.7624796093415975,3.3526814727062533,1.5994312036992016,26,90,185
5380,39.63708096307912,32.447059186431154,2.017576881832417,2.6682466504352997,1.5886364832867264,26,91,184
5382,29.297103402943527,25.343485567182302,3.75723296715059,3.3525209936945446,1.593891637236276,26,92,183
5384,39.43977047692484,32.32889654966259,2.0163186530776205,2.6479207279724903,1.5877768554948954,26,93,182
5385,29.548289844330217,25.74425872850638,3.7704870056407622,3.3543970686874927,1.590117828706475,26,94,181
5386,39.83902225625452,32.84488475360107,2.016322017667326,2.6741633856529066,1.598319979397816,26,95,180
5388,29.561095605794584,25.595338590346493,3.792067298385232,3.3434425218637385,1.6036337383129329,26,96,179
5390,39.41794949618613,32.31731555011648,2.016058383461316,2.6892528956736257,1.5775704607498526,26,97,178
5392,29.01964710756013,25.09978697110705,3.780997640483466,3.3483684039657065,1.5843284766426964,26,98,177
5394,39.262781682151214,32.06376130177751,2.0176016183677974,2.688809122993162,1.567712078419836,26,99,176
5396,28.88550118608269,25.10980717855015,3.7785963302065984,3.350035915668947,1.5727265203676526,26,100,175
5398,39.47237839941986,32.21997626855924,2.018404141903304,2.6743555987897745,1.5626347890234091,26,101,174
5400,29.195907400785316,25.371319727334306,3.7792507114042633,3.351334769258969,1.5676261332348638,26,102,173
5402,40.03754146951368,32.7120225448885,2.016777852675889,2.6430294964336345,1.5623270339266233,26,103,172
5404,29.781642735382384,25.93742035142687,3.7809289932617984,3.3506128503723054,1.5674354606816119,26,104,171
5406,40.14273016201157,32.945022147355694,2.019500858990014,2.6584858447131823,1.5575841438159184,26,105,170
5408,29.71020972616952,25.854633339319907,3.776967246564616,3.350128688133216,1.5617436785265557,26,106,169
5410,40.1165626728546,32.857549597381336,2.025028692484549,2.629782173759164,1.5517039247947315,26,107,168
5412,29.58766933151088,25.7875421158109,3.78147967181644,3.350828092683088,1.5566555598955418,26,108,167
5414,39.87503330866132,32.629663328789654,2.017188769565156,2.6622967647315545,1.5410637467478046,26,109,166
5416,29.26425769721006,25.344864067680145,3.7861373580329056,3.3506354280123998,1.5459829018248712,26,110,165
5418,39.61961987024145,32.379859014262976,2.0203529496154493,2.682380966742509,1.530754432026021,26,111,164
5420,29.166832065867634,25.277660500060502,3.7861841057200616,3.350922144041792,1.5366370116023982,26,112,163
5422,40.067324667444815,32.68215852457039,2.016749317444538,2.640189476892272,1.5313879264373342,26,113,162
5424,29.64168246762455,25.790973204291312,3.791529502108569,3.35125780661867,1.5381682642098535,26,114,161
5426,40.24716716520102,32.99387423636739,2.016964364118414,2.693769409137257,1.525539323746925,26,115,160
5428,29.84083319742673,25.936121509912226,3.793788356541067,3.3528581730372933,1.531129628180566,26,116,159
5430,40.30253125568348,33.045397072111655,2.017715447411052,2.695787450704935,1.5203995123152785,26,117,158
5433,40.09418103142496,32.856295641052824,2.017087516284557,2.6920548172137724,1.6086429679849252,26,118,157
5435,29.683647277202677,25.891013405303514,3.798804009542813,3.354145458071941,1.5544942274256446,26,119,156
5436,40.52238496316615,33.33950238056361,2.0177115857667665,2.629071246219689,1.5666770365027174,26,120,155
5438,30.299187661483774,26.42800153627129,3.7814302641150186,3.348015808348912,1.5720774035767464,26,121,154
5440,40.56886357314186,33.35156485472646,2.0160877086861952,2.631343871050918,1.55092813277257,26,122,153
5442,30.159651359558897,26.215569864439075,3.770467706719141,3.3529759174446823,1.5566235896012353,26,123,152
5444,40.27804845768325,33.147486361012966,2.0174325692631547,2.6983970036642315,1.535251100320192,26,124,151
5446,29.922619314028488,25.960695609651008,3.7856876338390446,3.355218310740593,1.5400942786243967,26,125,150
5448,40.2921849196155,33.007275861749356,2.017976023705107,2.6338485871981514,1.5298334654911283,26,126,149
5450,29.78904227222681,25.838168915840225,3.7831325853036097,3.3540567989886063,1.5356340013280738,26,127,148
5452,40.184384347174266,32.91990812745461,2.016684455267326,2.671566207861818,1.5198305658357811,26,128,147
5454,29.7396171935254,25.811823765569297,3.792785768996613,3.3543202199580766,1.5248368477156764,26,129,146
5456,40.320066232195046,32.99903328622305,2.0185074328810417,2.6540810507928123,1.5147978516375922,26,130,145
5458,29.817451931587808,25.866599042915986,3.8005026292725193,3.3538194889943185,1.5204508317827652,26,131,144
5460,40.33650561265159,33.03772281691292,2.0206154364574687,2.656849703962618,1.5094442314987477,26,132,143
5462,29.8049746499794,25.932238529516265,3.796270846173496,3.3536880148349315,1.5137289528609537,26,133,142
5464,40.43267631588412,33.07740307192613,2.017421211930756,2.6363048614501152,1.5044441128742918,26,134,141
5466,29.81518660623584,25.8627841242131,3.7967349999162745,3.353396374532837,1.5095481449980848,26,135,140
5468,40.314538591575015,33.05467981523988,2.0224772834102507,2.69951692300468,1.4937377998375865,26,136,139
5470,29.83668457312636,25.876664410701412,3.79542316031964,3.354434207234332,1.4993851882626978,26,137,138
5472,40.386661855917744,33.11570360624461,2.0179249554704706,2.698216006032282,1.488781083765113,26,138,137
5474,29.863474041359535,25.90081245653995,3.790160126869453,3.354272833395381,1.4936370108605346,26,139,136
5476,40.43384612547835,33.12942148982365,2.018486701026112,2.6911707598773864,1.483275694734619,26,140,135
5478,29.84787986581688,25.961139619102713,3.799571872012218,3.3532627894758096,1.4886854144096886,26,141,134
5480,40.44479269068758,33.130681310493344,2.017202918759472,2.690162319231471,1.4780664710356213,26,142,133
5482,29.817445053016,25.84758158306979,3.7990338355492006,3.353429498656367,1.4833120215540485,26,143,132
5484,40.58499656066617,33.20069210329718,2.017032616337778,2.6355034454892072,1.488774719753461,26,144,131
5486,30.0408863638767,26.343040591685405,3.803765155222497,3.3525780744031093,1.4916614220510864,26,145,130
5487,40.99869158762305,33.78697527817091,2.020648432189961,2.6594753656507684,1.499006053181257,26,146,129
5489,30.48411901998448,26.57680877670008,3.788009229994056,3.3528818658863946,1.506116784654351,26,147,128
5491,40.997807625227495,33.673365085761986,2.018056806197647,2.644554999824577,1.483694098516326,26,148,127
5493,30.32099329258736,26.497126053434993,3.780497203202185,3.3549736761488096,1.4877716352063515,26,149,126
5495,40.84213757482493,33.535818118317145,2.017916668624779,2.6719601666204564,1.4726229127063857,26,150,125
5497,30.154996545118347,26.23246228056812,3.78354069112842,3.353783910785033,1.468883448742449,26,151,124
5499,40.69012464267011,33.32269982188509,2.027591717224413,2.6598211033173382,1.4568215646542753,26,152,123
5501,29.97682928823835,26.000979471677365,3.786992198738482,3.352797565070414,1.471555902067553,26,153,122
5503,40.69938049882204,33.346230327490304,2.017344770444764,2.688360455508818,1.4570506687226927,26,154,121
5505,30.08507492258316,26.304406677546186,3.779886472168926,3.3534938324434367,1.4606339994292,26,155,120
5507,41.06026204078849,33.64948900485925,2.017072416845675,2.6376728619288525,1.4579051530846374,26,156,119
5509,30.388201652887467,26.488314685413716,3.795520340383196,3.351842602525664,1.461931768430352,26,157,118
5511,41.19696040482682,33.79269513542103,2.017938882324793,2.645120521151077,1.4519390460066037,26,158,117
5513,30.35093185395905,26.360634597576503,3.793041693865281,3.352784743728,1.4580011708064535,26,159,116
5515,40.84446688602949,33.52446663707275,2.029098489464331,2.698012437629632,1.4415351972566752,26,160,115
5517,29.97632430805407,26.01371119236736,3.784631939017424,3.352559757232209,1.446107307594643,26,161,114
5519,40.764203830749366,33.39042251934235,2.025048878675005,2.692894277298908,1.4363703191160997,26,162,113
5521,30.07248837995513,26.297723923750286,3.7881526416328097,3.3516897442147413,1.4391291709364153,26,163,112
5523,41.11212504270441,33.67370212742761,2.0170494375017745,2.6483923655058117,1.4363010479982834,26,164,111
5525,30.336671946542243,26.460055536819574,3.787652905735484,3.351713363551412,1.440918014446584,26,165,110
5527,41.27256611507568,33.91080564765892,2.017587381204539,2.6832134764262,1.4309326540458258,26,166,109
5529,30.483128850170555,26.522125341707824,3.7934031719292136,3.3514036655318797,1.4365408652914156,26,167,108
5531,41.15574924454392,33.7850680599871,2.0245398824990146,2.684960445221862,1.4257847397728802,26,168,107
5533,30.27485634618988,26.304507189511508,3.7849188788658266,3.3518264434107543,1.4305742228979772,26,169,106
5535,41.03237216951879,33.61126807392732,2.01689808000431,2.669922120529456,1.4202915200747075,26,170,105
5537,30.035870598156723,26.033862750089828,3.7833729238324505,3.3507643062775467,1.4260008706877954,26,171,104
5539,40.937269906716935,33.45598581472246,2.0197651300783948,2.664105530655056,1.4153335483519918,26,172,103
5541,30.03736523711485,26.17387772606165,3.778321430367497,3.3505766058453985,1.4195692421022812,26,173,102
5543,41.240704611971786,33.723267448788484,2.018228083548545,2.634098605983684,1.4154569549466542,26,174,101
5545,30.35159105782284,26.58087845459433,3.7757654753765975,3.350429078451017,1.4190224807526721,26,175,100
5547,41.43649987692296,34.05007636985734,2.0178512019397976,2.68378702970616,1.4105336923381644,26,176,99
5549,30.67648939138071,26.844678208638005,3.784466502357455,3.351905116464544,1.4155364921574343,26,177,98
5551,41.16703904201915,33.889346908026745,2.017223089332264,2.660031949282934,1.4362924898976053,26,178,97
5552,30.448107672298725,26.650851656256684,3.803491370652066,3.3517957395366507,1.4453971480562051,26,179,96
5553,41.36216559728765,34.067648550088656,2.0257290511470427,2.650011641082063,1.4411532327566854,26,180,95
5555,30.60906521554531,26.644530238931335,3.789079576736508,3.351648116958036,1.4456249983365157,26,181,94
5557,41.02198772703674,33.75168100943646,2.01734921830549,2.6936969083341418,1.4202402661905456,26,182,93
5559,30.19378282488405,26.221371889766385,3.772572137699855,3.3520081728180475,1.4251121148303794,26,183,92
5561,40.78818812957494,33.46482299584788,2.016959683770622,2.697073130067154,1.4098717460926173,26,184,91
5563,29.93565783104292,25.98190844607098,3.772643310988137,3.350690235802344,1.4149618195993676,26,185,90
5565,40.81506138506309,33.40210697922146,2.0173176445033945,2.6806995515145213,1.4040884709475545,26,186,89
5567,29.8881671331284,25.95725861022818,3.77909637061834,3.3498557087920315,1.409086666721244,26,187,88
5569,40.85837421987642,33.410688917712235,2.0174893103299003,2.6695398084864568,1.399608359298767,26,188,87
5571,29.861095412731405,25.910664889466272,3.7805927268861135,3.3487260291497885,1.4046849221863176,26,189,86
5573,40.839876773287166,33.38984948261314,2.0162082324346318,2.671695307817951,1.3941729280301336,26,190,85
5575,29.859618167527618,25.91531640358488,3.796749636800268,3.3472982873443136,1.3987999981301869,26,191,84
5577,40.85376069244676,33.3700433438796,2.01785516482798,2.661289185949965,1.3890898805031338,26,192,83
5579,29.76623045605718,25.80295172183165,3.7808181797700295,3.346522932588962,1.3947962584053635,26,193,82
5581,40.74795214258888,33.27215987470977,2.01649929452358,2.667817533540102,1.3833026424056671,26,194,81
5583,29.65906206204301,25.798431586046714,3.7726316335985777,3.347387991583747,1.388712527504559,26,195,80
5585,40.68794001196382,33.222444215660225,2.0162911974216766,2.684008069130594,1.3781229872388636,26,196,79
5587,29.636312800311195,25.716243739071537,3.79156342857451,3.344476114789535,1.3812267319534963,26,197,78
5589,40.7810749453613,33.26207748383125,2.016416530728208,2.6585256208771644,1.3733895596398806,26,198,77
5591,29.674942267630755,25.721597233349875,3.782445490335825,3.345621909727096,1.3821862521206565,26,199,76
5593,40.88159339768709,33.312029905516525,2.01668335956764,2.6372250579822927,1.3733693330387398,26,200,75
5595,29.66255999018432,25.681959267638916,3.794059988721768,3.344250467904019,1.3786681529383855,26,201,74
5597,40.81191473576834,33.25287943255863,2.0156447128046424,2.6514257735606432,1.3675993107399471,26,202,73
5599,29.574918567388583,25.624925482393323,3.7912686790666448,3.3434587647361527,1.3734302004479897,26,203,72
5601,41.11793533148924,33.745054045019884,2.015672372070857,2.676384659108382,1.3782569243514007,26,204,71
5602,30.03897977580012,26.21420903107098,3.787583161098397,3.3475444317933105,1.387664123577278,26,205,70
5603,41.248795355864885,33.88841975386692,2.01575998810726,2.694913850281781,1.3889752972903326,26,206,69
5604,30.44925709999368,26.418135656045987,3.78304355444368,3.346596249241444,1.3951797857101154,26,207,68
5605,41.16242984455477,33.7353756996425,2.016014837696764,2.6973343716306277,1.3727097052090094,26,208,67
5607,30.051459766235475,26.041050682309145,3.76450226475426,3.347969939170728,1.378910867283991,26,209,66
5609,41.16437554618679,33.59131052719714,2.0165238233233063,2.642540259937964,1.3676557860581944,26,210,65
5611,29.83228995796081,25.78429991090836,3.787251026252032,3.3439377168826576,1.3743705588978588,26,211,64
5613,40.86421618020504,33.32366688599416,2.0182163733141314,2.699226257883075,1.3572049541937385,26,212,63
5615,29.749204122508385,25.89460433493637,3.790423978004734,3.3440394085174,1.3624379242616314,26,213,62
5617,41.25434553511566,33.691961507697364,2.016150778973011,2.676480329780849,1.3575443000991398,26,214,61
5619,30.125015931862148,26.21291162607548,3.7971023250598015,3.3441211905536,1.3636957447937759,26,215,60
5621,41.45023191903855,33.887639684793655,2.0176181286216197,2.642142168479886,1.3575874531026293,26,216,59
5623,30.142009338201905,26.18919574416607,3.8053775528158647,3.342940481283274,1.3638849763699585,26,217,58
5625,41.27708509224051,33.67308060941856,2.017297732143782,2.644725254926797,1.352201858263249,26,218,57
5627,29.84337505316045,25.925635492800915,3.795650309241255,3.342335534292556,1.3578987924465684,26,219,56
5629,41.06460515498328,33.411988203265814,2.017223266913469,2.632270655366611,1.347071431342232,26,220,55
5631,29.564480083595075,25.56161801380306,3.790473446120488,3.3409100193242898,1.3530605448748225,26,221,54
5633,40.99284868101728,33.29926524979532,2.0197342717689364,2.639100611887612,1.3419131593914597,26,222,53
5635,29.574314879183014,25.662187990962515,3.7799207541995568,3.3419417446795183,1.3473420650108823,26,223,52
5637,41.29040553417739,33.59980731390034,2.016896104476736,2.637841830893275,1.3418085169493579,26,224,51
5639,29.926917344820957,25.98023071654991,3.7933352746466817,3.340993070052495,1.347962575677681,26,225,50
5641,41.22740227746052,33.61961195858585,2.0199925086996786,2.668286095904868,1.3368798896373315,26,226,49
5643,29.76629415599452,25.8806869522218,3.7884468298188487,3.3415110902495564,1.3402676326692222,26,227,48
5645,41.04619550953222,33.3945201718652,2.016745074407458,2.649019812683856,1.3315377043884469,26,228,47
5647,29.462747298392184,25.489728914515275,3.784529376109808,3.3394858458136367,1.3392489752249226,26,229,46
5649,40.85874389007758,33.16734508187535,2.0163628111205263,2.664058512378051,1.3261008242885641,26,230,45
5651,29.271930927566483,25.27369150820363,3.7821759620123343,3.338877397954293,1.332100226445627,26,231,44
5653,40.79196924883506,33.10962161613893,2.016212123867104,2.6883611693898826,1.321089274209887,26,232,43
5655,29.36355715804258,25.44947305264886,3.771765507247928,3.340016083614076,1.3266790800646446,26,233,42
5657,41.14127834456325,33.46501751186519,2.0168197393548124,2.6869753836302124,1.321461030682844,26,234,41
5659,29.66310389082133,25.781794240772307,3.7834249844961874,3.3394210742343238,1.3260301316949346,26,235,40
5661,41.14429319149828,33.442619101404404,2.0187637742643867,2.6507536817766586,1.3212235933130205,26,236,39
5663,29.609551859753196,25.68864253357384,3.7779504832267983,3.339913066196168,1.326489576313285,26,237,38
5665,40.66184230912503,33.037928170775885,2.016191969154752,2.664632278910652,1.3267859444088324,26,238,37
5667,29.24035466838343,25.5473433758295,3.81681034390481,3.3530063390337426,1.3346353544371075,26,239,36
5668,41.04669454497069,33.4949493613756,2.021651287065962,2.6400211837268666,1.3629880512957586,26,240,35
5670,29.82861578831074,25.858105200686058,3.787229675034911,3.3407373419757564,1.3728944598403563,26,241,34
5672,41.0462053156659,33.491363029025784,2.017592416950431,2.674198661305034,1.3424704924195228,26,242,33
5674,29.749012593536023,25.762271564177254,3.808680533557909,3.3388847884627486,1.3490243549372973,26,243,32
5676,40.8683026432256,33.329808599922345,2.0171105982760715,2.696427051131168,1.331922750901555,26,244,31
5678,29.560275150644,25.665322106933754,3.796248138024393,3.3382781008008675,1.3373028097065787,26,245,30
5680,40.85283588259973,33.27302769298771,2.0165753451036377,2.692834029769684,1.3266040129628967,26,246,29
5682,29.475615420352657,25.533014977562825,3.7867692993890456,3.338955474315249,1.331405022042005,26,247,28
5684,40.85270645265791,33.229879126701434,2.0157688095228656,2.681747855329962,1.3215790821926703,26,248,27
5686,29.414812446477324,25.460985558962392,3.7781113837561264,3.3390304483662616,1.327435941589368,26,249,26
5688,40.8263251809212,33.20860833999321,2.016274841649268,2.696791414385091,1.3164267323866903,26,250,25
5690,29.395124167825006,25.497401087996412,3.7777342736682513,3.338754457820943,1.3221597878324414,26,251,24
5692,40.90308836809665,33.236115055926255,2.016821101865832,2.664695973142795,1.3160961812271215,26,252,23
5694,29.410028325661973,25.448154568524693,3.787471449155264,3.337604125308679,1.3212688595761306,26,253,22
5696,40.84337405460518,33.18660088296571,2.01659334421236,2.679191623358613,1.310760701607795,26,254,21
5698,29.31427764174688,25.331277760037743,3.775235730316498,3.338014963877101,1.316209976215636,26,255,20
5700,40.81792110626284,33.174058099115534,2.018075144841628,2.699983457940659,1.3059667724194781,26,256,19
5702,29.362572362769285,25.474169291837303,3.783803356862587,3.3370508249552584,1.3106557846099878,26,257,18
5704,40.94699384765951,33.253984518546055,2.018091528339797,2.666300786624286,1.3062665691898216,26,258,17
5706,29.411970172612595,25.517578140682183,3.784137389052248,3.3372940334795382,1.31174080190686,26,259,16
5708,41.07493805830632,33.3198093248819,2.0177167019715503,2.630850137384784,1.3063229222545858,26,260,15
5710,29.44296145322608,25.507755071863212,3.779054819049973,3.336178999164467,1.3123673608772357,26,261,14
5712,41.02476444658572,33.33765795318199,2.0160479224870884,2.673348140468748,1.3008298414983879,26,262,13
5714,29.42301028796411,25.501142838576612,3.7792479031045296,3.336674870115192,1.3055793260832103,26,263,12
5716,41.06214198725253,33.29076744042025,2.017067096348242,2.632763831012711,1.3010620975626164,26,264,11
5718,29.346694244289665,25.47614046458346,3.780306641791635,3.33596846652155,1.3048897248339375,26,265,10
5720,40.98366325567302,33.27568841807217,2.018208092691312,2.6687371180046218,1.2964529220440137,26,266,9
5722,29.392476256063365,25.50648704649774,3.77660287617465,3.336460166393717,1.3000487800811442,26,267,8
5724,40.98234242711097,33.32067807371405,2.018933300007017,2.696396337945361,1.29095770818731,26,268,7
5726,29.45185268346909,25.517452651606238,3.7731541894181793,3.336584283248343,1.296432196074843,26,269,6
5728,41.06375085817118,33.37314972896719,2.023790681896976,2.6794834862925194,1.2903909497267578,26,270,5
5730,29.48700718737772,25.664855251476258,3.7907306154894886,3.335029160031238,1.2925232211233684,26,271,4
5732,41.047029587744966,33.71351889594897,2.017308526034403,2.6787137407179737,1.3119030524394601,26,272,3
5733,29.07271587963088,25.433646971948875,3.788459846791776,3.3377109352902776,1.3214361202812164,26,273,2
5734,41.051007697556734,33.86531768239223,2.017696449416675,2.655378369801326,1.32798489156344,26,274,1
5737,27.29904441900397,25.115926436461894,2.2618666203475337,3.6448995932335473,0.8100391983943989,26,275,0
5738,40.59042914535701,32.62485875142121,1.996867242177128,2.145975766935391,1.9190294812778446,27,1,61
5739,30.577385154985016,26.756606170640403,2.258223670085453,2.905049544912642,1.925498720701186,27,2,60
5740,40.26023408628707,32.738209593287145,1.994391196351152,2.111016698785212,1.908614952935609,27,3,59
5741,30.66376913104331,26.78896518782561,2.259445364927154,2.951646252509994,1.919102315852996,27,4,58
5742,40.27558633997852,32.68511456550919,1.994681656822022,2.025108512818265,1.9086150443129848,27,5,57
5743,30.79224591633916,26.790949987534404,2.258309855573535,2.9467994849709904,1.9181132521205053,27,6,56
5744,40.29314715799111,32.554748499572646,1.9952731083659303,1.922542180649595,1.908792407567644,27,7,55
5745,30.89342353302922,26.726850930641444,2.259886683485313,2.939284531221614,1.9197018135260304,27,8,54
5746,40.2688726302198,32.46787845303298,1.9935500451030048,1.871159045064988,1.9073013015924791,27,9,53
5747,30.82116750069084,26.620773999930954,2.2568227959927976,2.9488986408910622,1.9180236258271988,27,10,52
5748,39.67620802332074,32.48624734055599,1.994104174576412,2.175686706590344,1.8975851087731508,27,11,51
5749,30.421910739966474,26.58924306987374,2.258517292312133,3.0030807978827,1.9079514744642407,27,12,50
5750,39.80381766292616,32.55779966353037,1.993164510431567,2.111788715601944,1.8968013562318675,27,13,49
5751,30.51843120347988,26.74846360058507,2.2581337056618764,2.999276355926336,1.9080707612855041,27,14,48
5752,39.88810476942348,32.45374435641106,1.9936540341331743,2.026250619894166,1.8983109837889884,27,15,47
5753,31.081278437806464,26.80373015807701,2.257178725012606,2.99118761879546,1.907601763398918,27,16,46
5754,39.95162250671474,32.373246444985035,1.99377953803378,1.950589433290604,1.897456550946488,27,17,45
5755,31.24066372289512,26.78643062225572,2.256867952684998,2.9850080368215397,1.9072651144835322,27,18,44
5756,40.05202185471829,32.30534276235138,1.99378312138298,1.868824706765806,1.8979824996199641,27,19,43
5757,31.220976754395,26.717163571192394,2.2593801599662027,2.978122589808053,1.9070580921981135,27,20,42
5758,40.1213838436794,32.183319483399806,1.9942511729128332,1.7896213776724978,1.8978182133806856,27,21,41
5759,31.3726272927854,26.780922573059726,2.258173949367288,2.967811398996865,1.9054860504685904,27,22,40
5760,30.225464388780157,26.84939514355575,2.259349558224372,3.491845250266357,1.6945662441356055,27,23,39
5761,40.174657039770814,32.378853181816005,1.9938120330189373,1.910336108594535,1.8874661545337479,27,24,38
5762,31.747377634153157,27.007028938797088,2.257250955728727,3.0148726955046894,1.8957289989496082,27,25,37
5763,40.016434730174936,32.2913249500013,1.9942213710086447,1.9086884059809104,1.8869533962422642,27,26,36
5764,31.779134469034663,26.826630905506512,2.257702672764021,3.002645300353557,1.896207295278864,27,27,35
5765,40.16569230743226,32.14782797344657,1.9939995868905829,1.7868782934275431,1.8867286703615063,27,28,34
5766,31.742574167707367,26.845102423271214,2.2587594242447997,2.990256204166052,1.8962371093370716,27,29,33
5767,39.46139677634257,32.01380948237792,1.994356138623711,2.1361343961784502,1.8759711783647024,27,30,32
5768,31.367092340830315,26.64132190339396,2.259076929798671,3.0484265884792863,1.8845649232206916,27,31,31
5769,39.5636595172155,31.881310103471357,1.9935665024864544,2.0133501283179167,1.8754208508926609,27,32,30
5770,31.5483245449075,26.630410829604692,2.2573066258252825,3.040816842807257,1.8830047135286185,27,33,29
5771,39.628948319501816,31.854304304240507,1.993742172224942,1.8575547668336485,1.8699736967312734,27,34,28
5772,31.87773173438629,26.732842671781054,2.255599496565436,3.028214472456539,1.8837154778582357,27,35,27
5773,39.22534721491488,31.856555404576753,1.9946244036549008,2.165755612420893,1.8595965985300904,27,36,26
5774,31.64827378798208,26.68061249572974,2.2572421269163248,3.0748162871179514,1.873621744992687,27,37,25
5775,39.4126321606434,31.867182607083926,1.994455565707021,2.0270686341513207,1.8594934150547346,27,38,24
5776,28.79758724840639,25.34511515663789,2.256596156215076,3.271506410443981,1.8688221928782478,27,39,23
5778,39.95874037686836,32.35216872128999,1.9992261048783584,1.905311669649934,1.9087580832358864,27,40,22
5780,29.15641159378297,25.81811264335102,2.257614950089563,2.9686635921177515,1.9226264697308402,27,41,21
5782,40.31302300333008,32.60219299451182,1.9940266531677509,1.7951975189442124,1.9093375745978098,27,42,20
5784,29.1544231457191,25.908545561555123,2.257687343623163,2.9578028920213355,1.922249069060428,27,43,19
5786,39.359447242364645,32.19571819720114,1.993858646326954,2.1058524852518143,1.8977991805073422,27,44,18
5788,28.71481831414117,25.457306030924418,2.2566610651846637,3.0136515578797805,1.9102722007426796,27,45,17
5790,39.454159451189874,31.805988160181123,1.9927272592846583,1.846021007590992,1.8988743799039816,27,46,16
5792,28.533877426349584,25.208124224769332,2.25873311675073,2.99318874261262,1.9114380026655369,27,47,15
5794,39.64174827400944,31.737001978644926,1.9934659604006035,1.7370300333706354,1.8980061904892396,27,48,14
5796,28.46161610072502,25.198908450122424,2.25410399402555,2.983016469304486,1.9104392919651738,27,49,13
5798,38.86906912217273,31.51707667966367,1.993000639305042,2.0506492642329937,1.8818429649996573,27,50,12
5800,28.386930544540967,25.088377505443955,2.252053665117908,3.042010563367481,1.8987506900256186,27,51,11
5802,39.11839966443177,31.442860781038384,1.9947910338783703,1.8254369744762284,1.8818176729063296,27,52,10
5804,28.336534625568376,24.994883820641892,2.2596917073338147,3.028783313945245,1.9001597932620455,27,53,9
5806,38.68010761281634,31.32326275303232,1.9956093835681803,2.134879000684994,1.871185272755064,27,54,8
5808,28.23465144539435,24.88975595599089,2.2556992275076397,3.080359472714993,1.8892616385345753,27,55,7
5810,38.863045678198645,31.28571570579735,1.9936520198661491,1.970455493406623,1.8703076498430444,27,56,6
5812,28.256499193062336,24.914746778130716,2.258604715115658,3.076762082909564,1.8878936224991831,27,57,5
5814,39.14531169811219,31.331850868998007,1.9944764248874856,1.813269430976001,1.870485787180345,27,58,4
5816,28.319210692991568,24.945473030337098,2.2587445007906664,3.070170998467256,1.8871140223412006,27,59,3
5818,38.8380564174779,31.32285733932258,1.9940826161567085,2.048365732409564,1.8603470811914904,27,60,2
5820,28.639243249958948,24.984956800651023,2.255353130255427,3.1653143081581017,1.8769721606913345,27,61,1
5821,23.703554924939645,23.601078570891087,2.2554191695406485,3.9949090644351535,0.03686161906663988,27,62,0
5822,38.95965174080089,31.608436452122476,1.994081294125572,2.181560983985832,1.9021626275166135,28,1,274
5824,28.734782385089694,25.24857476578596,2.25656461730082,3.0402563294989644,1.8886256897448572,28,2,273
5826,39.05387577229197,31.782101501165204,2.003329552797809,2.1177799354077496,1.878985300422826,28,3,272
5828,28.82022743543977,25.264811852981598,2.2557644289288383,3.080710700721736,1.881630219437707,28,4,271
5830,38.699551697978606,31.51504198920288,1.9938003511879971,2.1637448793153697,1.868342522610038,28,5,270
5832,28.46526973152355,24.832959741612573,2.2571525119254,3.126849374969193,1.8727601419388353,28,6,269
5834,38.6052414906155,31.13866351339678,1.994233953094661,2.045656147205805,1.863163803383198,28,7,268
5836,28.20037831853005,24.674852171119067,2.254738979525141,3.143614425957197,1.8657632276215046,28,8,267
5838,38.42604747702835,31.068710515588776,1.9932621441916,2.1356202266992863,1.8530972590844652,28,9,266
5840,28.459241345509497,24.895406841356955,2.2582134852820483,3.176248697225785,1.858642999683723,28,10,265
5842,39.0468968949422,31.618244836823447,1.9932668899112056,2.042987153745025,1.853375502508215,28,11,264
5844,28.63460559189433,24.993919378962513,2.2573390854177324,3.172777675647531,1.8581735024122166,28,12,263
5846,38.83676495861389,31.331528063668397,1.9945447573637072,1.978616239411895,1.8478823586231066,28,13,262
5848,28.36439008981736,24.80297144486912,2.255795255095618,3.187461231001114,1.8521738994623789,28,14,261
5850,38.49981470604549,31.132569191182142,1.9937887547057835,2.15845357648832,1.837328948442241,28,15,260
5852,28.1594205841221,24.51176932541328,2.257104148647461,3.2205895780370075,1.8429751277987763,28,16,259
5854,38.582340147970775,30.972969676157927,1.992201283338572,2.092603698932653,1.832695307479773,28,17,258
5856,28.01307299015277,24.44267945496156,2.2573078069144445,3.2327489336695137,1.837169520261325,28,18,257
5858,38.787499833494046,31.1990648511682,1.9945004268443045,2.152888643167804,1.8275277284905889,28,19,256
5860,28.536212131076272,24.98061830520359,2.261741119590189,3.245290824706756,1.8319542201243004,28,20,255
5862,39.31221126031847,31.722267598269813,1.9931746766502971,2.0537418826405966,1.8277691559641205,28,21,254
5864,28.941934192718502,25.37806773198085,2.254744158645107,3.2414914530804664,1.831053520070023,28,22,253
5866,39.40567993360536,31.900827580605675,1.9946160382197375,2.079330058633996,1.8221936236007856,28,23,252
5868,28.845042154275998,25.25198951518979,2.258807162947582,3.252050457945784,1.8261958914883378,28,24,251
5870,39.32802757827611,31.5372402498617,1.9952878943511756,2.075979330452076,1.8242584407474904,28,25,250
5871,28.650268868340454,24.74618517386197,2.2585848300420186,3.231006913482485,1.834773067016935,28,26,249
5872,38.6112528181758,31.24662583059252,1.9951041266249487,2.0674349483094465,1.8222968709239153,28,27,248
5874,28.293152961467708,24.568292813185277,2.255500726606694,3.2474350465338744,1.8259818020792045,28,28,247
5876,38.56972695128688,30.939399361884792,1.9939079880095487,2.037264031192436,1.8118306786592215,28,29,246
5878,28.15821896384421,24.46813967282139,2.257720008282533,3.2693701972960967,1.8168370318016136,28,30,245
5880,38.34572083526661,30.884857004354572,1.9931708315999248,2.1632674190148338,1.8018958274990609,28,31,244
5882,28.14052310759905,24.383631011491403,2.25837582999649,3.2934805592161784,1.80607722418126,28,32,243
5884,38.48254063494672,30.920682316695828,1.9937766833094568,2.106631526845483,1.796311290604812,28,33,242
5885,28.75985969623617,25.07100125430618,2.257603137775404,3.3430878237065715,1.7976022527284194,28,34,241
5886,41.0499421893331,33.880577817079796,1.993416647067197,2.1809272860788376,1.8312780528780856,28,35,240
5888,30.83734369244914,27.032480454408866,2.2571010001007035,3.1344560632568843,1.8487341475191512,28,36,239
5890,40.361944885615415,33.038339318294426,1.994657617315832,2.1773498094527195,1.8317383060861463,28,37,238
5892,30.256179923768244,26.29245192725164,2.25901127149411,3.193020262146675,1.8340308471587448,28,38,237
5894,39.6676965288026,32.27329169539202,1.9927642557550824,2.180136101967249,1.8163173679165368,28,39,236
5896,29.511842412811585,25.717432915400742,2.257827527648144,3.2375198160016345,1.8200980662052824,28,40,235
5898,39.481181404811096,31.937919783481355,1.9950332824030972,2.128629519907685,1.8064343691663287,28,41,234
5900,29.2001730897878,25.281300307037686,2.25924764393366,3.26482214302538,1.810882099686112,28,42,233
5902,39.4190511430692,31.688686599521045,1.994232501388858,2.155901281560187,1.7990139355200936,28,43,232
5904,29.003660704014656,25.227543828398364,2.2568491012736267,3.288602793574344,1.8002698132279844,28,44,231
5906,39.72196117128354,31.779120691032947,1.9927179646840103,2.067103728219671,1.7939851787233854,28,45,230
5908,29.209813810542578,25.459049490706317,2.260961049109437,3.297804083355706,1.794832004178584,28,46,229
5910,40.041366724781085,32.133873372089305,1.99371542403896,2.061983186454309,1.7889281717647347,28,47,228
5912,29.18041772363144,25.343396530192575,2.258636122503068,3.3061214365843226,1.7899253522051644,28,48,227
5914,39.66314441864834,31.889431533099835,1.99255052774098,2.143037413381466,1.77873079557331,28,49,226
5916,29.11844804300408,25.228421211568914,2.25830392558654,3.3263056672230387,1.7785719643291362,28,50,225
5918,39.84751541049116,31.817363280281278,1.994265959280498,1.992905798820928,1.7736818795438978,28,51,224
5920,28.99357038842017,25.11195849555622,2.261442593761467,3.326676406713008,1.777654103661254,28,52,223
5922,39.74335777163101,31.72316205746117,1.9932021181710204,2.0335961968180234,1.7683787460637161,28,53,222
5924,28.9660427547404,25.084968690362786,2.2604612537132738,3.3399660153456283,1.769159563077764,28,54,221
5926,40.07246786936068,31.957150654392294,1.9932663431900044,2.0213017345171265,1.763759718548529,28,55,220
5928,29.3765147762846,25.58786856081741,2.2569332802096187,3.346258120650001,1.7646229903533945,28,56,219
5930,40.24771611400392,32.29917704213345,1.9938941800121164,2.0789964919635966,1.7583083669215216,28,57,218
5932,29.326964606810204,25.48842021020059,2.259998699912,3.353927274259356,1.7589494407419457,28,58,217
5934,40.27220819224188,32.128842946565555,1.9929599237339224,1.9925354808829656,1.7525835363074187,28,59,216
5936,29.227532412342384,25.520562110849983,2.2593197213429037,3.3597926914012777,1.7535883783856705,28,60,215
5938,39.89848456781458,32.021134355757404,2.002837999763986,2.14041602578448,1.7426147065341895,28,61,214
5940,29.12070979710154,25.33659989417566,2.257580591092025,3.376509019874446,1.7436846343049113,28,62,213
5942,40.0571305311587,31.859048861486652,1.994963835157279,2.006753861515003,1.73803159369918,28,63,212
5944,29.02310593576804,25.20201911662045,2.2576286112338373,3.380599431151528,1.7394421781004146,28,64,211
5946,40.240711749549135,32.16100333536097,2.0016459444206927,2.121868132176415,1.7326816189303085,28,65,210
5948,29.46574411938269,25.656761357540805,2.258245841718614,3.3874643908747077,1.7331425695161464,28,66,209
5950,40.12941739090177,32.10276048728767,1.9940444299252396,2.011964875882845,1.7277750529192737,28,67,208
5951,29.5097440133462,25.703556204950726,2.258186681343964,3.384148738889905,1.7306025666204339,28,68,207
5952,40.3959693732437,32.33880662180898,1.99394242124594,2.0744390946376323,1.7227450346671636,28,69,206
5954,29.38791800126621,25.605973227211333,2.2565198053976188,3.3958097418259205,1.7226447427960885,28,70,205
5956,40.18751058333668,32.21373014824893,1.994068391906693,2.188793384556236,1.7123397579890853,28,71,204
5958,29.24631551480774,25.387711853967417,2.2568508289793328,3.40732726471443,1.7134941199493157,28,72,203
5960,40.14605167557969,32.09949526722965,1.9931157642861432,2.1739523632140685,1.706415331485726,28,73,202
5962,29.17275271161273,25.34324683845571,2.259539997317955,3.411722460954055,1.7082999092418372,28,74,201
5964,40.18846095484838,32.11305439113157,1.9932876007572091,2.1783847786257136,1.7018564078772058,28,75,200
5966,29.21475971618361,25.40483874017581,2.25643385717496,3.416241958699925,1.7025273517660244,28,76,199
5968,40.2789498830108,32.20371989479744,1.9932567265208057,2.191481814157953,1.69664240237683,28,77,198
5970,29.26292921590928,25.53866446967712,2.258322298582479,3.4196364100267758,1.6971781299761945,28,78,197
5972,40.310727434969614,32.23340825772458,1.993361006627344,2.1753473356526807,1.6919465713508786,28,79,196
5974,29.24635618901523,25.392212094931914,2.2589681205832584,3.4230046773800957,1.6923842429794251,28,80,195
5976,40.31733812871393,32.212169716369466,1.9942955362628867,2.1832922624558813,1.6861522277740566,28,81,194
5978,29.246890579031508,25.37882063803655,2.257276502783645,3.425725733310602,1.687321934676195,28,82,193
5980,40.332563430145015,32.21746401954225,1.9951017113211476,2.192864020990023,1.6809684835702723,28,83,192
5982,29.227147864241523,25.36610442135351,2.256202226309472,3.429153432536516,1.6815462324926305,28,84,191
5984,40.431258866851486,32.23410177209761,1.9939693898192543,2.156097212664392,1.6761769576323122,28,85,190
5986,29.24258075677239,25.36601497084141,2.2576076874496755,3.430660001964537,1.6779281833563182,28,86,189
5988,40.46247985933005,32.228343983674435,1.9959097500887344,2.138540138129487,1.671325378308302,28,87,188
5990,29.205804963938984,25.328687996097223,2.2559698725759985,3.4323801576639834,1.6733466884732024,28,88,187
5992,40.40103455658551,32.1833106060944,1.9950531920364836,2.1646493163558524,1.6659497158262415,28,89,186
5994,29.15027468636607,25.324904467851695,2.2586154785414965,3.4364884554424178,1.6664038144446285,28,90,185
5996,40.4426971996319,32.17200142078129,1.993252278498655,2.1187211383693167,1.6604881076487283,28,91,184
5998,29.06974419637953,25.15003755101717,2.2596361366365243,3.437390590174292,1.662100077140783,28,92,183
6000,40.26214977673693,32.03316223587618,1.9934424013813437,2.1377868706438155,1.6602561800126316,28,93,182
6001,29.34533677244953,25.474627913650302,2.2575471354309986,3.4601443516238364,1.6557177581420521,28,94,181
6002,40.64566836195685,32.506671891788216,1.993721164618022,2.103155697792567,1.6651901326573508,28,95,180
6004,29.2273186966708,25.309912948438804,2.2578144403866363,3.4272940026925487,1.667367077034737,28,96,179
6006,39.95209030011925,31.961039485620926,1.995080127131668,2.186737546753024,1.6503476506735772,28,97,178
6008,28.734579293571617,24.83271348154768,2.257803885265159,3.438748576471188,1.6532443830262527,28,98,177
6010,40.16503458324407,31.798082670491866,1.9937540476262583,2.100774791159369,1.6453643701617962,28,99,176
6012,28.661365876187777,24.88956188067808,2.256363794384646,3.439361746601517,1.6472616190647518,28,100,175
6014,40.36674175781141,31.95802833708937,1.9934634318284483,2.1417010068719846,1.6405723282935025,28,101,174
6016,29.00140228722429,25.13848713559105,2.2547997798913597,3.4422909692222348,1.6419676238584775,28,102,173
6018,40.88269125311642,32.418131697462755,1.9955237523449136,2.0912297625621297,1.6398172829202333,28,103,172
6020,29.537310773703567,25.67656084340354,2.2575052091681385,3.440167531478127,1.6411431974668278,28,104,171
6022,40.85633220225456,32.64044972789331,1.9937747556066168,2.166300950520593,1.6354662322934128,28,105,170
6024,29.488543232595912,25.62368416476886,2.2583118126282766,3.442544012611506,1.6364573585637785,28,106,169
6026,40.7780246115985,32.56399373078006,1.993529946094214,2.1843637809529235,1.6295978762616465,28,107,168
6028,29.34495730340989,25.554462099423464,2.2561160307677173,3.446221259821577,1.6304413880736184,28,108,167
6030,40.5829305350897,32.28305350922276,1.9937950394148771,2.113995772639173,1.6247445560775966,28,109,166
6032,28.99728748630905,25.086777788456857,2.2565972479494287,3.4475763911040884,1.6250110282557033,28,110,165
6034,40.6345689985191,32.06065237439007,1.994813747444024,2.0287779476202195,1.6200110476582625,28,111,164
6036,28.942764795322784,25.056441260108773,2.2587285258591323,3.4474734570188126,1.621137279597127,28,112,163
6038,40.75070125010339,32.365261126964526,1.994905249607193,2.1948906641943635,1.6150573334208287,28,113,162
6040,29.43565303942756,25.564533976059447,2.2578935905489,3.4521481957478666,1.616583972873032,28,114,161
6042,41.0672419235651,32.68851871366292,1.9940601969636649,2.1621122251410005,1.6145820819454735,28,115,160
6044,29.629351330078237,25.71603687619593,2.2576276206357586,3.449998672984214,1.6159913814543043,28,116,159
6046,41.40590880756584,32.747733642524246,1.9937194932286224,2.0092802451741245,1.6148057066120742,28,117,158
6049,41.01558674901627,32.50500516961017,1.9937139334305616,2.144268362237989,1.712927946186764,28,118,157
6051,29.492381619864656,25.61627855252211,2.259536832988886,3.444905434804836,1.64003223412061,28,119,156
6052,41.31851435911838,32.91993878980997,1.9940123642001173,2.0962813773920197,1.6500819621462108,28,120,155
6054,30.056355404654543,26.192445895478503,2.25984186287353,3.4128725007871648,1.6495241351438579,28,121,154
6056,41.4002950560853,32.948305858317944,1.9933319825535087,2.037656085248936,1.6397656608575055,28,122,153
6058,29.9217154585725,25.99244956080433,2.257119845149217,3.420917293330436,1.6391985549619557,28,123,152
6060,41.2508092329952,32.76906651915661,1.9934516762680057,2.050265845971926,1.6296761858018656,28,124,151
6062,29.685947006810565,25.7378775367257,2.2580269759095866,3.428883275083532,1.62907363642146,28,125,150
6064,40.95362783962595,32.59734424608833,1.994203337533412,2.1421639870693685,1.6189903302168103,28,126,149
6066,29.52893852325117,25.603747603389166,2.2588361587869192,3.4381876429567035,1.619744115509475,28,127,148
6068,40.989022190981714,32.52349894408369,1.9942540792901025,2.093098662464846,1.6144678451299883,28,128,147
6070,29.489260448244107,25.574680690927398,2.2578079576131604,3.4400904606244587,1.6145123124697451,28,129,146
6072,41.02622774121347,32.578228834731775,1.999980148540772,2.109503853325003,1.6094293397117418,28,130,145
6074,29.55566354995405,25.62855590034613,2.257102592373184,3.4431661794657757,1.6084542968454332,28,131,144
6076,41.01371342582121,32.62728298499839,1.995744295058308,2.1295447836320704,1.6040326523018948,28,132,143
6078,29.573584932950624,25.704388603277437,2.2580114961651523,3.445279149806934,1.6039303072027375,28,133,142
6080,41.04923314430273,32.652115712561326,1.995283636272928,2.138556110583413,1.5992977156114052,28,134,141
6082,29.574504883211656,25.63485128551617,2.2598985853212543,3.4484807940696336,1.598724153569629,28,135,140
6084,41.05277512550887,32.64767456395258,1.9943198333456515,2.143779366990932,1.5939076477841838,28,136,139
6086,29.59702533136257,25.6527336441731,2.2580707743707293,3.450761952918757,1.594367057933732,28,137,138
6088,41.02092182377061,32.69938792310311,1.9968908750212224,2.199196544880164,1.5891502676011144,28,138,137
6090,29.608387587301,25.668484796650063,2.256273737870077,3.453533218535534,1.5888417530840926,28,139,136
6092,41.34840278359994,32.724576765133094,1.9939195524210047,2.0252901014990434,1.5893237737378407,28,140,135
6094,29.610572699408397,25.74432548238452,2.2561311748891355,3.449609110599129,1.5889914208606197,28,141,134
6096,41.23753665797544,32.70434030242972,1.9941986616958332,2.0874226328484515,1.5838167436941688,28,142,133
6098,29.581957944882603,25.633915030387637,2.25781444074406,3.453203709197547,1.5837435388029601,28,143,132
6100,41.21700308433066,32.74051962267582,1.9932029763532653,2.0863200514042264,1.589084240246478,28,144,131
6102,29.869815946124863,26.086357315160182,2.26044629702722,3.474066303192785,1.5895540982093053,28,145,130
6103,41.89753189273277,33.38712825139849,1.99697276936168,2.0588247910323827,1.599072467997887,28,146,129
6105,30.28624835971873,26.36503424612251,2.2579101044409127,3.441155396926415,1.5985530100800984,28,147,128
6107,41.90270996402953,33.270627344923426,2.0040394709724123,2.007722684403967,1.5893600099595029,28,148,127
6109,30.11536638731283,26.295278993185978,2.259929684740767,3.445872213255988,1.5880747040002996,28,149,126
6111,41.48233804274523,33.115074143665915,2.0003771874564404,2.190682586389996,1.5785177567135298,28,150,125
6113,29.940843049405785,26.019053861613617,2.258982739820645,3.4537456835985108,1.5752765436298477,28,151,124
6115,41.6411622659972,32.90572814040102,2.005293715624197,2.008435320437976,1.5740000521310509,28,152,123
6117,29.783065327576665,25.806756459289247,2.255223398916022,3.4509356247774288,1.5763313215787997,28,153,122
6119,41.433877603827945,32.953112654161664,1.9945472659822976,2.164636064139996,1.5679999189918266,28,154,121
6121,29.877944013477087,26.09212236076689,2.259596881543815,3.4578129478367954,1.5668087638478059,28,155,120
6123,41.8543569979417,33.2282109237263,1.9938553434941435,2.064742753691984,1.5691106393506953,28,156,119
6125,30.19701485838157,26.277216685610476,2.259158636180731,3.454965319144475,1.5685714683758138,28,157,118
6127,41.78271326384125,33.361342590516294,1.994538814315664,2.170172617792397,1.563292403289754,28,158,117
6129,30.16491960110753,26.15850923293319,2.2569537095235206,3.4590321960495136,1.5628295534731105,28,159,116
6131,41.62744766181303,33.12431679486816,2.0003871362753527,2.120750718982474,1.5583373324505823,28,160,115
6133,29.80917785848533,25.828357624929552,2.257525864287733,3.460213197821777,1.5570359729721546,28,161,114
6135,41.552128441464966,32.991553593266204,1.996471333028226,2.13627215665258,1.552878953757077,28,162,113
6137,29.89283012850155,26.095617992004808,2.2570099014195613,3.461840732568602,1.5525103948672536,28,163,112
6139,41.839167194182565,33.2318318845246,1.9936433250812409,2.093857236476905,1.553069948397462,28,164,111
6141,30.164464056505928,26.2476737776028,2.257936869795089,3.4606976274936625,1.5517413335924064,28,165,110
6143,42.23998716092915,33.509812392094496,1.9952567240378405,1.9959465760122976,1.5531501891813029,28,166,109
6145,30.30672706771009,26.33793086974434,2.256062462105012,3.458030514001882,1.552160873847725,28,167,108
6147,42.04090238497712,33.382402850667845,2.001090966399853,2.0305769860653866,1.547955372566583,28,168,107
6149,30.10906979934324,26.124984681348387,2.259058585442117,3.459949861559192,1.5482378687796434,28,169,106
6151,41.803429062834496,33.17829959346276,1.9951199234830208,2.0758803797636745,1.5427397741089666,28,170,105
6153,29.88284075789973,25.852136896684545,2.257907903007756,3.46228066697465,1.5422210583959262,28,171,104
6155,41.6886924602386,33.01591345323486,1.995116853206629,2.079354904824249,1.537826810352851,28,172,103
6157,29.8612751603721,25.97324099771749,2.257241324478822,3.4636127352061976,1.537539569511383,28,173,102
6159,41.98817160118213,33.271000362987586,1.9949523118907797,2.0585109366080414,1.5376799163150534,28,174,101
6161,30.19053544431481,26.37673825663932,2.2595809027237586,3.4625380421291427,1.5368489121601576,28,175,100
6163,42.33252236723314,33.61966967517867,1.994323430810411,2.0253107306977376,1.5380472634247562,28,176,99
6165,30.51470759808182,26.6494219312268,2.257798765752091,3.461673906528261,1.5369337918973969,28,177,98
6167,41.63553796804361,33.29697162630193,1.9935581248677676,2.0069579017420067,1.5580488439366298,28,178,97
6168,30.11898688196776,26.383044651599388,2.257732524992908,3.464235866571072,1.5640622102356598,28,179,96
6169,41.470498076928735,33.393130865360554,2.002748484975491,2.19792648712031,1.5578950737028456,28,180,95
6171,30.279995940987064,26.395185471876317,2.2569767043713065,3.4522230178897524,1.5562051520604723,28,181,94
6173,41.54038193238441,33.138207103628474,1.9944619397860408,2.0299415196572554,1.5477669619589283,28,182,93
6175,29.884417292240716,25.99418114123559,2.255662068284336,3.453635008201832,1.5474107703473632,28,183,92
6177,41.13947017697289,32.84069778843796,1.993640903324712,2.117150391576778,1.5377046718625509,28,184,91
6179,29.63090988603296,25.74488779237481,2.2568773718044937,3.4582094661693827,1.5382420486947261,28,185,90
6181,41.09041922644824,32.75739655594484,1.994011319738722,2.130989905274772,1.5318259006586357,28,186,89
6183,29.598129752060995,25.71873647224021,2.2582502812523337,3.461064524519648,1.5319835314318733,28,187,88
6185,41.10034021580957,32.77234087259374,1.9944414808648836,2.129431831748565,1.5272466448571733,28,188,87
6187,29.56428410850564,25.673994611790967,2.261216960162669,3.4624903192213274,1.5272564306549814,28,189,86
6189,41.03075447325996,32.720417557744895,1.992734445097276,2.164511453629433,1.5219102875481252,28,190,85
6191,29.569686993063936,25.676415041989998,2.252544418256348,3.46317040283679,1.5218526204088776,28,191,84
6193,40.99688397371006,32.710022803073514,1.994256304880574,2.1743012710834013,1.5169244670285524,28,192,83
6195,29.47707186079132,25.56512774573633,2.255900708634216,3.464456527696152,1.5173148401993501,28,193,82
6197,40.88481342461614,32.62076759783716,1.993300105892976,2.1928976284966537,1.5112029165659036,28,194,81
6199,29.374914905673503,25.559920462706533,2.2589460744649728,3.466691378043697,1.511366776665031,28,195,80
6201,41.09400879501426,32.57651826255201,1.994355063355133,2.029849589914729,1.5116035043189853,28,196,79
6203,29.358312360503614,25.488875323515025,2.258542844329382,3.4632500212285176,1.5122919946326507,28,197,78
6205,41.01377835587309,32.58396494906228,1.9927610429233324,2.095949224783681,1.506611859399193,28,198,77
6207,29.383571730227786,25.487686966812053,2.258716490308573,3.465482224999649,1.5073075529557292,28,199,76
6209,40.90635248178393,32.623742674615976,1.9944391195904976,2.177723491219515,1.5015197498525221,28,200,75
6211,29.38064125671952,25.448935623731767,2.2564909012037067,3.468149058038774,1.5025908032417246,28,201,74
6213,41.06596192416311,32.58599202496769,1.994379463643991,2.056251340337525,1.5010235281640598,28,202,73
6215,29.30707116934896,25.401218153058803,2.257969068065784,3.466273152441549,1.500714060392008,28,203,72
6217,40.84520330629611,32.864544723781215,1.992644974954703,2.1512510632923165,1.506007736669055,28,204,71
6218,29.669057228550887,25.892291164391303,2.2578025360471528,3.480355203803637,1.511769203774849,28,205,70
6219,41.12807910254104,33.079651096902374,1.9933389783603288,2.1693699073642034,1.5168693575881576,28,206,69
6220,30.05088773324804,26.195166662980835,2.255855489249506,3.433264946104916,1.5170180620333407,28,207,68
6221,41.094988453128494,32.932141650182686,1.9933817364068824,2.116759239247948,1.506127965354888,28,208,67
6223,29.64944323132459,25.775432615050974,2.255906181220569,3.462285438762016,1.5069321686106878,28,209,66
6225,41.11877573165318,32.755748003791545,1.9932411647857315,2.009424225590032,1.5012385247553293,28,210,65
6227,29.390818858325176,25.502094661985332,2.2522363111364445,3.461845869782442,1.5022223944515614,28,211,64
6229,40.98003499062696,32.52965474617847,1.995591810750265,2.0034792344341588,1.4961803118983437,28,212,63
6231,29.386940749297118,25.633883413252562,2.258114717902984,3.4628007070501536,1.4969311043683926,28,213,62
6233,41.017509953482886,32.848065199041,1.9935321227601952,2.172988732474185,1.49101112606186,28,214,61
6235,29.73260028422372,25.938494846858667,2.2562328997373022,3.466432952965466,1.4926371349983312,28,215,60
6237,41.299420742573055,33.072327061961936,1.9930538887372675,2.087464676179042,1.4911721882360118,28,216,59
6239,29.774982060233484,25.940545343617295,2.256373893963063,3.464968643287994,1.491748930463982,28,217,58
6241,41.105738037939375,32.85096451719535,1.996737767854495,2.110564313669325,1.4858666965307439,28,218,57
6243,29.490551964069198,25.680165940793994,2.2571590453370423,3.466044204993785,1.4856632066578241,28,219,56
6245,40.87704013237699,32.57230232995455,1.9940890874950363,2.0724687293779813,1.4807852636482066,28,220,55
6247,29.190163881380062,25.300800520190858,2.257554114506629,3.4662552193383576,1.482018102107702,28,221,54
6249,40.73021986226824,32.45068444176091,1.9932272893446616,2.1253826973270518,1.475463006381773,28,222,53
6251,29.208672053167405,25.391998291850797,2.255133153543163,3.46829613962132,1.4763114642372093,28,223,52
6253,41.03226257370644,32.7394359440147,1.9966895581151056,2.1147331324879475,1.4757262879778916,28,224,51
6255,29.453610291006044,25.6831340414972,2.256906167617702,3.467241409467978,1.475952447169895,28,225,50
6257,40.89527781087817,32.775898242252914,1.9930274022141448,2.1738445330859366,1.4709153790366938,28,226,49
6259,29.4002159239623,25.622119348419083,2.257868026922765,3.4691175130491394,1.4712476339997653,28,227,48
6261,41.02491521192672,32.5817324044051,1.9935942445664656,1.9947266977360072,1.4709004549454583,28,228,47
6263,29.113406673153683,25.24459175658463,2.258617736872377,3.4657943900903527,1.4710418868762634,28,229,46
6265,40.81596834579472,32.35021153014993,1.994370314261552,2.0033802121225017,1.4654719834406276,28,230,45
6267,28.907801618466586,25.02365948571139,2.259350978788352,3.4668131281524825,1.4666904158354352,28,231,44
6269,40.65138669632271,32.28754240914786,1.9938361784378091,2.116470909151213,1.4603426985699886,28,232,43
6271,28.99403425065165,25.179508727208052,2.256353178406088,3.469423844237273,1.4605094007039345,28,233,42
6273,40.965385542419945,32.603239183227075,1.9942060517882436,2.051877342511651,1.4609352642646058,28,234,41
6275,29.23623523004328,25.490818359886532,2.25840755446194,3.467729347782864,1.460913231648439,28,235,40
6277,41.11319128215138,32.61208344144242,1.993515247147098,2.003221375307111,1.4603803768481924,28,236,39
6279,29.260162178612,25.42722650994729,2.259097266720638,3.4666311734732704,1.4581701594364371,28,237,38
6281,40.78738321989129,32.26742656599958,1.99378580594933,1.9865974995249176,1.4659478953502343,28,238,37
6283,28.954663869279077,25.255921086783268,2.2567865372680984,3.476948610617256,1.4687572940491154,28,239,36
6284,40.73001188190229,32.637733704417855,1.996213250941652,2.1908121182442706,1.4860167165609204,28,240,35
6286,29.42943562413917,25.59348621208872,2.2549548700674427,3.4579398064036844,1.488296893728128,28,241,34
6288,40.990354594470126,32.665258715232376,1.993458887321793,2.033261415031626,1.475938768183551,28,242,33
6290,29.365754863675,25.518978023424353,2.25880994914598,3.459447876305385,1.4768988547766537,28,243,32
6292,40.62521315513875,32.502652632323915,1.9936626344417876,2.19135439601875,1.4659798857980384,28,244,31
6294,29.18156159876141,25.42437424452934,2.2584783582795844,3.4642547434680373,1.4657708935138645,28,245,30
6296,40.58944296824891,32.446842086875606,1.9935668796843675,2.1840705012733683,1.4605685998191131,28,246,29
6298,29.11061940894592,25.283850691977545,2.255748051528351,3.466210100780912,1.4605277304208895,28,247,28
6300,40.584393586876246,32.39361892904713,1.9934697961408,2.1664368343684446,1.4556981949549759,28,248,27
6302,29.06555232624057,25.219518229828754,2.2584636147375927,3.466914927624725,1.4560067086482285,28,249,26
6304,40.884444140401214,32.417221778010834,1.9934414275491172,1.987193667465448,1.4559679028525339,28,250,25
6306,29.04585339751556,25.266231486558603,2.256396613983185,3.464270782504146,1.456128924808629,28,251,24
6308,40.65159637790841,32.40094040453025,1.9940355259074865,2.1314172797434523,1.450331183172271,28,252,23
6310,29.05618290210888,25.207190052999604,2.25866372505632,3.4669879191412143,1.4505847512754508,28,253,22
6312,40.53138082339522,32.36314241861483,1.993771785891296,2.188995882590831,1.4448338084328114,28,254,21
6314,28.98532286604206,25.097670267805956,2.257828874652089,3.468924388400469,1.445573468588619,28,255,20
6316,40.821433488540606,32.382600705235255,1.9938797141417293,2.032246494641712,1.4453753851880613,28,256,19
6318,29.02814341192068,25.242481368878632,2.256883229165372,3.466506636972277,1.4451689126833736,28,257,18
6320,40.643362943412974,32.4323818014572,1.9940053249383376,2.1695130053947387,1.440433230251002,28,258,17
6322,29.06882936597328,25.27607020296545,2.2572880389632104,3.4688337249306667,1.4391345653725076,28,259,16
6324,40.97063567014205,32.4886182994049,1.9936134940183787,1.9917978280585305,1.4407412714460885,28,260,15
6326,29.11731427294074,25.27314773582078,2.256584666445211,3.465165759249012,1.441786840269284,28,261,14
6328,40.74888323397497,32.524062377970175,1.9932783787552537,2.1534486462617077,1.434976426214854,28,262,13
6330,29.085224991378187,25.26421894976394,2.2565642169956748,3.468982709330772,1.436140776351446,28,263,12
6332,40.93461596721165,32.482615965621896,1.9936687629475545,2.0101572712330453,1.4351304036947048,28,264,11
6334,29.021049593818244,25.247717236760785,2.2553648076231005,3.467015249346346,1.4357105071270309,28,265,10
6336,40.74175890345818,32.46389583182878,1.9932378340066104,2.132718741006573,1.4303254115437374,28,266,9
6338,29.067548735124177,25.27414999815343,2.2577916800977387,3.468905799580748,1.4298702106438401,28,267,8
6340,41.00964443691023,32.55681404542561,1.9929534332525367,2.0114763339798887,1.4304177760980343,28,268,7
6342,29.14009489190413,25.294181907809836,2.260051890802192,3.467195316855883,1.4302711426642827,28,269,6
6344,40.80558697887537,32.576296430484255,1.997554904717948,2.1610456063312298,1.4245759097122876,28,270,5
6346,29.16287926072855,25.431335735111634,2.2572760258661715,3.469600501806624,1.4251129626687673,28,271,4
6348,40.92586026351328,32.81804879809979,1.9933150584565904,2.0143553387267827,1.4458594275701884,28,272,3
6349,28.656686168389815,25.138343976613978,2.258102044939049,3.477083214921946,1.4509889065428183,28,273,2
6350,40.57390100608222,32.92941193334214,2.00603752072988,2.1732119934933296,1.4565465631206378,28,274,1
6353,26.713023146449626,24.42229248876264,4.034444944556543,3.4476511473865226,0.7868136847337892,28,275,0
6355,38.10180309676608,31.773285281389256,2.012995081928318,2.472160843460044,1.8683727988907475,29,1,627
6357,28.630657651876884,25.545536174167466,3.326249394558189,2.9685854954975253,1.8754237752907195,29,2,626
6359,38.14987995994155,31.92489159472864,2.012643873951446,2.4114381994148304,1.8566425711941408,29,3,625
6361,28.510311181520592,25.446466159720142,3.376134513513652,3.0007459097531988,1.87406262523862,29,4,624
6363,37.5266914843442,31.31691283374216,2.0118244627327857,2.394395968141027,1.8531673472578591,29,5,623
6365,27.94743032564124,24.873840724794903,3.412669362782613,3.0220629037841675,1.8654100270466563,29,6,622
6367,37.06279237079503,30.821190751176527,2.0135271229076634,2.3999481734774424,1.844376925762404,29,7,621
6369,28.182349581908053,25.184745587136256,3.494189677345426,3.081310778261303,1.8523703487874505,29,8,620
6370,38.2110354381278,31.95346971511436,2.014479287336525,2.3851461229395867,1.8465123553380365,29,9,619
6371,36.186651345077465,26.83090280704791,3.1900654194476274,2.8920212868007718,1.8602098202567416,29,10,618
6372,38.17496505957075,32.02311236185272,2.01246830059768,2.371677070838912,1.8424204720530513,29,11,617
6373,36.13935430758997,26.61268615987212,3.1959371431389942,2.888925922677476,1.8538404963792698,29,12,616
6374,37.64038685475582,31.634533158077698,2.0129654127777004,2.4964491577040797,1.8295853175815435,29,13,615
6375,35.46420583269735,26.18146965124729,3.257740626726666,2.934228742554025,1.841670604510915,29,14,614
6376,37.37602884738843,31.28819492159572,2.0253396376938984,2.4374506721131883,1.8236384283336813,29,15,613
6377,35.219777661310665,25.91755929599645,3.2517094613293422,2.933503829884343,1.8348122924414794,29,16,612
6379,37.28928029078695,31.11122470608501,2.0164107237206794,2.4152206992194847,1.8183564280802218,29,17,611
6381,27.55080800546333,24.489490921475447,3.610323669515669,3.154394449334329,1.828185257139575,29,18,610
6382,37.52377766578506,31.13166983979621,2.0137948590788683,2.377432309524995,1.8372517178195047,29,19,609
6383,35.44332890427652,26.14682102086347,3.2231431209359425,2.919401031183828,1.8482638702145477,29,20,608
6384,37.72420412562674,31.51305775907457,2.0130992718348324,2.3887487262583647,1.8263312789243658,29,21,607
6385,35.51794239177923,26.252986903576208,3.253803882663408,2.935169525749225,1.8377619271486758,29,22,606
6386,37.41366095304306,31.31102568785445,2.012646457499825,2.432289857016922,1.813357299319065,29,23,605
6387,35.081542638352914,25.853699304554265,3.2977483371204106,2.962356410234656,1.825442294764493,29,24,604
6388,36.94724908852665,30.893964711700164,2.011939908405691,2.497495633221204,1.7994883639256565,29,25,603
6389,34.460585087793035,25.419542407670075,3.34147442757836,2.992034431213861,1.8133533645099194,29,26,602
6391,36.70709131205994,30.540598970902945,2.013704827395307,2.478768686108376,1.792170110844733,29,27,601
6393,27.33771267675062,24.304660185191814,3.611484211409155,3.170863201975345,1.8060718870032577,29,28,600
6394,37.13061214416645,30.82566018736547,2.0130040542547274,2.385849407868021,1.7954094465899864,29,29,599
6395,34.69043264785862,25.891404452355065,3.325447012761884,2.991394578819033,1.8041308229182411,29,30,598
6396,37.686600065941576,31.451400678644543,2.014784153266325,2.372854084449551,1.785782260841724,29,31,597
6397,35.105681007040275,26.338798726333607,3.3326871676553105,3.000667324114639,1.799619531102153,29,32,596
6398,37.633580732302406,31.518847747922937,2.0129355983090056,2.4086912736769084,1.7775124519859842,29,33,595
6399,35.05533549707359,26.07003491744081,3.3609357256565078,3.01251531260669,1.788861042630264,29,34,594
6400,37.15252578645951,31.11237289077096,2.0117266911103093,2.496331992137246,1.7625266947676845,29,35,593
6401,34.25023256471148,25.562018261524052,3.417324167012539,3.046738513507221,1.776023497792563,29,36,592
6403,36.78829001793698,30.586452588663985,2.012077515518729,2.4199896352919668,1.7551646798864668,29,37,591
6405,27.30484922551561,24.239098701090988,3.664647871289196,3.208933728707651,1.7712512669666471,29,38,590
6406,36.541146197392216,30.242913021104116,2.011349710066744,2.3587321881999297,1.7525432533200365,29,39,589
6407,33.74508513415117,24.743544206187746,3.3989753526176085,3.0369083632672687,1.7670579949708074,29,40,588
6408,36.372087786130464,30.10270376338569,2.0122749284189503,2.4458096660548825,1.7405416069184154,29,41,587
6409,33.43044436107721,24.96960156651026,3.434181951757941,3.061773256241737,1.7423255983950625,29,42,586
6410,36.52608510498833,30.251184852221932,2.012448687975656,2.3808537751929744,1.7235903149802392,29,43,585
6411,33.17568639783767,24.775220976126924,3.456076236102611,3.0752576679585832,1.7448401484968967,29,44,584
6412,36.476252762052624,30.212407704391104,2.012334644346066,2.436955746154759,1.7205153450111674,29,45,583
6413,33.257530217998394,24.743273709867076,3.466023434782026,3.0864152941941394,1.7378054059134023,29,46,582
6415,36.37720890237669,30.125011009636175,2.0122688936966697,2.4671365731790718,1.716630045199375,29,47,581
6417,26.463639728406417,23.451833761379476,3.802716421969485,3.283270022030334,1.7275574824710305,29,48,580
6418,36.64000948247426,30.22428629982563,2.012513173999148,2.4129371999368505,1.7583644514883707,29,49,579
6419,33.77495462375256,25.23866382689419,3.3922249588412887,3.0446180357697537,1.7718700683338102,29,50,578
6420,37.38165499248184,30.976376254737342,2.0129844574191207,2.3497771039810256,1.747983482535042,29,51,577
6421,34.42643355981792,25.942576564414136,3.4068630357438208,3.0530800860238743,1.7593470983653055,29,52,576
6422,37.59824760372582,31.415702913300986,2.013596799411644,2.4904700018477026,1.7314425779203193,29,53,575
6423,34.35860472854562,26.097017175204584,3.4585205777910204,3.087837667509885,1.7451030864765065,29,54,574
6424,37.56055515516341,31.383299841535273,2.0157162812456435,2.4650908929255406,1.7211159709221293,29,55,573
6425,34.2024080930246,25.923942041376847,3.476664400513548,3.099810529931678,1.734868362707801,29,56,572
6427,37.52114200586718,31.167937826253638,2.0125462740568847,2.363133281953362,1.7147150777698812,29,57,571
6429,27.96296469695956,24.89634801754428,3.7107399641053087,3.2469993826522137,1.7290621144234255,29,58,570
6430,37.21887096740918,30.994690437264207,2.012800439982786,2.4790616361836206,1.7033775125258277,29,59,569
6431,33.690112246938114,25.529668879010824,3.504758304498899,3.117448888611463,1.7167506547410676,29,60,568
6432,37.33441415744885,31.055317978554886,2.0132684044986244,2.491905723274248,1.6913383238843307,29,61,567
6433,33.65112802729902,25.707749149739985,3.511152190619516,3.1311077416456694,1.704737399014681,29,62,566
6434,37.7331798444306,31.373945543706103,2.013231862286827,2.4337177596826547,1.6864202936599857,29,63,565
6435,34.065730915484814,26.05899080017432,3.5085205704036566,3.1282011949858446,1.6965173317931896,29,64,564
6436,37.84649344841882,31.56128410753226,2.0132145295965795,2.4424506461535755,1.6749815333000746,29,65,563
6437,34.043826750742646,26.018613481994876,3.529018731618291,3.137168133817904,1.6896057591646974,29,66,562
6439,37.6701649416618,31.318474723902874,2.014122293372892,2.4383419399858552,1.6667274825937852,29,67,561
6441,28.00767295013868,24.924420223062885,3.768692327538457,3.28643998553656,1.6847655130538806,29,68,560
6442,37.53185198546868,31.104012325043954,2.0127023314619743,2.4157245398944123,1.6641067984902282,29,69,559
6443,33.6468535523426,25.472278015626834,3.546790523849352,3.146585513063646,1.678455746437388,29,70,558
6444,37.593333753421376,30.989730398009076,2.013140654116361,2.323395712524894,1.655143329076084,29,71,557
6445,33.54043034547115,25.361434715128922,3.544560691202721,3.14735874054838,1.666073983779365,29,72,556
6446,37.36141011067826,30.967851972472324,2.014033000339436,2.4985039496028567,1.637332035148048,29,73,555
6447,33.06778657550314,25.44207618553034,3.579600367893411,3.177936797919733,1.6535974262869457,29,74,554
6448,37.89980324671546,31.285342046153826,2.012673084048405,2.350237238739749,1.6381990290905935,29,75,553
6449,33.70577468846928,25.831018575864743,3.558369550896654,3.164268353631712,1.6488591964680832,29,76,552
6451,38.03149707759718,31.41096207271253,2.012635202899368,2.3337740352348813,1.6300505728617423,29,77,551
6453,26.955933357562675,23.918488508769666,3.850396365103245,3.3259276713449832,1.6464633599095397,29,78,550
6454,37.42220155418978,30.755137125871208,2.01318368468478,2.317647291087635,1.69212165192729,29,79,549
6455,34.02194588179759,25.50617247150571,3.449420530303972,3.084356175292055,1.702511373281641,29,80,548
6456,37.32511174435206,30.977446633931525,2.012193154001789,2.492394514304757,1.659031584826147,29,81,547
6457,33.35597362804456,25.35253952946816,3.54323848440388,3.139417089797943,1.6794474002933255,29,82,546
6458,37.31088262198154,30.800512192698992,2.012774153678253,2.372828310153791,1.6485721565398777,29,83,545
6459,33.32080982918044,25.10028019162854,3.552237646584932,3.141019742020337,1.6623452796523743,29,84,544
6460,37.23234655688736,30.616192795676138,2.012946778665685,2.3560703177076867,1.6326759577764172,29,85,543
6461,33.04861913599422,24.870900772580274,3.5649861119634103,3.1522813600839314,1.6518602536937905,29,86,542
6463,36.94850857727268,30.399839302766903,2.0135827897679706,2.4644431530094417,1.6207496850446304,29,87,541
6465,27.09614935429988,23.954563351010155,3.7994548262761327,3.309558367087685,1.6335739288181963,29,88,540
6466,37.002663545357386,30.38386825126278,2.013020303951627,2.4195167274486726,1.6117285236045238,29,89,539
6467,32.65870035016188,26.71071590616955,3.5874372225342466,3.17053557456241,,29,90,538
6468,23.191779614571548,23.04165740184246,4.4309543625722085,3.7134307419736,0.17339825201803452,29,91,537
6469,36.71025442949399,30.576239500422755,2.023314533825632,2.3422406504312434,1.7423156549420078,29,92,536
6470,33.757969974021854,25.5157207896412,3.202262860695824,2.9112028773941705,1.759239551386424,29,93,535
6471,36.72807623650589,30.705906284556665,2.012680983917414,2.3755467142668496,1.726054461250521,29,94,534
6472,33.625519091278925,25.40320261606661,3.3006506392494632,2.9743184260591358,1.74108292006423,29,95,533
6473,36.72959308355185,30.62583594950684,2.0115911942512583,2.414629137532592,1.7053449248348402,29,96,532
6474,33.505246143795205,25.318880573273056,3.38063453683454,3.028919517713672,1.719207799813372,29,97,531
6475,36.787462351640364,30.597357068657974,2.01260531537844,2.3844645496129964,1.68731573392794,29,98,530
6476,33.452138115876444,25.191562555105925,3.4215870166257587,3.059349843868466,1.6998226191495145,29,99,529
6477,36.75689163314213,30.528493896066262,2.0134407767806635,2.398646371281655,1.670160754757289,29,100,528
6479,28.185142005058783,24.747111933662097,3.7322743713518856,3.2533149080208177,1.6852558860829807,29,101,527
6480,37.35015763097096,31.203754246103966,2.0130995106645164,2.4557130111721626,1.6759541960236346,29,102,526
6481,33.918176877050485,25.88385482750118,3.458234902434346,3.085873016759977,1.691902762803672,29,103,525
6482,37.48126030855565,31.172639449335037,2.0125662318740924,2.323665882820083,1.6627751284599415,29,104,524
6483,34.02461783742734,25.930672938405944,3.470591673949992,3.085547817833448,1.6698813700858874,29,105,523
6484,37.12544389762631,30.96825922704022,2.026718552407948,2.488054079510012,1.6356541649302467,29,106,522
6485,33.243843128574326,25.664791638383633,3.519920481261985,3.127784747719783,1.653178788923012,29,107,521
6486,37.19112571388883,30.821704306343126,2.013261835361458,2.3306937114568003,1.628216485878158,29,108,520
6487,33.44305057974552,25.283565840567434,3.505595601485566,3.117243929319058,1.6513233517581165,29,109,519
6488,37.17642722353301,30.765219721637393,2.0186878439171223,2.389399831578687,1.6218532177008256,29,110,518
6490,27.72567274997729,24.284812232615863,3.813224064272225,3.310232625593158,1.6351353751639037,29,111,517
6492,23.11320544763696,23.048627666451832,4.50882765791034,3.780765305111553,0.03207177871042726,29,112,516
6493,37.11936678632194,30.809988428281613,2.012371641203182,2.4864200723178747,1.6834563147618473,29,113,515
6494,33.74743127597816,25.6746395923991,3.4204960917439764,3.0620726700657723,1.6896981163316933,29,114,514
6495,37.2702464066457,31.03903359070028,2.013097827670719,2.4673631110639858,1.6502758668976973,29,115,513
6496,33.764652265151554,25.705201487299274,3.4802354646382616,3.095946797426005,1.6614331347128928,29,116,512
6497,37.39550861947664,31.04176453157222,2.0125787987088013,2.375173080957567,1.6295643773236799,29,117,511
6498,33.75519710318919,25.584315806002166,3.497315833213884,3.1087396872870987,1.639302130618275,29,118,510
6499,37.378956702246384,30.959784195511766,2.015019692764474,2.371626022111289,1.6084064283058288,29,119,509
6500,33.5686793913933,25.501256299429965,3.518287317913336,3.1241605690632133,1.6285869046544612,29,120,508
6502,37.245718322158105,30.843513277103145,2.020734675534358,2.463955873060647,1.5965167991481333,29,121,507
6504,28.04444077098252,24.494524405493824,3.794915161339253,3.302798463779262,1.6136345517574826,29,122,506
6505,37.21755583353321,30.797157400797865,2.012930230685489,2.475545296633258,1.5899803578780918,29,123,505
6506,33.212369507074,25.3635549759085,3.5534488567829263,3.150893801599478,1.605900308577327,29,124,504
6507,37.56150979821064,30.984434580754094,2.0135210876274656,2.3791563087604626,1.5807091304933907,29,125,503
6508,33.50356450770822,25.4527637681023,3.546162599887281,3.1470765780569647,1.5944294306984284,29,126,502
6509,37.4174791317661,30.967899275139946,2.013049747683001,2.4776158338943337,1.5656426929545386,29,127,501
6510,33.228885984233415,25.391621024053098,3.577567186154941,3.166512576633262,1.579841926266043,29,128,500
6511,37.55101533655474,30.976616345195186,2.01215000710487,2.4205549690097223,1.5568230351065504,29,129,499
6512,33.315055401144605,25.343311446661343,3.5776697673721505,3.165340481652366,1.57359316956628,29,130,498
6514,37.59895044072871,30.89768961926806,2.0124985987201267,2.415388497112405,1.548821221442416,29,131,497
6516,28.065079096779943,24.46304825674001,3.815349390584868,3.3225554783696905,1.5678256893331648,29,132,496
6517,37.48923978216981,30.815688222379325,2.013303363874512,2.3974205597873093,1.548302675903449,29,133,495
6518,33.345546963646505,25.113825678212987,3.5757248902225864,3.1647781328875038,1.5644212484507696,29,134,494
6519,37.37911114363861,30.726188079151118,2.0127782408337165,2.497752653580319,1.5323662866419672,29,135,493
6520,33.029814104311995,25.01841375065976,3.6014884506300264,3.183265533659721,1.5438997094609772,29,136,492
6521,37.559604168615785,30.76818712651005,2.011894643612056,2.3726090777895896,1.5233210513743063,29,137,491
6522,33.03376732958465,25.083400556730766,3.596319247083891,3.1791602068688216,1.5420603872486272,29,138,490
6523,37.61805450748922,30.775415173787835,2.0125266173463885,2.36844257542991,1.5182983603766742,29,139,489
6524,33.20818485101739,25.063963924614146,3.5932804494349058,3.1791792156011787,1.5357254321902498,29,140,488
6526,37.71101994346608,30.761821976538275,2.0121939690963395,2.331968556073514,1.5132332333886733,29,141,487
6528,27.392765467825583,24.01288807372171,3.8578735683871583,3.3326771830478013,1.5256558819522463,29,142,486
6529,37.767989299214086,30.913721930762733,2.0205100517708847,2.4057755306304176,1.5505452618898514,29,143,485
6530,33.77922775093614,25.547225374528853,3.531468356138645,3.1449283444986724,1.5728459661829,29,144,484
6531,37.91919394450186,31.228215653165606,2.0131819742858483,2.4720838848798987,1.5341185197626315,29,145,483
6532,33.74157842610773,25.573544371551275,3.5763495338026696,3.165543841021356,1.5429515341236872,29,146,482
6533,37.99328509003338,31.261679783387308,2.013496073486494,2.342731326096539,1.5182648319863505,29,147,481
6534,33.60485853099364,25.480165728563925,3.572443577923696,3.1676664124058926,1.5395193868077632,29,148,480
6535,37.984838024989045,31.18408593575448,2.0122733205325782,2.4198650452188226,1.5094570857286351,29,149,479
6536,33.54245670906144,25.42239082688843,3.600284252283388,3.179891954236092,1.5276383515754428,29,150,478
6537,37.8288851383529,31.001432353085377,2.013027320256293,2.438879997223475,1.5004254386006994,29,151,477
6539,27.907538462518957,24.406211878601937,3.824584704284191,3.329142315930885,1.5165270688698476,29,152,476
6540,37.844837975501,30.981374033120872,2.012954260463709,2.430465824271706,1.4979242316045518,29,153,475
6541,33.496253713087526,25.261305257060375,3.587166035563876,3.182897165800991,1.513180769071514,29,154,474
6542,37.8984610468502,31.088687926688607,2.012741175686338,2.4907267597860656,1.483978674613362,29,155,473
6543,33.40840537983315,25.442110123070492,3.608196410697763,3.195933755916512,1.5048102940732475,29,156,472
6544,38.27784043980244,31.336420133762665,2.013377348559974,2.367832802864477,1.4853375143148984,29,157,471
6545,33.89025119073222,25.475101660981416,3.590006273756836,3.1808828759301218,1.498849716833529,29,158,470
6546,38.24434303919528,31.225999871035654,2.013211476410487,2.3532703553328904,1.47537035883291,29,159,469
6547,33.67181151242727,25.307439939152406,3.609251462580156,3.188408952508814,1.4905661303932627,29,160,468
6549,38.06956259266949,31.037323488688802,2.014293661039269,2.362897904778893,1.465230346646512,29,161,467
6551,27.841937781961864,24.228766655243138,3.826758296153125,3.330725008639057,1.4867130788099043,29,162,466
6552,37.81744565252647,30.811349225731828,2.013245286480298,2.420200016704328,1.470153969668106,29,163,465
6553,33.364263464126466,24.963204935100002,3.61151990041304,3.193289128864028,1.4812125179995328,29,164,464
6554,37.90256777035479,30.932223179746046,2.0138967840468363,2.472605886588914,1.4530314345800834,29,165,463
6555,33.28018802891137,25.16228062347318,3.635405518453947,3.203524499925966,1.4725402809547632,29,166,462
6556,38.16628336469349,31.215527070380897,2.0132739002306224,2.483165462226557,1.449805864031977,29,167,461
6557,33.54622835649592,25.473037712821245,3.633138654442405,3.204504077613363,1.4664920212205264,29,168,460
6558,38.36789486715962,31.400797084337558,2.0131642650090824,2.434198683008624,1.4461706765957354,29,169,459
6559,33.71876019570778,25.473217443634713,3.628238174046095,3.200904668646634,1.4625415446633654,29,170,458
6561,38.19823604401131,31.259213269721236,2.012453716602352,2.497859027600416,1.4354893038388128,29,171,457
6563,27.32803519924954,24.10483300906097,3.8650101474619176,3.333908101104736,1.4437291044672544,29,172,456
6564,38.09998280757164,31.134701292957466,2.013506755621097,2.374740845794832,1.4874337696713922,29,173,455
6565,33.83835108253136,25.452975839922793,3.560431495545415,3.154978443626896,1.5117652719858652,29,174,454
6566,38.21452378284136,31.246879695988095,2.014872086495032,2.3589340839760866,1.470234223570346,29,175,453
6567,33.89542839693603,25.338235649853683,3.576038569147696,3.1638644830777243,1.489239222628898,29,176,452
6568,37.93969653616424,31.027558674438325,2.012630004080512,2.4413266342198545,1.453522257768359,29,177,451
6569,33.45795823700358,25.051202036186005,3.61234134501153,3.184112183718743,1.4713143863617215,29,178,450
6570,38.06666733482501,30.931917385258963,2.012054810012164,2.311419659807122,1.446146162411028,29,179,449
6571,33.483938310649464,24.857491491420344,3.6063568756853694,3.180685711270606,1.4603866244163892,29,180,448
6572,37.63260475617888,30.667082236656018,2.011816454093025,2.495315923820125,1.4262429879848186,29,181,447
6574,27.37853814906628,24.148700720356665,3.838043940306548,3.331270367633027,1.4450215970313958,29,182,446
6575,38.18223603956323,31.226789107710772,2.0147251295387147,2.4398479869382084,1.4653461068664648,29,183,445
6576,34.022517442059645,25.453269592318446,3.583972565372209,3.1684207940704123,1.4813883756378485,29,184,444
6577,38.3907466519188,31.387733116648285,2.01362953818943,2.376538319699514,1.446160092849652,29,185,443
6578,33.85819366593843,25.57251082982669,3.595672667640784,3.1779730198063016,1.46552305296703,29,186,442
6579,38.51622654624205,31.505666838292886,2.0143431411678145,2.3722299202290382,1.437672085234983,29,187,441
6580,33.96042454054935,25.65567263165318,3.6057009484624816,3.182893386164084,1.459470747304542,29,188,440
6581,38.56612180540248,31.5462258449116,2.013805013275104,2.361475505115684,1.433591276693,29,189,439
6582,33.969053050544986,25.542185816511246,3.60992137696776,3.185888323028725,1.448502497228279,29,190,438
6584,38.5606541602861,31.389977882297476,2.0140103653857677,2.317937855025735,1.4237164086603935,29,191,437
6586,28.14892462736424,24.65390943265731,3.819453299600238,3.3292595706536177,1.4426607118036583,29,192,436
6587,38.53842073636507,31.385433749863733,2.01313706710909,2.3372859753156225,1.4264800412761134,29,193,435
6588,34.023234828513274,25.392539559644987,3.591113925276393,3.1825968886440275,1.4439358101497581,29,194,434
6589,38.548873480234754,31.423707199142058,2.0146560328783325,2.35288102649522,1.4148975484761006,29,195,433
6590,33.87472098316312,25.446963800887378,3.6060623804885976,3.190847485258167,1.4319074746810307,29,196,432
6591,38.45838357496903,31.435368910968148,2.013905602750019,2.4646122144537173,1.4045805842347105,29,197,431
6592,33.628019118131256,25.550044778754145,3.629145287402296,3.2060879874358847,1.4232100492842072,29,198,430
6593,38.54382874673793,31.542375291159843,2.0129862192992305,2.4684655225527004,1.4003968061814789,29,199,429
6594,33.69818797179976,25.560938902561947,3.637912819290177,3.207260088649828,1.4195723891698693,29,200,428
6596,38.650883957434026,31.52669677306915,2.0130373888261315,2.409292353940073,1.3969493734241456,29,201,427
6598,28.15387084563289,24.66855691720926,3.8208384484922937,3.330362021610993,1.4121680658139313,29,202,426
6599,38.45654834997334,31.435921914290375,2.012440412153309,2.477625480372779,1.3959511508685365,29,203,425
6600,33.56071799477596,25.378329503723524,3.6309691484460576,3.2078646709649923,1.4108183090024886,29,204,424
6601,38.6564130442344,31.475238112886494,2.014185743260078,2.335608852853518,1.3887139523557237,29,205,423
6602,33.73187121626518,25.49017676856321,3.614731501348999,3.1975827131925616,1.4108388631122213,29,206,422
6603,38.655587491253975,31.5817445550721,2.014463667770562,2.441999086782534,1.3844153585501675,29,207,421
6604,33.750738523169446,25.519272260346444,3.631913403809718,3.207313652510434,1.4036747495994493,29,208,420
6605,38.6997087046862,31.647958536134297,2.013348921415113,2.465168783147216,1.3790358254456447,29,209,419
6606,33.78172962289607,25.65782286764763,3.6455373738952255,3.210259960268952,1.3958012498657295,29,210,418
6608,38.87481687744787,31.662032275252905,2.013428528654807,2.370892032033162,1.3751421317926003,29,211,417
6610,26.51016632153029,23.343285627002313,3.874364185211413,3.332481557759816,1.3918124982846598,29,212,416
6611,37.36397452607736,30.434500875864142,2.01277944734302,2.461879783248223,1.4715777147850138,29,213,415
6612,33.26311506460614,24.967082308519945,3.5275473531125288,3.1415816755392143,1.4963999449778014,29,214,414
6613,37.88258787662229,31.017997058077018,2.0200047420918392,2.424706636890725,1.4612838576161555,29,215,413
6614,33.62887168983149,25.573348127075526,3.5446829679100693,3.145229166421281,1.4800362519972756,29,216,412
6615,38.15898073660424,31.39483761465523,2.0133646895300226,2.444722297403138,1.4493262652033978,29,217,411
6616,33.71904176342745,25.545704002011487,3.5582225653772324,3.1574167419561268,1.4712337046160169,29,218,410
6617,38.05243159675446,31.24511885640641,2.014594160102108,2.443569395327192,1.4402645289899394,29,219,409
6618,33.54065773317013,25.35196919383656,3.575442597430164,3.165833264534804,1.4578667070232507,29,220,408
6619,37.89096376444466,31.05306925187263,2.012470648259109,2.4666000274194886,1.426028472969103,29,221,407
6621,27.797561801513456,24.306296956106422,3.816270726939115,3.3228211495310784,1.446370963190596,29,222,406
6622,37.81203585126145,30.88589263299332,2.0131822133527364,2.4272514813701016,1.4257777409789862,29,223,405
6623,33.24550252433356,25.04791563153191,3.5802733736761847,3.1767953624021548,1.441536209955388,29,224,404
6624,37.9591954678784,31.053992379018933,2.0130225462243683,2.4762628371779,1.4101827774680211,29,225,403
6625,33.25183568543322,25.39894282334293,3.602019350986794,3.1865279423288704,1.4340089107160339,29,226,402
6626,38.52104349883516,31.492840068071885,2.0189079388265974,2.3607989727330003,1.4140778570334955,29,227,401
6627,33.985445246183865,25.887841606934128,3.573674737571567,3.1734992170073526,1.4316273540977345,29,228,400
6628,38.87868799770175,31.93832684630049,2.012765928007659,2.377011586588198,1.4088090765908405,29,229,399
6629,34.35620577687582,26.10841222140624,3.569944785978592,3.1757345650870934,1.4296202855710727,29,230,398
6631,38.65118899876309,31.74562722135923,2.013042493892728,2.456756319667845,1.3974079439991218,29,231,397
6633,28.353524179601084,24.72407785161255,3.803974140902148,3.330535366669612,1.418468152352364,29,232,396
6634,38.434235278537344,31.31018499405759,2.012206599766764,2.3277314025979847,1.4070684906674908,29,233,395
6635,33.9430389450899,25.23968918098469,3.5726125929378547,3.1756332437306507,1.4223484876496764,29,234,394
6636,38.10387572433,31.127360345471814,2.012141821898546,2.4537913827403948,1.387577630358133,29,235,393
6637,33.446010491152634,24.983659236998836,3.614884836679257,3.1926273733035355,1.4075522516555214,29,236,392
6638,38.12742842632319,30.985550813719595,2.01231372073967,2.3475608877759067,1.383620603376466,29,237,391
6639,33.41426580080105,24.85258610041868,3.605452443306304,3.188456885948682,1.404398347238248,29,238,390
6640,38.03962943213698,30.899653280757406,2.0131811880616888,2.3558347560196564,1.3779510276789997,29,239,389
6641,33.3135615953415,24.773634709858584,3.610029877720881,3.191082078316965,1.3933036371270948,29,240,388
6643,37.85657903247749,30.706123644966482,2.013273464922821,2.379110236294476,1.3656139421993623,29,241,387
6645,26.55517783008312,23.375868750307735,3.874766240393479,3.3305674151316507,1.3817099858159043,29,242,386
6646,37.43017193410286,30.47122187456595,2.013950042532596,2.444740635238248,1.438367058925079,29,243,385
6647,33.17368480164245,24.891081474259465,3.544059628401568,3.1528086511131885,1.4556949972767368,29,244,384
6648,37.8264149292754,30.939221783021114,2.012375320433943,2.431867772331712,1.4179483851373067,29,245,383
6649,33.247864854486515,25.20368568012635,3.5612051488524465,3.1631079548977405,1.4425328794383965,29,246,382
6650,38.08307173716899,31.111640631561894,2.0124205467796688,2.344037291947413,1.4126021706259548,29,247,381
6651,33.59328233807114,25.23904482462839,3.55699093231346,3.155033155693838,1.4341665956259666,29,248,380
6652,37.88279649093536,31.037910219908994,2.0131578787415245,2.456436863057259,1.399782697225631,29,249,379
6653,33.26455936648607,25.133053833512577,3.5887209551282897,3.176948620891282,1.4180012279053804,29,250,378
6654,37.96027066990377,30.967950840538833,2.0123169807019234,2.395547668334432,1.3894342320681143,29,251,377
6656,27.68427144564605,24.147820442416382,3.8193395314988616,3.32078152194539,1.4149902769074356,29,252,376
6657,37.880513353762176,30.93996203578424,2.0152254170182307,2.453674917297921,1.391297952141082,29,253,375
6658,33.198514086152535,25.12735529609495,3.596278814055823,3.186292995555,1.4107101089537488,29,254,374
6659,38.43416278222213,31.295019295352862,2.01421415925087,2.3062728144586413,1.3881539238845826,29,255,373
6660,33.8725684510221,25.6594793246311,3.572776342565241,3.168863204192718,1.4060256058931262,29,256,372
6661,38.847489737859576,31.81846533166901,2.0128415184323125,2.3471092023857154,1.382001788375537,29,257,371
6662,34.158880896905515,26.045548508382414,3.5833326921636672,3.1756695524084324,1.404480668781214,29,258,370
6663,38.80283421497622,32.00067162597675,2.014392678620289,2.4884289104730986,1.3751032644085721,29,259,369
6664,33.94236999274477,26.00215346022804,3.612512571743115,3.1947620970735238,1.389932354497451,29,260,368
6666,38.72699121838442,31.73992229230571,2.012835608795986,2.3992178234155577,1.3635262843350822,29,261,367
6668,28.313325054253596,24.827762393081734,3.821018440638059,3.327416602885117,1.3894152856144089,29,262,366
6669,38.67191958148309,31.52613649688221,2.011864019911752,2.278633888650029,1.3742344162448743,29,263,365
6670,34.01308891174985,25.37597644051525,3.584746455118629,3.1744676224724424,1.3931003529899344,29,264,364
6671,38.371813640118894,31.27624493654335,2.0128686821286053,2.365584676338373,1.3605410437881327,29,265,363
6672,19.02185891684059,11.988576567861957,2.0157846600725544,1.9808329057464715,1.304783389092342,29,266,362
6676,18.304754041202315,12.059863244911188,2.0158554217685096,1.9735558560671436,1.4229899670644315,29,267,361
6678,19.33942752368694,11.967885395858058,2.015745008559969,1.9558143264177168,1.4018079810991912,29,268,360
6680,18.729143210051177,11.985900972885712,2.0158186517663363,1.99748310559266,1.3827713722396666,29,269,359
6682,18.709411575172343,12.004376962205335,2.0154879896693143,1.974695202836088,1.3751271112425396,29,270,358
6684,18.63570596513145,12.133888437168595,2.01514791138818,1.9637397944562875,1.374439021862217,29,271,357
6688,21.292305794774187,12.32708937826574,2.0165720599153336,1.944364958852849,1.386484939015531,29,272,356
6690,21.01159959420005,12.164497494980397,2.0161080991224587,1.9470490842081751,1.3785600644948266,29,273,355
6692,20.939938897683515,12.128732336863894,2.0159395612536084,1.9602813323957715,1.3668370055386134,29,274,354
6694,19.28383683899809,12.245191547318633,2.015751416688318,1.9605995541160255,1.3559428671096,29,275,353
6696,21.101391697483887,12.190916714981144,2.0145490297544875,1.9595048550370973,1.3610916585070052,29,276,352
6700,18.64340722345076,12.163073942837917,2.0175406007257117,1.984585820237712,1.3380544846676785,29,277,351
6702,21.313677971413888,12.292542702117027,2.0152928005596524,1.944670916271544,1.3570045417626837,29,278,350
6704,20.92811979857166,12.129527968970198,2.016114129246863,1.9692766515934297,1.344767103844357,29,279,349
6706,19.930786955410536,12.364595355360214,2.0152155871167707,1.991566826677512,1.3387588972665976,29,280,348
6708,21.0220574646762,12.128324396717016,2.0158432646768185,1.9588680902433293,1.3425960691872048,29,281,347
6712,19.091622529647232,12.302129277138697,2.015297860734077,1.9836880271317603,1.3306276605522696,29,282,346
6714,21.30570494347084,12.366585260617875,2.015387641467015,1.968810244689163,1.3389278295296392,29,283,345
6716,21.06885524244432,12.13341884254367,2.017433515230241,1.940239319338743,1.3343901447238011,29,284,344
6718,19.0403826843671,12.146814956196247,2.016831246534153,1.9763616179319543,1.307950387239224,29,285,343
6720,21.22988294194384,12.493460218119653,2.0149856192697904,1.958878972318411,1.3311162004143413,29,286,342
6724,20.949809700571592,12.212439916474112,2.0155113891751384,1.9866817453254884,1.3563987380089868,29,287,341
6728,20.122996890408825,12.533800131697806,2.0152683941461595,1.960538225019884,1.3577290174725547,29,288,340
6730,20.906313087706064,12.15752125414067,2.0162575030692795,1.9904175883780109,1.3397252870308964,29,289,339
6732,21.20076254299653,12.500489505201012,2.017437032117796,1.9817745728975944,1.3346430926579465,29,290,338
6734,20.01669492389786,12.129752391274424,2.014921575124692,1.9986378497920827,1.311045356854157,29,291,337
6736,21.30088854975241,12.4375808996521,2.0155065877750697,1.9475532037509715,1.3287229613796325,29,292,336
6740,19.859103950325803,12.499986997045514,2.0152751887801044,1.9971786671898824,1.3182085953104712,29,293,335
6742,21.371062787995548,12.407329307373491,2.0172461252654528,1.954304860794578,1.3236451848151811,29,294,334
6744,20.121473725568496,12.12683073125857,2.0162327917586262,1.972812167862101,1.300717948795076,29,295,333
6746,21.375504791399432,12.488226976946088,2.015275118915808,1.9932654775438805,1.3101656303512195,29,296,332
6748,20.75519907919811,12.141455926320956,2.0163318275424214,1.9677305370734943,1.3022578397858695,29,297,331
6752,21.495108529574846,12.395143910298117,2.015461100618231,1.9646771872417268,1.310622255941156,29,298,330
6754,19.650976156235696,12.19451958922961,2.015619248928888,1.9842967959422224,1.2856531145397094,29,299,329
6756,18.85601423191303,12.32467046038635,2.0158297917061314,1.9519786488395736,1.2894201653928952,29,300,328
6758,19.66943680638515,12.456556362135045,2.016194986579563,1.9991200294367053,1.2921902268000987,29,301,327
6760,21.138845685984403,12.493233578273262,2.016217922284512,1.9919158008530224,1.2965201185729267,29,302,326
6764,19.288047919779903,12.497083720348076,2.015859431138657,1.94559141180858,1.2933017270219642,29,303,325
6766,21.3268013324968,12.499664099435382,2.019579743107578,1.974560984027517,1.2959104283026777,29,304,324
6768,20.84260661100648,12.233147481743185,2.016238639458721,1.945088917895143,1.2867706108344272,29,305,323
6770,18.56010936417985,12.380002749755878,2.0172163751638545,1.9541644750198832,1.2741848675749063,29,306,322
6772,21.59240098021019,12.616251645969692,2.016287937204292,1.935548354335742,1.2918594838275668,29,307,321
6776,20.679962323191948,12.829588969895449,2.0155258990014104,1.981406351768184,1.3767640625718185,29,308,320
6780,18.9874805225948,12.58985421750493,2.015457752881536,1.9931418060709156,1.368163555024962,29,309,319
6782,21.621996984314368,12.499581621225966,2.0161593144943324,1.947894370100842,1.3656752474856673,29,310,318
6784,18.973652680872625,12.55044884575378,2.0159544884457428,1.9856387948209864,1.333092294005106,29,311,317
6786,20.978900321002104,12.432369953422185,2.015999719716144,1.949232767477218,1.3306262914886668,29,312,316
6788,21.79016577987201,12.51661002939304,2.016625929850398,1.971670057823583,1.3284161631304032,29,313,315
6792,21.259687238039497,12.386978430486096,2.015107043691624,1.9947630114629613,1.317844758802813,29,314,314
6794,22.11367611975276,12.86442209459833,2.01589697281402,1.93495405419616,1.324881773800472,29,315,313
6796,20.51266351352416,12.452887134609785,2.015193789051477,1.9626921591466933,1.3019861021311216,29,316,312
6798,21.838243278861643,12.717167506079072,2.015263550837058,1.965011869626919,1.3121312176024085,29,317,311
6800,19.19841243068418,12.479976931874727,2.0167120885262446,1.998288646492444,1.2861237748929069,29,318,310
6804,19.94793881732045,12.53086381740867,2.015138320039454,1.987337089818558,1.2889851412238362,29,319,309
6806,22.11167709201849,12.900294389057347,2.017603787583275,1.9333820178355812,1.3089496358359487,29,320,308
6808,6.582625875555882,6.1647589612344875,2.011883291667193,3.8013484699433535,0.0038190292341152812,29,321,307
6809,19.2224107892251,12.46348139823978,2.014141944601924,2.1808531235872497,0.853680937318209,29,322,306
6813,19.13350840101625,13.22908734445715,2.01461726969032,2.1857283549042807,1.2906907627837938,29,323,305
6815,19.246439328077983,12.767949622305693,2.0143625410829222,2.191704472328808,1.2145918469800943,29,324,304
6817,25.274344894624623,14.48548355867213,2.0147009133139475,2.194436684364802,1.508306324019199,29,325,303
6819,17.912726519981458,12.21069483610014,2.0151107748835604,2.1744802077788186,1.1536911197995157,29,326,302
6821,25.399130245059563,14.382852820878863,2.0153415190841444,2.1991956579298835,1.482648760247155,29,327,301
6825,19.95849572800336,12.646539321462496,2.0145865502939007,2.195382286735059,1.1685663377198858,29,328,300
6827,22.3455512044548,13.501798463127008,2.0144164466227608,2.186961493066742,1.3444142849759253,29,329,299
6829,18.346440665576743,12.310686417130766,2.014507087829109,2.1792899341144296,1.1476774971391457,29,330,298
6831,19.776786565302107,12.449589157423155,2.015019913901801,2.1960491387884744,1.1315450119434516,29,331,297
6833,22.520284175103843,13.39260571620204,2.014966759457277,2.1942476804372792,1.3156148434889938,29,332,296
6837,17.54568061289479,12.045245019281868,2.014728010762573,2.1907481286563577,1.1090051031246602,29,333,295
6839,22.730114882559054,14.027143186292392,2.014368961045537,2.185877354823723,1.3596017658762438,29,334,294
6841,17.24230903543893,11.986987916312621,2.014355748891674,2.18549830376202,1.1041274727796881,29,335,293
6843,17.67282228813571,11.961246010798936,2.0146806054764226,2.169486415611112,1.086156900107737,29,336,292
6845,24.83365687277193,14.303923037098802,2.0150473398447923,2.1991609285274296,1.3978731017939616,29,337,291
6849,23.814869897999767,14.014570142346548,2.014525320811098,2.16946894247905,1.3805372080137372,29,338,290
6851,23.28615802177016,13.82742179742786,2.0146338064826703,2.189366386338004,1.3554469396848368,29,339,289
6853,22.857688282463823,13.793181239419976,2.0145545734774464,2.1938108499397133,1.3158056658058905,29,340,288
6855,17.0744400013979,12.006556818172502,2.015071938818325,2.195354018162212,1.0888250759513642,29,341,287
6857,25.034160636506623,14.223331420666247,2.015121108029787,2.1757051329882087,1.377874458824303,29,342,286
6861,23.82931377080337,13.816713741617784,2.013901151718406,2.1816843710356264,1.435383558069097,29,343,285
6865,18.148295901779747,12.297445133045807,2.016096569932816,2.1869057073992466,1.1914479862803085,29,344,284
6867,24.24050410772348,13.917709213674303,2.01701234819005,2.1798631989492883,1.4183429728840846,29,345,283
6869,22.93935470684112,13.738247646589583,2.01436163651519,2.1957368370641035,1.3578652428350733,29,346,282
6871,24.77112444800467,14.021036742212438,2.014438424073582,2.197272162359153,1.3822578875601075,29,347,281
6873,17.39258920543283,11.909908874752377,2.014431202432039,2.186991625035034,1.0908366729920913,29,348,280
6877,18.305747733025576,12.313622257322168,2.013986354296884,2.1839945875783817,1.1149180888425974,29,349,279
6879,19.849601783840107,12.835536006037291,2.014668185258512,2.1974155139704856,1.1674069853456994,29,350,278
6881,23.697887384213885,14.025334270032486,2.014862616769552,2.1944796571193828,1.3559674496453975,29,351,277
6883,17.639370990163055,12.206393799822907,2.014853256042905,2.19582689132158,1.0991471044294159,29,352,276
6885,24.85575941323945,14.157912343382948,2.0149047097695103,2.180729125655269,1.3551861755970607,29,353,275
6889,22.63357359621721,13.877029644763786,2.014435259110157,2.198606902338691,1.3028392602801648,29,354,274
6891,18.24210090664387,12.000734280236426,2.014355978821028,2.178492152794792,1.061375806876651,29,355,273
6893,23.459587106388877,13.961422230756657,2.0147034101308976,2.1931605321338634,1.300970064647823,29,356,272
6895,24.87318926454243,14.14108020855593,2.0139210824745613,2.1971158447610275,1.3248784955383643,29,357,271
6897,22.57895105031832,13.857077682108361,2.014478855847645,2.192446180613871,1.2727029845453994,29,358,270
6901,18.155876160419844,12.299989669041157,2.0139737933023243,2.1750045839249057,1.0711032298539793,29,359,269
6903,24.745737558953422,14.212120623239777,2.014431483451508,2.1906356157422464,1.3285289449563127,29,360,268
6905,20.864500972462256,13.232401754114171,2.018377681782796,2.1969226044699126,1.1659330895579492,29,361,267
6907,18.59367691804772,12.098481296366476,2.0139931249992817,2.188259141429684,1.0372743549302281,29,362,266
6909,24.597212846034733,14.31610663580659,2.014238765879417,2.1682818867328626,1.3229839057541415,29,363,265
6913,24.13178710047615,14.083550544682673,2.014308805131467,2.187733999755357,1.3520790175272668,29,364,264
6917,23.612194914633054,14.07160712441505,2.0138438441231696,2.158914847324055,1.3513214974845595,29,365,263
6919,18.35582339692624,12.23792511997238,2.0139333922350606,2.1913469960772693,1.0956599506374571,29,366,262
6921,24.73342335069987,14.182674582038874,2.014466237816939,2.1887585386046826,1.3405856385522894,29,367,261
6923,24.172566338551658,14.10332308130901,2.0139589410587826,2.198239401427243,1.3173870837850195,29,368,260
6925,23.99040081449467,14.073408640034845,2.0140304829398645,2.1796805503092664,1.2128241384271417,29,369,259
6929,23.497913584081875,14.081056672524559,2.014601101608025,2.1687268442761383,1.361640170030211,29,370,258
6931,22.413638355604547,13.882912785076055,2.0140748044967807,2.191725388766709,1.3272468071647099,29,371,257
6933,23.276288269463745,13.976909425974554,2.014119788854084,2.16190489413124,1.327446199879082,29,372,256
6935,23.166415774259068,14.001484389915577,2.0142173050860928,2.1867699716569766,1.3131375243724945,29,373,255
6937,23.915519230311656,14.093605062402071,2.015149324108691,2.198752976514828,1.3122635479286564,29,374,254
6941,24.7714915843067,14.300275862318225,2.0142477748570418,2.166553275090901,1.3111904849123954,29,375,253
6943,24.68396453173386,14.124062472619881,2.01446153517772,2.197414602671961,1.3031430935950967,29,376,252
6945,19.020363167421827,12.64526098166937,2.0143094298980317,2.1984537160355733,1.0965043953318128,29,377,251
6947,24.13873479197664,14.223331638985794,2.016093932087486,2.1699490089903373,1.30606204498466,29,378,250
6949,24.81564122138252,14.139185148296136,2.014278751068411,2.176887912375456,1.2912825332030649,29,379,249
6953,23.24485824164149,14.087390371698557,2.015356074543067,2.1883883016985664,1.2746456227578968,29,380,248
6955,24.86373425921068,14.202958247128624,2.0143329905022145,2.170115376243027,1.286718889426579,29,381,247
6957,19.187532398616906,12.672879944135305,2.0139655039502675,2.1966197167856167,1.0831426838636595,29,382,246
6959,24.608575630578702,14.267116889972154,2.0144164428749267,2.1844861596911245,1.2882093005626272,29,383,245
6961,18.813867999485478,12.173995572424571,2.0139993110110943,2.1969048206503072,1.0271050988325883,29,384,244
6965,23.94925053538712,14.240824503948053,2.014122151363509,2.189593119391126,1.2862852876140913,29,385,243
6967,24.82147170162433,14.275292993104369,2.0146239260917764,2.1801159908061365,1.274580964550359,29,386,242
6969,18.57811741414672,12.319879487331049,2.0143268562937324,2.1883204645817864,1.0420012333324653,29,387,241
6971,22.523812738647745,14.017340985088923,2.015447318773766,2.176027126654838,1.2635172385348699,29,388,240
6973,24.88527095803529,14.309673058312118,2.016007641646079,2.192431157609426,1.2661429800990698,29,389,239
6977,24.49535100296176,14.20580721645281,2.013710590988413,2.165885100454371,1.2772557133675067,29,390,238
6981,24.79248513927076,14.343325580342825,2.014086384956398,2.1973597496316057,1.285440827721921,29,391,237
6983,19.41886177632084,12.52113276136492,2.013579783626152,2.1972629267290893,1.065139628258106,29,392,236
6985,24.843161021240142,14.320010513448283,2.0145269757019744,2.198752877987022,1.2824369155000885,29,393,235
6987,22.81807409211731,13.817833063271001,2.013833114751838,2.198603650230703,1.2246427622428822,29,394,234
6989,24.58129890321389,14.23049295284562,2.0142375375887425,2.1805571893421827,1.2626181358438846,29,395,233
6993,24.65462709285521,14.343710795679344,2.014518531839137,2.174201624293327,1.258780568323878,29,396,232
6995,24.667711168999983,14.146643227132303,2.014683733517366,2.1705705059131044,1.2571122915472148,29,397,231
6997,21.67226159753115,13.55224741011707,2.0176843567914893,2.196118065671102,1.1646370846906784,29,398,230
6999,24.96144413226689,14.28080189135689,2.01440809078633,2.184361072149743,1.2501132106607002,29,399,229
7001,19.86209455847644,12.92628985289928,2.01555396881296,2.193007424689509,1.082158500761062,29,400,228
7005,24.813991518744384,14.22945813956484,2.0138149794596263,2.168539148301184,1.2572575244187976,29,401,227
7007,22.3422759308799,13.889055949262897,2.0144066602582416,2.1987726546793334,1.2042919689776068,29,402,226
7009,23.389616432610406,14.09831645395676,2.0144189721619354,2.1680465237840907,1.2358747213454828,29,403,225
7011,24.437246414395887,14.205610727972747,2.0141152321395848,2.1849035687167166,1.238446347388942,29,404,224
7013,24.61732308170388,14.199988460708054,2.0141663967491747,2.1788266272471644,1.2357881786213012,29,405,223
7017,24.271941214408503,14.288204303284642,2.0132527178328865,2.173598497548058,1.2321945747488523,29,406,222
7019,24.804728027574093,14.208858242752529,2.0141620392272914,2.171024131749843,1.2347651498405736,29,407,221
7021,19.87934804833635,12.936183613815922,2.0142693231407978,2.193241046616703,1.069383696021107,29,408,220
7023,23.51552492010551,14.08418288760077,2.0151269835079497,2.1928820402300686,1.2271169188694577,29,409,219
7025,24.913142338885027,14.275903069670573,2.0142021506611645,2.1802092140590776,1.2289161215409417,29,410,218
7029,23.80380834532953,14.30665353308513,2.014661709338553,2.1788337133933458,1.2723735149223567,29,411,217
7033,23.08245417914552,13.97058204189835,2.013850378393117,2.1830841723157457,1.292007282371676,29,412,216
7035,23.778234573688007,13.799155081842601,2.01445536812595,2.1910520386239125,1.2747428202473967,29,413,215
7037,23.05943482945761,13.85337076803369,2.0139766427208468,2.199607761547385,1.2562725486088924,29,414,214
7039,22.244929264861582,13.514874679422098,2.013905512810969,2.199124134730816,1.203060658578239,29,415,213
7041,23.801178997375885,13.789537640473576,2.013316103545993,2.187300234238766,1.2438288431986466,29,416,212
7045,20.129283300775896,12.632160467633849,2.013953855353921,2.1979569345819563,1.0737094307230908,29,417,211
7047,24.104183465359974,14.133236180004296,2.014814424140281,2.1932450152273764,1.2476638932740216,29,418,210
7049,21.124822433154826,13.44514404240349,2.0136887102362766,2.188819744044954,1.18037624705089,29,419,209
7051,24.038373358435607,13.90645728525564,2.014227701858619,2.1933054601044173,1.2267905536885066,29,420,208
7053,22.33379539164456,13.600457924373249,2.014321523108064,2.1984194356911515,1.2007499831569775,29,421,207
7057,21.7292466341309,13.622342114819537,2.014990295943545,2.197124548478272,1.18784293513075,29,422,206
7059,24.067733333922256,14.071709155413798,2.014705651659665,2.1601370672426743,1.2232783619902203,29,423,205
7061,6.383481120383388,6.019953177795341,2.01259368265579,3.83839582745546,0.0038187345159780175,29,424,204
7062,15.737541036017063,9.97935642991351,1.998659884695217,2.689656173110366,0.7886169819899577,29,425,203
7066,14.09017680302044,11.067443145348815,1.9959503490046475,2.686775295531401,1.3472175816638756,29,426,202
7068,14.9073664521439,10.889462468094056,1.996169566048845,2.698313212370538,1.3203915580249885,29,427,201
7070,14.04619289990165,10.764459531712715,1.996337766770787,2.692589583576849,1.3001952596272803,29,428,200
7072,14.458798502682042,10.65574896441831,1.9969110305254825,2.6980823652266586,1.266927141883048,29,429,199
7074,13.79068771013097,10.604398240583924,1.9971248669228028,2.699291592092144,1.2618331634058366,29,430,198
7078,14.881216824496482,10.747618198190096,1.997374519568108,2.6902918098264004,1.283532605804231,29,431,197
7080,14.283153326557814,10.642275000961929,1.9974455810197207,2.6937716432028966,1.260114372793794,29,432,196
7082,13.24625881226546,10.449432487805073,1.997549921598698,2.6912557599593363,1.2257400810093058,29,433,195
7084,14.784638313108044,10.535109718676143,1.9978221218978045,2.698815560187372,1.2323288835889632,29,434,194
7086,13.967206000860529,10.596589405147556,1.9994834284107947,2.698364593875605,1.230465515611015,29,435,193
7090,14.10183741263998,10.518875176620943,1.9966769679348089,2.690491235069901,1.216440924784342,29,436,192
7092,15.014735099158155,10.55326910161315,1.9987446420077768,2.695326027100301,1.2331932274809596,29,437,191
7094,13.814334631047265,10.414707663905276,1.996670402669732,2.69100578312218,1.195827020021344,29,438,190
7096,14.16755708920704,10.394183210718758,1.997770382383616,2.6980104623652483,1.1898183740417305,29,439,189
7098,14.498480751440637,10.441904510807989,1.996548124766132,2.6918100210263542,1.1945050905457473,29,440,188
7102,14.957470899011565,10.556505695788386,1.9978026678137104,2.6994455277907243,1.217229943600497,29,441,187
7104,15.001521036754518,10.536326582207261,1.9976555316387103,2.6974370448855804,1.21249693165204,29,442,186
7106,14.338173356663557,10.495199596430949,1.9970386663902504,2.687185471488668,1.2101782965911454,29,443,185
7108,13.436612124692124,10.301909086360435,1.9977714431306908,2.687470388534462,1.1661479161921182,29,444,184
7110,14.639269846531356,10.453998023862313,1.9978617916136057,2.699656546174108,1.1819785145620385,29,445,183
7114,13.577353530338334,10.390292640584766,1.9980492124102964,2.6854368250416094,1.2975743057559306,29,446,182
7118,13.568274326866668,10.29031089579849,1.9972356722093,2.690427787524509,1.2634498564001904,29,447,181
7120,13.222923404873027,10.263087503889402,1.9980211141662236,2.6939728433831345,1.2439919513760005,29,448,180
7122,14.117236767649958,10.400005286038285,1.9972921065349984,2.6814059367851253,1.255342755211891,29,449,179
7124,14.72590749283402,10.409833153074386,1.99764011344434,2.695307365997281,1.23105719863958,29,450,178
7126,13.782905674311683,10.249617197163523,1.9963245471931028,2.687952325629709,1.1949578490296753,29,451,177
7130,13.53465268656202,10.237028804942252,1.9964370552261024,2.696650296000414,1.1890794145206542,29,452,176
7132,12.997563677985069,10.198234922837491,1.9977877783000189,2.683210476599473,1.1873560841288477,29,453,175
7134,14.9075480868495,10.430944576015767,1.9977122672890133,2.6972876615572554,1.2091881037488084,29,454,174
7136,13.20576446654183,10.139534423823738,1.9993057278946789,2.683737907365728,1.1687330605791286,29,455,173
7138,14.51158708545384,10.308440154694576,1.997237284045861,2.69363443342256,1.1822177227466202,29,456,172
7142,14.30233008977442,10.36840954285901,1.997516578108804,2.6943722854819816,1.2044887354096327,29,457,171
7144,14.15321706372225,10.204673365751807,1.9971577867500607,2.688897787724772,1.168898565493005,29,458,170
7146,13.855287867564956,10.315613775538878,1.998331732478157,2.6882331708894665,1.1835365760317216,29,459,169
7148,14.492855960891132,10.276786926763112,1.9970287986633808,2.689459077872609,1.1690826629759847,29,460,168
7150,14.065463723343733,10.32641766409495,1.9978411043695117,2.6894641263415138,1.1796220531683113,29,461,167
7154,13.412858944276625,10.173012177291527,1.996969373310469,2.6842747820981163,1.149217228825393,29,462,166
7156,14.60610388019012,10.359918034435648,1.9983414092740528,2.6890536637756743,1.1708580640481263,29,463,165
7158,13.208123302069437,10.160882493726476,1.9966505293094987,2.697570405713833,1.1489578943598713,29,464,164
7160,14.33986737197622,10.194404833993097,1.9978856754777936,2.6861014784430512,1.1477166747944,29,465,163
7162,14.869194370874,10.45640074188921,1.9982856792977777,2.6984158813975863,1.163847366638614,29,466,162
7166,14.255223899564948,10.313619268601707,1.997330304637193,2.6966170938157865,1.2304865759611603,29,467,161
7170,15.145967765545794,10.450923975542697,1.998225530162105,2.6938401614375964,1.2487752258611253,29,468,160
7172,13.36575567843813,10.066401247840554,1.9969891662839132,2.694145271746648,1.175622868640988,29,469,159
7174,14.761564527480054,10.43749851062521,1.997363772478968,2.6949310922042096,1.19870612088467,29,470,158
7176,14.927522519928406,10.413907415221043,1.99808080514684,2.698968781686075,1.1952914438557598,29,471,157
7178,15.38684146714604,10.513733364328893,1.9983807330397183,2.69347301500386,1.2327984436879489,29,472,156
7182,15.06186195706642,10.477654553290117,1.99817268738769,2.6975073541494394,1.2806501183812946,29,473,155
7184,14.19417584217932,10.31728183321325,1.997470740297483,2.68847764541694,1.246606400139365,29,474,154
7186,14.670219241896357,10.380685727786513,1.9980970694464453,2.695809647268888,1.234038714703989,29,475,153
7188,14.756439650219583,10.36448134266215,1.997256112978706,2.6988862295180773,1.2195003191655662,29,476,152
7190,15.074941469247385,10.418606978035179,1.9977292149583488,2.6881817818985594,1.2121068584446437,29,477,151
7194,14.772345213065618,10.467474839092922,1.9968867131079735,2.693866336049454,1.1978950105328952,29,478,150
7196,14.624267787138264,10.24758606535621,1.9974954691900964,2.692863343941837,1.1767499105534622,29,479,149
7198,12.974017575008304,10.06027633089391,1.9970688320372325,2.6912645328393867,1.1438318230834201,29,480,148
7200,14.962343761280408,10.46181981941412,1.9973808016244436,2.6880196285337377,1.1854888770377667,29,481,147
7202,14.288936379622092,10.21776828052081,1.9972649359124228,2.6997902360046213,1.1513998316988343,29,482,146
7206,14.731654795183925,10.382854030148234,1.99737218946031,2.6973629105606647,1.185853393278449,29,483,145
7208,14.530184451529058,10.344585715881983,1.9971710052373428,2.691300691707842,1.1585600917144168,29,484,144
7210,12.920963346782584,10.028217431506214,1.9985618755593448,2.689936372979849,1.1251327073000477,29,485,143
7212,14.975497658516607,10.497532395250285,1.9981998904229497,2.6913240152919484,1.1660353526579699,29,486,142
7214,14.006665059857031,10.078456668334661,1.996923639616402,2.686923064348457,1.1281593745475655,29,487,141
7218,15.065495014920012,10.437586290235986,1.9980323886030191,2.6874437664677444,1.1698464384009257,29,488,140
7220,14.438517748547325,10.327680053270171,1.998026842266808,2.699800435335948,1.1380772848008611,29,489,139
7222,13.194289211464437,9.931318938388468,1.9970444217112648,2.697960709571132,1.1046858901033865,29,490,138
7224,14.482501609291248,10.341385046767083,1.9970743538086635,2.6834783907862354,1.1594692210889597,29,491,137
7226,14.720749328790644,10.494744894336083,1.9974408693161616,2.699619006890264,1.1419880297861587,29,492,136
7230,14.529077890794348,10.206418347273608,1.9965313509817573,2.689809371052332,1.1791608941977283,29,493,135
7234,15.244128605525711,10.592911474763564,1.9980007270295648,2.688916524535636,1.200367310042243,29,494,134
7236,13.512900564234096,9.984423245892257,1.9963931274279252,2.698695743312111,1.1303033000427112,29,495,133
7238,14.862132323599852,10.532756069231716,1.9973201800320188,2.697889593175275,1.1635689646258394,29,496,132
7240,13.378405270944848,10.144690849516095,1.9964731697990847,2.695993320018532,1.1396150324433647,29,497,131
7242,14.806201026240291,10.418716582380117,1.9984147436126416,2.6955474945092024,1.1432007694237891,29,498,130
7246,15.144104218787898,10.532972017810645,1.997322036385649,2.699727848412594,1.1594729620124093,29,499,129
7248,14.39832488350013,10.294250246042282,1.9984597486368607,2.695330424081241,1.1303653627007642,29,500,128
7250,13.069857113335043,10.050387765399135,1.9966874158615944,2.6854130230502054,1.1202166399613023,29,501,127
7252,14.625776758086843,10.472005861254317,1.996813128658143,2.690400334997493,1.1365870077326259,29,502,126
7254,12.585237711150564,9.909401931448466,1.996118783382572,2.6887925590382147,1.092968243391782,29,503,125
7258,14.409091639662265,10.242760595982558,1.9966626412426896,2.6988640537115023,1.115630087024441,29,504,124
7260,13.639615611059916,10.216290881964335,1.9961541065626969,2.680924614006194,1.1315316272589488,29,505,123
7262,14.880692487289394,10.357968672788795,1.996805159927613,2.689418119708915,1.142192268576,29,506,122
7264,14.94384328293818,10.4126408516178,1.9972871538382808,2.6980519577561664,1.1306816558197126,29,507,121
7266,14.50969090814752,10.355563284677743,1.9961673384143368,2.690667005796631,1.1137230152569517,29,508,120
7270,15.062267575750978,10.41665753464741,1.9977234858011128,2.690672584400043,1.1379777675331497,29,509,119
7272,14.468947045350122,10.301294534772044,1.9961257474747869,2.689574754055628,1.1120316670415413,29,510,118
7274,12.508239840028546,9.91165771895873,1.9962061010235703,2.6850453196446677,1.080495665584499,29,511,117
7276,14.887028438704052,10.349022787330426,1.997069949040176,2.68848533115398,1.1319565544997938,29,512,116
7278,14.643769942307395,10.403963430415772,1.9963789398934428,2.695941959305812,1.1103244882131957,29,513,115
7282,15.536147821768504,10.672589964446292,1.996869636138654,2.6936113374580533,1.2751934441351407,29,514,114
7286,14.710321906861784,10.38887188704922,1.9961823426458585,2.6975058053441106,1.2451501150956372,29,515,113
7288,14.282705134297458,10.084749408390376,1.9964302092493789,2.699681085693745,1.1783160668327355,29,516,112
7290,14.735427526864724,10.365887906876877,1.997779900696868,2.6932891744671807,1.2025577120028343,29,517,111
7292,12.986214565204865,10.019608551209917,1.9975262926757336,2.680335373836448,1.149764252514,29,518,110
7294,14.020906563644123,10.060030313914343,1.997646005572408,2.695500756668203,1.1328888711595937,29,519,109
7298,13.158594712143495,9.894806886286887,1.9965283091685109,2.6916361141573137,1.1140658072264367,29,520,108
7300,14.942021026324584,10.535153782453834,1.997780645919671,2.6977127849492053,1.1576036692809815,29,521,107
7302,13.316711053744784,10.116013026114192,1.99655615549846,2.687276744661873,1.1339047313818078,29,522,106
7304,14.61281089291766,10.332244370257053,1.9963875537113744,2.6980124491519586,1.1295847587889543,29,523,105
7306,14.205466297575018,10.278021353580035,1.9966683821433664,2.6927360739353285,1.1466741165064347,29,524,104
7310,13.862516639323273,10.263503141787313,1.9964442856948763,2.6899104032044447,1.1409949221930153,29,525,103
7312,14.899199505524647,10.452748281670244,1.9969949900194384,2.6950189281281465,1.1327946389542145,29,526,102
7314,18.02446981350722,11.879033293126687,1.990840186664541,2.493079498483449,0.8546396998483863,29,527,101
7318,16.633080095446793,12.415262417855027,1.9904809087057087,2.480538609588174,1.370598821086628,29,528,100
7320,18.02222405324747,12.360226804144617,1.99068249202928,2.48985034932468,1.3330239869633367,29,529,99
7322,16.276920867509258,12.182802262813878,1.9912233324564588,2.485404008194569,1.3024358654701338,29,530,98
7324,17.386184005164274,11.995175259559732,1.9905957922031048,2.484071154442301,1.2579151970994988,29,531,97
7326,16.287370504806514,12.015852590858461,1.9916252726422965,2.481388096934316,1.2533528535585932,29,532,96
7330,18.76540773861097,12.31051634460958,1.9907997928291328,2.4857750442530606,1.2635823064069476,29,533,95
7332,17.743208793113464,12.203269426883178,1.9913346793894355,2.4898705968582,1.240389513090312,29,534,94
7334,16.27240932778339,11.974188885781311,1.9910133759936124,2.486378896244576,1.205607646309728,29,535,93
7336,18.496064110315466,12.146032186206996,1.991488728701696,2.484196378836121,1.2064830300941578,29,536,92
7338,17.233592924973692,12.075029193191549,1.990666668360672,2.488899766066993,1.2048832067825381,29,537,91
7342,17.25233196126928,11.953480850146518,1.9902971005145704,2.4856427415338582,1.1793187007864074,29,538,90
7344,18.84637103862602,12.091243346975185,1.990731521433284,2.4945204316368925,1.196448499356463,29,539,89
7346,16.69866695291335,11.84145066042513,1.991422567659727,2.489824423973652,1.1584488292094126,29,540,88
7348,17.281200338137296,11.855003538549179,1.9907556302335792,2.4929609831648176,1.152295499839784,29,541,87
7350,17.87487048558903,11.91733362745109,1.991522785179081,2.4987737122938984,1.1518325886271168,29,542,86
7354,18.56561933924195,12.135031767584422,1.9908882502143304,2.4960528571959832,1.1799184649234333,29,543,85
7356,18.731388722663795,12.085534035682384,1.9907992030652175,2.4950345179419164,1.1742403734032962,29,544,84
7358,18.85911132920102,12.035133443915594,1.9911585440753383,2.499203075422064,1.1724165953128738,29,545,83
7360,16.474886676905992,11.694010522378294,2.0081513637326145,2.4858947643408493,1.1161547731167745,29,546,82
7362,18.429839421941317,12.02595112446758,1.990451483901724,2.490219926603604,1.1497096325977914,29,547,81
7366,16.79121110894689,11.847288624466861,1.9908816662096405,2.49591717391522,1.2474414350084586,29,548,80
7370,16.558207457541112,11.64238700767333,1.991512324127019,2.493901769830843,1.2125756763515576,29,549,79
7372,16.176716026227933,11.772012658338625,1.991058496787956,2.490665842720209,1.211272640627052,29,550,78
7374,18.28920429337146,11.983454214473863,1.9907463266064145,2.491266216084571,1.2224065202671022,29,551,77
7376,18.65863623047158,11.908597488676612,1.9907919913750125,2.492760704750605,1.1921245523414947,29,552,76
7378,16.83473057053666,11.5894392622721,1.991007869042188,2.486626233949432,1.149416602807495,29,553,75
7382,16.756789919207705,11.629714317449922,1.990345948099886,2.495104294734825,1.149514577285068,29,554,74
7384,16.24699765148442,11.647248561632294,1.991281599746559,2.487763139286609,1.153680244946512,29,555,73
7386,19.129984857149815,12.022205345514335,1.9916328373941732,2.497867584305148,1.1817398578235012,29,556,72
7388,16.36765160927189,11.542224902228241,1.9905681770945949,2.482550786926367,1.1346663539922792,29,557,71
7390,18.15665009637772,11.825965633220362,1.990833007177876,2.498794021092515,1.1486976322284472,29,558,70
7394,18.80550760238104,12.03863906152037,1.990852926244492,2.4986675609061084,1.1890928509365486,29,559,69
7396,17.559578387097904,11.59317451081218,1.990543780937116,2.495967983888696,1.1284915098552195,29,560,68
7398,17.467083355342886,11.873598601586018,1.9908289073916383,2.494521891499824,1.1619369127812629,29,561,67
7400,18.49462899513655,11.809310238880515,1.99092503062938,2.4940939052144744,1.14138861701107,29,562,66
7402,17.91164881741511,11.933034010302555,1.990154379954445,2.488192777263103,1.164094478170567,29,563,65
7406,16.71929796179109,11.53732922797716,1.9913019551390152,2.483590427491968,1.114603848110904,29,564,64
7408,18.743872075423457,11.942237573488166,1.9913493608624204,2.494836964233761,1.1489501267725704,29,565,63
7410,16.07532193134441,11.654440484569944,1.9913634315445172,2.495294559262084,1.1270412710093836,29,566,62
7412,18.1055360480279,11.722702041818202,1.9918655941270955,2.493930027919102,1.1191819804264524,29,567,61
7414,19.22539590220654,12.139105911879911,1.9909179006012367,2.4968794236107965,1.1542453729514361,29,568,60
7418,17.79698901775945,11.725785170275977,1.9901698852064904,2.4980844986118784,1.1767375408566008,29,569,59
7422,19.90310164984231,12.14093273670559,1.9895632028305583,2.497690135885909,1.232415931085122,29,570,58
7424,16.28428434167548,11.32244979928203,1.9901409410080384,2.495812780943487,1.1273578119411,29,571,57
7426,18.858200111612096,11.899725740614361,1.990707591128993,2.497968365806555,1.169861091778388,29,572,56
7428,19.26539604228336,11.9698483506891,1.990485251168809,2.494850314865808,1.1729257746082176,29,573,55
7430,19.91574517945343,11.944879920447905,1.9905983386514208,2.497025585392751,1.2170243247102082,29,574,54
7434,19.74476118019262,12.028925123088163,1.9908092541495772,2.497531566741249,1.252512803130611,29,575,53
7436,18.239458117812696,11.71503135296823,1.9908548428883857,2.4925446639956585,1.212319881499782,29,576,52
7438,19.14324542302631,11.810607676487715,1.9913602598228903,2.497355535023157,1.199614397777795,29,577,51
7440,18.957146305546704,11.765625767571137,1.9907888064016417,2.496005450177785,1.1851002515094855,29,578,50
7442,18.569611226697237,11.666664960009529,1.990266430302993,2.4945789390502733,1.165079578129427,29,579,49
7446,18.389604150481876,11.708939176253061,1.991098985092008,2.497451626540361,1.1571088282186115,29,580,48
7448,17.859841515218953,11.450092345609722,1.9906339241312176,2.494771530909891,1.1296712919812857,29,581,47
7450,15.816276936907297,11.131625464424475,1.990683911752466,2.4850759949386982,1.102516917510328,29,582,46
7452,18.755426828419857,11.738832332367679,1.9905747713276665,2.4972833794296387,1.144224849721196,29,583,45
7454,17.253309886018204,11.33070420089266,1.9902463993398891,2.4994934553850463,1.103920649806636,29,584,44
7458,19.044660235871767,11.71743632355557,1.990571689998828,2.496397324750552,1.1634798780145224,29,585,43
7460,17.632782962314124,11.448023523006356,1.992243974592476,2.498591356778633,1.1107117789521184,29,586,42
7462,15.652866929465386,11.113362092407373,1.9907853647960991,2.4793908002585576,1.0896007840927584,29,587,41
7464,18.851175405607997,11.759912549960136,1.9905834799687467,2.495919101086891,1.137200400733488,29,588,40
7466,16.682382112943166,11.095152329208846,1.9921786004311488,2.487748902505861,1.079348438339407,29,589,39
7470,19.331265935552995,11.855416870953553,1.989844699379149,2.496210707787105,1.1535846720459404,29,590,38
7472,17.796486773673443,11.501464461877692,1.9901768106891888,2.499306018937951,1.1022462685689918,29,591,37
7474,15.641866781260571,10.922543090852551,1.990803712367652,2.495131192399576,1.0620544799604714,29,592,36
7476,18.47501778028561,11.679121657086682,1.9894496431673536,2.498865224973231,1.136582157657598,29,593,35
7478,18.598567041058164,11.716719550648065,1.990447808855782,2.499842473941914,1.1192359681704271,29,594,34
7482,17.70296113245331,11.332026451776493,1.9897273979460817,2.4984245148092805,1.1233896723864294,29,595,33
7486,19.648490501323845,11.967823512320054,1.990141425142264,2.498165502515704,1.190279704018543,29,596,32
7488,16.178060673787062,11.01544977025214,1.989425250782484,2.4838403700559373,1.0862055181425403,29,597,31
7490,18.88644438182567,11.818028778074435,1.990115909060455,2.4989275943849365,1.1404139173501489,29,598,30
7492,16.020151248713987,11.295282200562326,1.9926058063871197,2.497716849078165,1.1099628214883923,29,599,29
7494,18.292174814306744,11.589249198689654,1.990141813358955,2.497475666164784,1.1133549236419034,29,600,28
7498,19.26049129848449,11.857143843844957,1.989834931537412,2.499631738732727,1.1494597376931515,29,601,27
7500,17.24384546974176,11.276289724634314,1.9899806169770808,2.499611198369732,1.0870193922138798,29,602,26
7502,15.900824096276386,11.220787392479364,1.9903659110556824,2.4972946109355068,1.0901509094126038,29,603,25
7504,18.94850032004803,11.759447806620914,1.9909373483293216,2.4950143445404667,1.119840038410174,29,604,24
7506,14.95747625778177,10.988248985047367,1.990502094790344,2.496127080556164,1.0627472489691523,29,605,23
7510,17.70459844093717,11.355681286808547,1.989645979871128,2.498292598142556,1.0854144454706007,29,606,22
7512,16.746714545942115,11.443287391092776,1.9914645709614995,2.4995493131113817,1.1080310166223117,29,607,21
7514,19.20127329879016,11.785825239943042,1.9904890532016013,2.4954991257797223,1.1456594129691742,29,608,20
7516,18.921215014535083,11.72640480534808,1.9905162279081985,2.495394779769103,1.1274468982743664,29,609,19
7518,17.83845317353606,11.472788708066494,1.9908925129030703,2.4987692806726884,1.0901750829780321,29,610,18
7522,19.413252469388496,11.802235485150675,1.9908017427512696,2.4984561833393784,1.1417253515063153,29,611,17
7524,17.555469742468727,11.363194027921853,1.9912354426427308,2.495225392424711,1.081472464335453,29,612,16
7526,15.18160164516741,10.949818258159802,1.990118242201512,2.48261274521935,1.056626574116935,29,613,15
7528,19.119001932657707,11.706437723845246,1.990653705320796,2.497894652809196,1.1356995606220954,29,614,14
7530,18.259385299695204,11.583533228310797,1.9910685168887925,2.498867447840723,1.1001373804228085,29,615,13
7534,20.334330441428275,11.961499960858754,1.9898551893530096,2.49494387511604,1.2924559402658657,29,616,12
7538,18.82433959610769,11.522596039987194,1.989802834953792,2.499224528115884,1.227654363275862,29,617,11
7540,16.215064274032724,10.721858182752005,1.990332615385347,2.492495487385769,1.1052414113167344,29,618,10
7542,18.624861324787787,11.411543894379703,1.9905492967668528,2.495661665849974,1.1781070630801729,29,619,9
7544,15.137573162785118,10.810513729948518,1.98999253160494,2.498900329146198,1.104526766968203,29,620,8
7546,16.113386903826303,10.714176302518482,1.9901197988107224,2.489889091081545,1.073471158493203,29,621,7
7550,14.51027225857862,10.478734086554464,1.9897475031713527,2.498768290819146,1.054013889246644,29,622,6
7552,18.79688115527297,11.577446477629389,1.9897262444197572,2.4975933279193185,1.1470906577305813,29,623,5
7554,15.51511607516065,10.889278314878903,1.9919373010273944,2.495932540383024,1.095211218343329,29,624,4
7556,17.410882869971065,11.125862267460422,1.9911024104896389,2.493973960448579,1.090891824548614,29,625,3
7558,17.541633082707207,11.180258248103398,1.9901681479381788,2.4945849403498523,1.122088859209598,29,626,2
7562,16.68412644043965,11.102809730123198,1.9909302972480336,2.4970956728658367,1.109061628024973,29,627,1
7564,18.127312484256297,11.41292758502581,1.9899104414591309,2.496842059818817,1.1080003692654639,29,628,0
